fecha,hora,instrumento,precio,tir,nominal,contravalor
2025-12-01,09:25:16,TFIT05220829,97.007,12.000,5000000000,5002540000
2025-12-01,09:25:17,TFIT23250746,89.646,12.935,5000000000,4685520000
2025-12-01,09:25:17,TFIT23250746,89.627,12.938,5000000000,4684570000
2025-12-01,09:25:17,TFIT23250746,89.619,12.939,5000000000,4684170000
2025-12-01,09:25:34,TFIT05220829,96.922,12.030,10000000000,9996580000
2025-12-01,09:45:54,TFIT05220829,97.027,11.993,3000000000,3002124000
2025-12-01,09:45:54,TFIT05220829,97.032,11.991,5000000000,5003790000
2025-12-01,09:45:54,TFIT05220829,97.032,11.991,5000000000,5003790000
2025-12-01,09:45:54,TFIT05220829,97.032,11.991,5000000000,5003790000
2025-12-01,09:45:54,TFIT05220829,97.035,11.990,5000000000,5003940000
2025-12-01,09:45:54,TFIT05220829,97.035,11.990,5000000000,5003940000
2025-12-01,09:45:55,TFIT05220829,97.035,11.990,5000000000,5003940000
2025-12-01,09:46:02,TFIT05220829,97.047,11.986,1000000000,1000908000
2025-12-01,09:46:02,TFIT05220829,97.047,11.986,4000000000,4003632000
2025-12-01,09:46:02,TFIT05220829,97.055,11.983,1000000000,1000988000
2025-12-01,09:46:15,TFIT16280428,89.456,11.201,1000000000,930231000
2025-12-01,10:02:55,TFIT11240135,94.703,12.746,5000000000,5235730000
2025-12-01,10:02:55,TFIT11240135,94.712,12.744,10000000000,10472360000
2025-12-01,10:02:55,TFIT11240135,94.713,12.744,5000000000,5236230000
2025-12-01,10:03:01,TFIT11240135,94.715,12.743,5000000000,5236330000
2025-12-01,10:03:01,TFIT11240135,94.715,12.743,5000000000,5236330000
2025-12-01,10:03:02,TFIT11240135,94.716,12.743,5000000000,5236380000
2025-12-01,10:03:02,TFIT11240135,94.716,12.743,5000000000,5236380000
2025-12-01,10:03:07,TFIT16281140,99.374,12.845,5000000000,4973940000
2025-12-01,10:03:07,TFIT16281140,99.380,12.844,5000000000,4974240000
2025-12-01,10:03:21,TFIT16281140,99.439,12.835,5000000000,4977190000
2025-12-01,10:03:22,TFIT16281140,99.446,12.834,5000000000,4977540000
2025-12-01,10:03:24,TFIT16090736,64.132,12.529,5000000000,3330745000
2025-12-01,10:04:25,TFIT34130358,93.320,12.857,5000000000,5098330000
2025-12-01,10:07:30,TFIT31261050,59.620,12.619,5000000000,3016755000
2025-12-01,10:07:48,TFIT31261050,59.625,12.618,2000000000,1206802000
2025-12-01,10:07:48,TFIT16181034,72.923,12.450,5000000000,3689850000
2025-12-01,10:07:54,TFIT16281140,99.413,12.839,5000000000,4975890000
2025-12-01,10:07:56,TFIT16281140,99.419,12.838,5000000000,4976190000
2025-12-01,10:09:04,TFIT05220829,97.035,11.990,2000000000,2001576000
2025-12-01,10:14:58,TFIT23250746,90.070,12.870,4000000000,3765376000
2025-12-01,10:15:04,TFIT23250746,90.070,12.870,1000000000,941344000
2025-12-01,10:15:05,TFIT05220829,97.035,11.990,1000000000,1000788000
2025-12-01,10:16:24,TFIT31261050,59.635,12.616,5000000000,3017505000
2025-12-01,10:16:29,TFIT16281140,99.431,12.836,5000000000,4976790000
2025-12-01,10:16:39,TFIT31261050,59.683,12.606,5000000000,3019905000
2025-12-01,10:20:10,TFIT16180930,84.615,12.147,1000000000,861862000
2025-12-01,10:21:02,TFIT05220829,97.032,11.991,1000000000,1000758000
2025-12-01,10:21:02,TFIT05220829,97.032,11.991,4000000000,4003032000
2025-12-01,10:21:03,TFIT05220829,97.032,11.991,1000000000,1000758000
2025-12-01,10:22:05,TFIT31261050,59.745,12.593,2000000000,1209202000
2025-12-01,10:25:05,TFIT34130358,93.442,12.840,1000000000,1020886000
2025-12-01,10:26:22,TFIT10260331,80.081,12.300,5000000000,4243775000
2025-12-01,10:26:53,TFIT16281140,99.477,12.829,5000000000,4979090000
2025-12-01,10:26:54,TFIT05220829,97.009,11.999,5000000000,5002640000
2025-12-01,10:26:54,TFIT05220829,97.007,12.000,5000000000,5002540000
2025-12-01,10:26:54,TFIT05220829,97.004,12.001,5000000000,5002390000
2025-12-01,10:26:54,TFIT05220829,97.004,12.001,19000000000,19009082000
2025-12-01,10:26:54,TFIT05220829,97.000,12.002,5000000000,5002190000
2025-12-01,10:37:24,TFIT16281140,99.381,12.844,5000000000,4974290000
2025-12-01,10:37:24,TFIT16281140,99.374,12.845,5000000000,4973940000
2025-12-01,10:37:24,TFIT16281140,99.371,12.845,10000000000,9947580000
2025-12-01,10:37:24,TFIT16281140,99.370,12.845,5000000000,4973740000
2025-12-01,10:37:24,TFIT16281140,99.369,12.845,5000000000,4973690000
2025-12-01,10:37:27,TFIT16281140,99.368,12.846,5000000000,4973640000
2025-12-01,10:37:27,TFIT16281140,99.368,12.846,5000000000,4973640000
2025-12-01,10:37:28,TFIT16281140,99.355,12.848,5000000000,4972990000
2025-12-01,10:37:29,TFIT05220829,97.001,12.002,5000000000,5002240000
2025-12-01,10:37:38,TFIT16281140,99.348,12.849,1000000000,994528000
2025-12-01,10:37:42,TFIT16281140,99.348,12.849,5000000000,4972640000
2025-12-01,10:37:47,TFIT16281140,99.348,12.849,5000000000,4972640000
2025-12-01,10:47:43,TFIT16181034,72.877,12.461,2500000000,1843775000
2025-12-01,10:49:15,TFIT16180930,84.525,12.176,1000000000,860962000
2025-12-01,10:49:17,TFIT16180930,84.525,12.176,4000000000,3443848000
2025-12-01,10:49:17,TFIT16180930,84.515,12.179,10000000000,8608620000
2025-12-01,10:49:17,TFIT16180930,84.509,12.181,5000000000,4304010000
2025-12-01,10:49:17,TFIT16180930,84.500,12.184,5000000000,4303560000
2025-12-01,10:49:17,TFIT16180930,84.496,12.185,5000000000,4303360000
2025-12-01,10:49:17,TFIT16180930,84.496,12.185,1000000000,860672000
2025-12-01,10:49:20,TFIT05220829,96.988,12.006,5000000000,5001590000
2025-12-01,10:49:21,TFIT05220829,96.984,12.008,5000000000,5001390000
2025-12-01,10:49:23,TFIT16281140,99.316,12.854,5000000000,4971040000
2025-12-01,10:49:24,TFIT05220829,96.979,12.010,10000000000,10002280000
2025-12-01,10:49:26,TFIT16281140,99.310,12.855,5000000000,4970740000
2025-12-01,10:49:35,TFIT05220829,96.979,12.010,5000000000,5001140000
2025-12-01,10:49:46,TFIT16180930,84.496,12.185,4000000000,3442688000
2025-12-01,10:50:20,TFIT16281140,99.310,12.855,5000000000,4970740000
2025-12-01,10:50:20,TFIT16281140,99.310,12.855,5000000000,4970740000
2025-12-01,10:50:20,TFIT16281140,99.277,12.860,1000000000,993818000
2025-12-01,10:50:20,TFIT16281140,99.271,12.861,5000000000,4968790000
2025-12-01,10:50:20,TFIT16281140,99.264,12.862,5000000000,4968440000
2025-12-01,10:50:20,TFIT16281140,99.264,12.862,5000000000,4968440000
2025-12-01,10:50:21,TFIT16281140,99.259,12.862,10000000000,9936380000
2025-12-01,10:50:21,TFIT16281140,99.258,12.863,5000000000,4968140000
2025-12-01,10:50:21,TFIT16281140,99.258,12.863,5000000000,4968140000
2025-12-01,10:50:21,TFIT16281140,99.258,12.863,4000000000,3974512000
2025-12-01,10:50:23,TFIT16281140,99.258,12.863,1000000000,993628000
2025-12-01,10:50:23,TFIT16281140,99.258,12.863,4000000000,3974512000
2025-12-01,10:50:23,TFIT16281140,99.258,12.863,1000000000,993628000
2025-12-01,10:50:23,TFIT16281140,99.246,12.864,4000000000,3974032000
2025-12-01,10:50:23,TFIT16281140,99.246,12.864,1000000000,993508000
2025-12-01,10:50:27,TFIT05220829,96.980,12.009,5000000000,5001190000
2025-12-01,10:50:29,TFIT05220829,96.979,12.010,3000000000,3000684000
2025-12-01,10:50:46,TFIT16281140,99.116,12.885,10000000000,9922080000
2025-12-01,10:50:46,TFIT16281140,99.103,12.887,20000000000,19841560000
2025-12-01,10:50:46,TFIT16281140,99.092,12.888,20000000000,19839360000
2025-12-01,10:50:59,TFIT23250746,89.874,12.900,1000000000,939384000
2025-12-01,10:51:06,TFIT11240135,94.612,12.764,5000000000,5231180000
2025-12-01,10:51:15,TFIT11240135,94.609,12.764,5000000000,5231030000
2025-12-01,10:51:18,TFIT11240135,94.607,12.765,5000000000,5230930000
2025-12-01,10:52:39,TFIT05220829,96.979,12.010,2000000000,2000456000
2025-12-01,10:52:39,TFIT05220829,96.979,12.010,5000000000,5001140000
2025-12-01,10:52:39,TFIT05220829,96.977,12.010,5000000000,5001040000
2025-12-01,10:52:56,TFIT21280542,76.728,12.655,1000000000,814670000
2025-12-01,10:53:28,TFIT15260826,98.585,9.487,5000000000,5028910000
2025-12-01,10:54:53,TFIT31261050,59.591,12.625,2500000000,1507652500
2025-12-01,10:54:55,TFIT31261050,59.558,12.632,5000000000,3013655000
2025-12-01,10:54:55,TFIT31261050,59.553,12.633,5000000000,3013405000
2025-12-01,10:54:55,TFIT31261050,59.548,12.634,5000000000,3013155000
2025-12-01,10:54:55,TFIT31261050,59.543,12.635,5000000000,3012905000
2025-12-01,10:54:55,TFIT31261050,59.543,12.635,5000000000,3012905000
2025-12-01,10:54:55,TFIT31261050,59.543,12.635,5000000000,3012905000
2025-12-01,10:54:55,TFIT34130358,93.199,12.874,1000000000,1018456000
2025-12-01,10:54:56,TFIT21280542,76.706,12.659,5000000000,4072250000
2025-12-01,10:54:56,TFIT21280542,76.700,12.660,5000000000,4071950000
2025-12-01,10:54:56,TFIT21280542,76.700,12.660,5000000000,4071950000
2025-12-01,10:54:56,TFIT21280542,76.697,12.660,5000000000,4071800000
2025-12-01,10:54:59,TFIT31261050,59.540,12.636,5000000000,3012755000
2025-12-01,10:55:00,TFIT34130358,93.175,12.877,5000000000,5091080000
2025-12-01,10:55:01,TFIT34130358,93.170,12.878,5000000000,5090830000
2025-12-01,10:55:01,TFIT05220829,96.976,12.011,5000000000,5000990000
2025-12-01,10:55:01,TFIT05220829,96.974,12.011,5000000000,5000890000
2025-12-01,10:55:02,TFIT31261050,59.534,12.637,5000000000,3012455000
2025-12-01,10:55:03,TFIT34130358,93.156,12.880,5000000000,5090130000
2025-12-01,10:55:04,TFIT16180930,84.496,12.185,5000000000,4303360000
2025-12-01,10:55:04,TFIT16180930,84.496,12.185,5000000000,4303360000
2025-12-01,10:55:06,TFIT23250746,89.874,12.900,3000000000,2818152000
2025-12-01,10:55:06,TFIT31261050,59.534,12.637,5000000000,3012455000
2025-12-01,10:55:10,TFIT31261050,59.529,12.638,5000000000,3012205000
2025-12-01,10:55:12,TFIT21280542,76.673,12.665,5000000000,4070600000
2025-12-01,10:55:14,TFIT21280542,76.673,12.665,5000000000,4070600000
2025-12-01,10:55:20,TFIT16180930,84.468,12.194,5000000000,4301960000
2025-12-01,11:00:16,TFIT10260331,80.016,12.320,5000000000,4240525000
2025-12-01,11:03:00,TFIT23250746,89.881,12.899,5000000000,4697270000
2025-12-01,11:03:17,TFIT16180930,84.468,12.194,5000000000,4301960000
2025-12-01,11:03:17,TFIT16180930,84.465,12.195,5000000000,4301810000
2025-12-01,11:03:20,TFIT05220829,96.953,12.019,15000000000,14999520000
2025-12-01,11:08:17,TFIT34130358,93.140,12.882,5000000000,5089330000
2025-12-01,11:08:17,TFIT34130358,93.092,12.889,1000000000,1017386000
2025-12-01,11:12:20,TFIT16281140,99.116,12.885,5000000000,4961040000
2025-12-01,11:12:20,TFIT16281140,99.116,12.885,5000000000,4961040000
2025-12-01,11:12:42,TFIT11240135,94.599,12.766,5000000000,5230530000
2025-12-01,11:13:02,TFIT11090233,103.334,12.493,2000000000,2280858000
2025-12-01,11:13:04,TFIT11090233,103.334,12.493,2000000000,2280858000
2025-12-01,11:13:07,TFIT11090233,103.334,12.493,1000000000,1140429000
2025-12-01,11:13:07,TFIT11090233,103.333,12.494,1000000000,1140419000
2025-12-01,11:13:08,TFIT11090233,103.333,12.494,4000000000,4561676000
2025-12-01,11:13:09,TFIT11090233,103.328,12.495,2000000000,2280738000
2025-12-01,11:13:09,TFIT05220829,96.953,12.019,5000000000,4999840000
2025-12-01,11:13:09,TFIT05220829,96.951,12.020,5000000000,4999740000
2025-12-01,11:13:11,TFIT10260331,79.934,12.345,5000000000,4236425000
2025-12-01,11:13:12,TFIT05220829,96.951,12.020,5000000000,4999740000
2025-12-01,11:13:21,TFIT23250746,89.854,12.903,5000000000,4695920000
2025-12-01,11:13:28,TFIT16181034,72.738,12.494,1000000000,736120000
2025-12-01,11:13:34,TFIT16090736,64.050,12.548,5000000000,3326645000
2025-12-01,11:16:19,TFIT16090736,63.972,12.567,5000000000,3322745000
2025-12-01,11:19:14,TFIT10260331,80.016,12.320,5000000000,4240525000
2025-12-01,11:23:08,TFIT11090233,103.300,12.501,2000000000,2280178000
2025-12-01,11:23:55,TFIT11090233,103.286,12.504,5000000000,5699745000
2025-12-01,11:26:07,TFIT16281140,99.167,12.877,5000000000,4963590000
2025-12-01,11:26:07,TFIT16281140,99.167,12.877,2000000000,1985436000
2025-12-01,11:26:35,TFIT05220829,96.979,12.010,2000000000,2000456000
2025-12-01,11:26:50,TFIT10260331,80.016,12.320,5000000000,4240525000
2025-12-01,11:30:51,TFIT16281140,99.116,12.885,5000000000,4961040000
2025-12-01,11:30:51,TFIT16281140,99.116,12.885,5000000000,4961040000
2025-12-01,11:30:51,TFIT16281140,99.103,12.887,5000000000,4960390000
2025-12-01,11:30:51,TFIT16281140,99.096,12.888,5000000000,4960040000
2025-12-01,11:30:51,TFIT16281140,99.092,12.888,5000000000,4959840000
2025-12-01,11:30:51,TFIT16281140,99.090,12.889,5000000000,4959740000
2025-12-01,11:30:51,TFIT16281140,99.070,12.892,4500000000,4462866000
2025-12-01,11:30:55,TFIT16281140,99.051,12.895,5000000000,4957790000
2025-12-01,11:30:55,TFIT21280542,76.617,12.675,5000000000,4067800000
2025-12-01,11:30:55,TFIT16281140,99.045,12.896,5000000000,4957490000
2025-12-01,11:30:55,TFIT16281140,99.042,12.896,5000000000,4957340000
2025-12-01,11:30:58,TFIT16281140,99.038,12.897,1000000000,991428000
2025-12-01,11:30:58,TFIT16281140,99.032,12.898,4000000000,3965472000
2025-12-01,11:30:59,TFIT05220829,96.953,12.019,5000000000,4999840000
2025-12-01,11:30:59,TFIT05220829,96.953,12.019,5000000000,4999840000
2025-12-01,11:30:59,TFIT05220829,96.951,12.020,3000000000,2999844000
2025-12-01,11:30:59,TFIT05220829,96.947,12.021,5000000000,4999540000
2025-12-01,11:31:04,TFIT05220829,96.947,12.021,3000000000,2999724000
2025-12-01,11:31:08,TFIT21280542,76.617,12.675,5000000000,4067800000
2025-12-01,11:31:09,TFIT05220829,96.925,12.029,2000000000,1999376000
2025-12-01,11:31:10,TFIT16281140,99.019,12.900,1000000000,991238000
2025-12-01,11:31:16,TFIT16281140,98.987,12.905,10000000000,9909180000
2025-12-01,11:31:48,TFIT31261050,59.539,12.636,1000000000,602541000
2025-12-01,11:31:48,TFIT31261050,59.529,12.638,5000000000,3012205000
2025-12-01,11:31:48,TFIT31261050,59.529,12.638,5000000000,3012205000
2025-12-01,11:31:48,TFIT31261050,59.529,12.638,5000000000,3012205000
2025-12-01,11:31:48,TFIT31261050,59.524,12.639,10000000000,6023910000
2025-12-01,11:31:54,TFIT31261050,59.524,12.639,1000000000,602391000
2025-12-01,11:32:18,TFIT31261050,59.524,12.639,1000000000,602391000
2025-12-01,11:32:38,TFIT31261050,59.519,12.640,10000000000,6023410000
2025-12-01,11:32:47,TFIT23250746,89.848,12.904,5000000000,4695620000
2025-12-01,11:33:19,TFIT34130358,92.915,12.913,1000000000,1015616000
2025-12-01,11:34:07,TFIT16180930,84.450,12.200,5000000000,4301060000
2025-12-01,11:35:15,TFIT31261050,59.491,12.646,5000000000,3010305000
2025-12-01,11:35:19,TFIT31261050,59.481,12.648,5000000000,3009805000
2025-12-01,11:35:21,TFIT23250746,89.848,12.904,5000000000,4695620000
2025-12-01,11:35:24,TFIT23250746,89.841,12.905,5000000000,4695270000
2025-12-01,11:36:09,TFIT31261050,59.476,12.649,5000000000,3009555000
2025-12-01,11:36:22,TFIT31261050,59.467,12.651,5000000000,3009105000
2025-12-01,11:38:20,TFIT31261050,59.510,12.642,5000000000,3011255000
2025-12-01,11:38:20,TFIT31261050,59.515,12.641,5000000000,3011505000
2025-12-01,11:38:24,TFIT31261050,59.519,12.640,5000000000,3011705000
2025-12-01,11:38:29,TFIT31261050,59.465,12.651,5000000000,3009005000
2025-12-01,11:38:30,TFIT31261050,59.572,12.629,5000000000,3014355000
2025-12-01,11:42:06,TFIT05220829,96.917,12.032,5000000000,4998040000
2025-12-01,11:42:06,TFIT05220829,96.886,12.043,5000000000,4996490000
2025-12-01,11:42:06,TFIT05220829,96.882,12.044,5000000000,4996290000
2025-12-01,11:42:06,TFIT05220829,96.880,12.045,5000000000,4996190000
2025-12-01,11:42:06,TFIT05220829,96.880,12.045,5000000000,4996190000
2025-12-01,11:42:07,TFIT05220829,96.880,12.045,5000000000,4996190000
2025-12-01,11:42:07,TFIT05220829,96.866,12.050,5000000000,4995490000
2025-12-01,11:42:07,TFIT05220829,96.860,12.052,5000000000,4995190000
2025-12-01,11:42:07,TFIT05220829,96.860,12.052,5000000000,4995190000
2025-12-01,11:42:07,TFIT05220829,96.841,12.059,25500000000,25470624000
2025-12-01,11:42:07,TFIT05220829,96.838,12.060,5000000000,4994090000
2025-12-01,11:42:07,TFIT05220829,96.824,12.065,50000000000,49933900000
2025-12-01,11:42:07,TFIT05220829,96.821,12.066,5000000000,4993240000
2025-12-01,11:42:07,TFIT05220829,96.815,12.068,4500000000,4493646000
2025-12-01,11:42:12,TFIT05220829,96.810,12.070,5000000000,4992690000
2025-12-01,11:42:13,TFIT05220829,96.810,12.070,5000000000,4992690000
2025-12-01,11:42:18,TFIT16180930,84.422,12.209,5000000000,4299660000
2025-12-01,11:42:20,TFIT23250746,89.848,12.904,2000000000,1878248000
2025-12-01,11:44:31,TFIT16180930,84.422,12.209,5000000000,4299660000
2025-12-01,11:44:31,TFIT16180930,84.419,12.210,5000000000,4299510000
2025-12-01,11:44:51,TFIT05220829,96.852,12.055,1000000000,998958000
2025-12-01,11:44:51,TFIT05220829,96.838,12.060,5000000000,4994090000
2025-12-01,11:44:51,TFIT05220829,96.815,12.068,10000000000,9985880000
2025-12-01,11:44:51,TFIT05220829,96.811,12.069,5000000000,4992740000
2025-12-01,11:44:56,TFIT05220829,96.810,12.070,5000000000,4992690000
2025-12-01,11:45:04,TFIT23250746,89.783,12.914,2000000000,1876948000
2025-12-01,11:45:08,TFIT31261050,59.472,12.650,5000000000,3009355000
2025-12-01,11:45:09,TFIT31261050,59.465,12.651,5000000000,3009005000
2025-12-01,11:45:09,TFIT05220829,96.790,12.077,3000000000,2995014000
2025-12-01,11:45:09,TFIT05220829,96.782,12.080,2000000000,1996516000
2025-12-01,11:45:09,TFIT31261050,59.460,12.652,5000000000,3008755000
2025-12-01,11:45:14,TFIT31261050,59.460,12.652,5000000000,3008755000
2025-12-01,11:47:42,TFIT05220829,96.785,12.079,10000000000,9982880000
2025-12-01,11:47:42,TFIT05220829,96.785,12.079,10000000000,9982880000
2025-12-01,11:47:59,TFIT16280428,89.321,11.274,1000000000,928881000
2025-12-01,11:50:55,TFIT11240135,94.427,12.801,16000000000,16710176000
2025-12-01,11:51:05,TFIT11240135,94.426,12.801,5000000000,5221880000
2025-12-01,11:51:11,TFIT11240135,94.426,12.801,1000000000,1044376000
2025-12-01,11:51:14,TFIT23250746,89.737,12.921,5000000000,4690070000
2025-12-01,11:51:15,TFIT16181034,72.734,12.495,5000000000,3680400000
2025-12-01,11:51:15,TFIT23250746,89.731,12.922,5000000000,4689770000
2025-12-01,11:51:18,TFIT23250746,89.724,12.923,5000000000,4689420000
2025-12-01,11:51:19,TFIT21280542,76.546,12.688,5000000000,4064250000
2025-12-01,11:51:19,TFIT21280542,76.540,12.689,3000000000,2438370000
2025-12-01,11:51:20,TFIT16181034,72.680,12.508,1500000000,1103310000
2025-12-01,11:51:20,TFIT16181034,72.680,12.508,5000000000,3677700000
2025-12-01,11:51:20,TFIT16181034,72.676,12.509,5000000000,3677500000
2025-12-01,11:51:20,TFIT16181034,72.672,12.510,5000000000,3677300000
2025-12-01,11:51:20,TFIT16090736,63.945,12.573,5000000000,3321395000
2025-12-01,11:51:23,TFIT16181034,72.667,12.511,6000000000,4412460000
2025-12-01,11:51:29,TFIT11090233,103.174,12.528,5000000000,5694145000
2025-12-01,11:51:35,TFIT10260331,79.855,12.370,5000000000,4232475000
2025-12-01,11:51:36,TFIT10260331,79.845,12.373,5000000000,4231975000
2025-12-01,11:51:37,TFIT10260331,79.819,12.381,5000000000,4230675000
2025-12-01,11:51:37,TFIT10260331,79.819,12.381,5000000000,4230675000
2025-12-01,11:51:37,TFIT10260331,79.816,12.382,10000000000,8461050000
2025-12-01,11:51:37,TFIT10260331,79.813,12.383,16000000000,13537200000
2025-12-01,11:51:37,TFIT10260331,79.813,12.383,4000000000,3384300000
2025-12-01,11:51:45,TFIT11090233,103.164,12.530,5000000000,5693645000
2025-12-01,11:53:48,TFIT16280428,89.319,11.275,15000000000,13932915000
2025-12-01,11:53:48,TFIT16280428,89.319,11.275,5000000000,4644305000
2025-12-01,11:53:48,TFIT16280428,89.319,11.275,5000000000,4644305000
2025-12-01,11:53:48,TFIT16280428,89.317,11.276,5000000000,4644205000
2025-12-01,11:53:48,TFIT16280428,89.317,11.276,5000000000,4644205000
2025-12-01,11:53:48,TFIT16280428,89.317,11.276,5000000000,4644205000
2025-12-01,11:53:48,TFIT16280428,89.315,11.277,5000000000,4644105000
2025-12-01,11:53:48,TFIT16280428,89.315,11.277,5000000000,4644105000
2025-12-01,11:53:52,TFIT05220829,96.784,12.079,4500000000,4492251000
2025-12-01,11:53:54,TFIT05220829,96.783,12.079,2000000000,1996536000
2025-12-01,11:54:00,TFIT16280428,89.307,11.281,1000000000,928741000
2025-12-01,11:54:00,TFIT16280428,89.306,11.282,1000000000,928731000
2025-12-01,11:54:06,TFIT16280428,89.306,11.282,4000000000,3714924000
2025-12-01,11:54:12,TFIT16280428,89.306,11.282,1000000000,928731000
2025-12-01,11:55:30,TFIT31261050,59.438,12.657,3000000000,1804593000
2025-12-01,11:56:00,TFIT05220829,96.787,12.078,5000000000,4991540000
2025-12-01,11:56:00,TFIT05220829,96.784,12.079,5000000000,4991390000
2025-12-01,11:56:00,TFIT05220829,96.784,12.079,5000000000,4991390000
2025-12-01,11:56:00,TFIT05220829,96.784,12.079,5000000000,4991390000
2025-12-01,11:56:00,TFIT05220829,96.784,12.079,5000000000,4991390000
2025-12-01,11:56:00,TFIT05220829,96.784,12.079,5000000000,4991390000
2025-12-01,11:56:00,TFIT05220829,96.784,12.079,5000000000,4991390000
2025-12-01,11:56:00,TFIT05220829,96.784,12.079,5000000000,4991390000
2025-12-01,11:56:02,TFIT05220829,96.793,12.076,5000000000,4991840000
2025-12-01,11:56:02,TFIT05220829,96.776,12.082,2000000000,1996396000
2025-12-01,11:56:11,TFIT10260331,79.790,12.390,1000000000,845845000
2025-12-01,11:59:42,TFIT16280428,89.306,11.282,1000000000,928731000
2025-12-01,11:59:42,TFIT16280428,89.306,11.282,1000000000,928731000
2025-12-01,12:00:37,TFIT16180930,84.388,12.220,2000000000,1719184000
2025-12-01,12:00:43,TFIT05220829,96.782,12.080,1000000000,998258000
2025-12-01,12:01:20,TFIT31261050,59.430,12.658,5000000000,3007255000
2025-12-01,12:01:20,TFIT31261050,59.424,12.660,5000000000,3006955000
2025-12-01,12:01:21,TFIT31261050,59.424,12.660,1000000000,601391000
2025-12-01,12:04:50,TFIT31261050,59.510,12.642,5000000000,3011255000
2025-12-01,12:04:50,TFIT31261050,59.515,12.641,5000000000,3011505000
2025-12-01,12:04:56,TFIT23250746,89.853,12.903,10000000000,9391740000
2025-12-01,12:05:10,TFIT05220829,96.785,12.079,10000000000,9982880000
2025-12-01,12:09:35,TFIT05220829,96.787,12.078,20000000000,19966160000
2025-12-01,12:10:22,TFIT05220829,96.790,12.077,5000000000,4991690000
2025-12-01,12:10:22,TFIT05220829,96.788,12.078,25000000000,24957950000
2025-12-01,12:10:22,TFIT05220829,96.787,12.078,10000000000,9983080000
2025-12-01,12:10:22,TFIT05220829,96.787,12.078,10000000000,9983080000
2025-12-01,12:10:26,TFIT05220829,96.787,12.078,5000000000,4991540000
2025-12-01,12:10:26,TFIT16180930,84.372,12.225,5000000000,4297160000
2025-12-01,12:10:34,TFIT05220829,96.787,12.078,5000000000,4991540000
2025-12-01,12:10:34,TFIT05220829,96.787,12.078,10000000000,9983080000
2025-12-01,12:10:34,TFIT05220829,96.787,12.078,5000000000,4991540000
2025-12-01,12:10:36,TFIT05220829,96.787,12.078,5000000000,4991540000
2025-12-01,12:10:37,TFIT05220829,96.787,12.078,5000000000,4991540000
2025-12-01,12:10:37,TFIT05220829,96.787,12.078,5000000000,4991540000
2025-12-01,12:10:41,TFIT05220829,96.787,12.078,5000000000,4991540000
2025-12-01,12:12:09,TFIT05220829,96.863,12.051,1000000000,999068000
2025-12-01,12:12:26,TFIT31261050,59.567,12.630,5000000000,3014105000
2025-12-01,12:12:28,TFIT05220829,96.787,12.078,50000000000,49915400000
2025-12-01,12:12:56,TFIT05220829,96.787,12.078,15000000000,14974620000
2025-12-01,12:13:51,TFIT16280428,89.300,11.285,5000000000,4643355000
2025-12-01,12:13:51,TFIT16280428,89.300,11.285,5000000000,4643355000
2025-12-01,12:13:51,TFIT16280428,89.300,11.285,5000000000,4643355000
2025-12-01,12:13:51,TFIT16280428,89.300,11.285,5000000000,4643355000
2025-12-01,12:13:51,TFIT16280428,89.300,11.285,5000000000,4643355000
2025-12-01,12:13:51,TFIT16280428,89.298,11.286,5000000000,4643255000
2025-12-01,12:13:51,TFIT16280428,89.296,11.287,5000000000,4643155000
2025-12-01,12:13:51,TFIT16280428,89.293,11.289,1000000000,928601000
2025-12-01,12:13:51,TFIT16280428,89.293,11.289,1000000000,928601000
2025-12-01,12:13:51,TFIT16280428,89.293,11.289,1000000000,928601000
2025-12-01,12:13:51,TFIT16280428,89.293,11.289,1000000000,928601000
2025-12-01,12:13:51,TFIT16280428,89.293,11.289,1000000000,928601000
2025-12-01,12:13:51,TFIT16280428,89.293,11.289,1000000000,928601000
2025-12-01,12:13:51,TFIT16280428,89.293,11.289,1000000000,928601000
2025-12-01,12:14:03,TFIT16280428,89.272,11.300,2000000000,1856782000
2025-12-01,12:14:03,TFIT16280428,89.272,11.300,3000000000,2785173000
2025-12-01,12:14:05,TFIT16300632,76.282,12.470,1500000000,1188531000
2025-12-01,12:14:07,TFIT16300632,76.282,12.470,8500000000,6735009000
2025-12-01,12:18:52,TFIT05220829,96.790,12.077,5000000000,4991690000
2025-12-01,12:19:52,TFIT05220829,96.787,12.078,5000000000,4991540000
2025-12-01,12:19:52,TFIT05220829,96.787,12.078,5000000000,4991540000
2025-12-01,12:19:52,TFIT05220829,96.787,12.078,5000000000,4991540000
2025-12-01,12:19:52,TFIT05220829,96.787,12.078,5000000000,4991540000
2025-12-01,12:19:52,TFIT05220829,96.783,12.079,50000000000,49913400000
2025-12-01,12:19:56,TFIT16180930,84.353,12.231,10000000000,8592420000
2025-12-01,12:22:33,TFIT11090233,103.155,12.532,4000000000,4554556000
2025-12-01,12:22:33,TFIT11090233,103.150,12.533,1000000000,1138589000
2025-12-01,12:22:38,TFIT11090233,103.150,12.533,4000000000,4554356000
2025-12-01,12:22:38,TFIT11090233,103.146,12.534,4000000000,4554196000
2025-12-01,12:23:26,TFIT31261050,59.525,12.639,5000000000,3012005000
2025-12-01,12:23:26,TFIT31261050,59.519,12.640,2000000000,1204682000
2025-12-01,12:23:42,TFIT16280428,89.276,11.298,5000000000,4642155000
2025-12-01,12:23:42,TFIT16280428,89.276,11.298,5000000000,4642155000
2025-12-01,12:23:42,TFIT16280428,89.274,11.299,5000000000,4642055000
2025-12-01,12:23:42,TFIT16280428,89.273,11.300,1000000000,928401000
2025-12-01,12:23:42,TFIT16280428,89.273,11.300,1000000000,928401000
2025-12-01,12:23:42,TFIT16280428,89.268,11.302,5000000000,4641755000
2025-12-01,12:23:42,TFIT16280428,89.268,11.302,5000000000,4641755000
2025-12-01,12:23:42,TFIT16280428,89.267,11.303,3000000000,2785023000
2025-12-01,12:23:45,TFIT16280428,89.267,11.303,2000000000,1856682000
2025-12-01,12:23:45,TFIT16280428,89.254,11.310,3000000000,2784633000
2025-12-01,12:24:51,TFIT08031127,91.868,10.633,1000000000,923091000
2025-12-01,12:24:56,TFIT08031127,91.868,10.633,14000000000,12923274000
2025-12-01,12:26:04,TFIT11090233,103.146,12.534,5000000000,5692745000
2025-12-01,12:31:33,TFIT05220829,96.838,12.060,1000000000,998818000
2025-12-01,12:33:20,TFIT31261050,59.587,12.626,5000000000,3015105000
2025-12-01,12:33:20,TFIT31261050,59.590,12.625,7000000000,4221357000
2025-12-01,12:33:30,TFIT31261050,59.591,12.625,5000000000,3015305000
2025-12-01,12:33:32,TFIT31261050,59.606,12.622,5000000000,3016055000
2025-12-01,12:33:49,TFIT23250746,89.919,12.893,5000000000,4699170000
2025-12-01,12:33:49,TFIT23250746,89.926,12.892,5000000000,4699520000
2025-12-01,12:33:49,TFIT23250746,89.946,12.889,5000000000,4700520000
2025-12-01,12:33:49,TFIT23250746,89.952,12.888,1000000000,940164000
2025-12-01,12:33:50,TFIT05220829,96.844,12.058,5000000000,4994390000
2025-12-01,12:33:50,TFIT05220829,96.850,12.055,5000000000,4994690000
2025-12-01,12:33:50,TFIT05220829,96.851,12.055,5000000000,4994740000
2025-12-01,12:33:50,TFIT05220829,96.858,12.053,5000000000,4995090000
2025-12-01,12:33:50,TFIT05220829,96.858,12.053,5000000000,4995090000
2025-12-01,12:33:50,TFIT05220829,96.860,12.052,5000000000,4995190000
2025-12-01,12:33:50,TFIT05220829,96.860,12.052,5000000000,4995190000
2025-12-01,12:33:50,TFIT05220829,96.863,12.051,2000000000,1998136000
2025-12-01,12:33:50,TFIT05220829,96.863,12.051,1000000000,999068000
2025-12-01,12:33:50,TFIT05220829,96.863,12.051,5000000000,4995340000
2025-12-01,12:33:50,TFIT05220829,96.865,12.050,5000000000,4995440000
2025-12-01,12:33:50,TFIT05220829,96.866,12.050,1000000000,999098000
2025-12-01,12:33:50,TFIT05220829,96.866,12.050,1000000000,999098000
2025-12-01,12:33:51,TFIT11240135,94.501,12.786,5000000000,5225630000
2025-12-01,12:33:51,TFIT11240135,94.527,12.781,5000000000,5226930000
2025-12-01,12:33:51,TFIT11240135,94.527,12.781,5000000000,5226930000
2025-12-01,12:33:51,TFIT11240135,94.531,12.780,5000000000,5227130000
2025-12-01,12:33:52,TFIT16280428,89.309,11.280,1500000000,1393141500
2025-12-01,12:33:52,TFIT16280428,89.311,11.279,1000000000,928781000
2025-12-01,12:33:52,TFIT16280428,89.315,11.277,15000000000,13932315000
2025-12-01,12:33:52,TFIT16280428,89.319,11.275,1000000000,928861000
2025-12-01,12:33:52,TFIT31261050,59.635,12.616,5000000000,3017505000
2025-12-01,12:33:54,TFIT05220829,96.866,12.050,2000000000,1998196000
2025-12-01,12:33:56,TFIT05220829,96.866,12.050,5000000000,4995490000
2025-12-01,12:33:56,TFIT11240135,94.532,12.780,5000000000,5227180000
2025-12-01,12:33:56,TFIT11240135,94.542,12.778,5000000000,5227680000
2025-12-01,12:33:56,TFIT16280428,89.319,11.275,1500000000,1393291500
2025-12-01,12:34:01,TFIT11240135,94.532,12.780,5000000000,5227180000
2025-12-01,12:34:02,TFIT11090233,103.188,12.525,8000000000,9111752000
2025-12-01,12:34:11,TFIT16280428,89.315,11.277,15000000000,13932315000
2025-12-01,12:34:13,TFIT16280428,89.311,11.279,1000000000,928781000
2025-12-01,12:34:16,TFIT05220829,96.866,12.050,1000000000,999098000
2025-12-01,12:34:17,TFIT16280428,89.309,11.280,1500000000,1393141500
2025-12-01,12:34:30,TFIT11240135,94.577,12.771,5000000000,5229430000
2025-12-01,12:34:48,TFIT11240135,94.547,12.777,1000000000,1045586000
2025-12-01,12:35:54,TFIT23250746,90.036,12.875,5000000000,4705020000
2025-12-01,12:36:46,TFIT11090233,103.319,12.497,5000000000,5701395000
2025-12-01,12:37:01,TFIT11240135,94.607,12.765,1000000000,1046186000
2025-12-01,12:37:30,TFIT05220829,96.865,12.050,2000000000,1998176000
2025-12-01,12:37:30,TFIT05220829,96.866,12.050,1000000000,999098000
2025-12-01,12:42:28,TFIT11240135,94.607,12.765,5000000000,5230930000
2025-12-01,12:42:36,TFIT11240135,94.607,12.765,1000000000,1046186000
2025-12-01,12:42:43,TFIT11240135,94.607,12.765,1000000000,1046186000
2025-12-01,12:42:47,TFIT11240135,94.607,12.765,1000000000,1046186000
2025-12-01,12:42:50,TFIT11240135,94.607,12.765,11000000000,11508046000
2025-12-01,12:43:30,TFIT23250746,90.050,12.873,1000000000,941144000
2025-12-01,12:43:30,TFIT23250746,90.070,12.870,5000000000,4706720000
2025-12-01,12:43:30,TFIT23250746,90.070,12.870,1000000000,941344000
2025-12-01,12:43:50,TFIT16181034,72.793,12.481,2000000000,1473340000
2025-12-01,12:44:05,TFIT16090736,63.989,12.563,3000000000,1994157000
2025-12-01,12:44:05,TFIT16090736,64.002,12.560,5000000000,3324245000
2025-12-01,12:44:05,TFIT16090736,64.002,12.560,5000000000,3324245000
2025-12-01,12:44:05,TFIT16090736,64.006,12.559,5000000000,3324445000
2025-12-01,12:44:05,TFIT16090736,64.014,12.557,5000000000,3324845000
2025-12-01,12:44:05,TFIT16090736,64.019,12.556,5000000000,3325095000
2025-12-01,12:44:05,TFIT16090736,64.023,12.555,2000000000,1330118000
2025-12-01,12:44:08,TFIT16090736,64.023,12.555,13000000000,8645767000
2025-12-01,12:44:08,TFIT16090736,64.039,12.551,5000000000,3326095000
2025-12-01,12:44:10,TFIT23250746,90.070,12.870,2000000000,1882688000
2025-12-01,12:44:10,TFIT23250746,90.135,12.860,3000000000,2825982000
2025-12-01,12:44:11,TFIT23250746,90.135,12.860,2000000000,1883988000
2025-12-01,12:44:11,TFIT23250746,90.135,12.860,3000000000,2825982000
2025-12-01,12:44:13,TFIT23250746,90.135,12.860,2000000000,1883988000
2025-12-01,12:44:13,TFIT23250746,90.162,12.856,1000000000,942264000
2025-12-01,12:44:18,TFIT16180930,84.419,12.210,5000000000,4299510000
2025-12-01,12:44:22,TFIT05220829,96.893,12.040,5000000000,4996840000
2025-12-01,12:44:40,TFIT16281140,99.459,12.832,5000000000,4978190000
2025-12-01,12:44:42,TFIT16280428,89.324,11.272,1000000000,928911000
2025-12-01,12:44:43,TFIT16280428,89.328,11.270,2000000000,1857902000
2025-12-01,12:44:43,TFIT16280428,89.328,11.270,8000000000,7431608000
2025-12-01,12:45:16,TFIT11090233,103.385,12.483,10000000000,11409390000
2025-12-01,12:45:26,TFIT31261050,59.905,12.560,5000000000,3031005000
2025-12-01,12:45:31,TFIT23250746,90.175,12.854,1000000000,942394000
2025-12-01,12:45:45,TFIT23250746,90.168,12.855,1000000000,942324000
2025-12-01,12:45:49,TFIT23250746,90.168,12.855,1500000000,1413486000
2025-12-01,12:45:58,TFIT23250746,90.168,12.855,2500000000,2355810000
2025-12-01,12:46:24,TFIT10260331,80.000,12.325,5000000000,4239725000
2025-12-01,12:46:44,TFIT10260331,80.110,12.291,5000000000,4245225000
2025-12-01,12:48:29,TFIT16181034,72.944,12.445,10000000000,7381800000
2025-12-01,12:48:36,TFIT16181034,72.986,12.435,10000000000,7386000000
2025-12-01,12:48:37,TFIT16181034,73.015,12.428,7000000000,5172230000
2025-12-01,12:50:30,TFIT05220829,96.899,12.038,5000000000,4997140000
2025-12-01,12:50:52,TFIT10260331,80.110,12.291,1500000000,1273567500
2025-12-01,12:55:51,TFIT16281140,99.310,12.855,1000000000,994148000
2025-12-01,12:55:56,TFIT11240135,94.607,12.765,1000000000,1046186000
2025-12-01,12:55:56,TFIT11240135,94.607,12.765,1000000000,1046186000
2025-12-01,12:55:56,TFIT11240135,94.607,12.765,1000000000,1046186000
2025-12-01,12:55:56,TFIT11240135,94.607,12.765,1000000000,1046186000
2025-12-01,12:55:56,TFIT11240135,94.607,12.765,1000000000,1046186000
2025-12-01,12:56:03,TFIT16281140,99.213,12.870,5000000000,4965890000
2025-12-01,12:56:16,TFIT23250746,90.057,12.872,5000000000,4706070000
2025-12-01,12:56:16,TFIT23250746,90.038,12.875,5000000000,4705120000
2025-12-01,12:56:17,TFIT05220829,96.866,12.050,1000000000,999098000
2025-12-01,12:56:17,TFIT05220829,96.865,12.050,1000000000,999088000
2025-12-02,08:44:14,TFIT23250746,90.038,12.875,5000000000,4706695000
2025-12-02,08:44:14,TFIT23250746,90.051,12.873,5000000000,4707345000
2025-12-02,08:44:14,TFIT23250746,90.064,12.871,5000000000,4707995000
2025-12-02,08:44:14,TFIT23250746,90.069,12.870,5000000000,4708245000
2025-12-02,08:44:14,TFIT23250746,90.070,12.870,5000000000,4708295000
2025-12-02,08:44:16,TFIT23250746,90.070,12.870,5000000000,4708295000
2025-12-02,08:45:07,TFIT23250746,90.123,12.862,5000000000,4710945000
2025-12-02,09:09:18,TFIT16281140,99.172,12.876,1000000000,993117000
2025-12-02,09:09:23,TFIT23250746,90.100,12.865,5000000000,4709795000
2025-12-02,09:10:36,TFIT23250746,90.100,12.865,1000000000,941959000
2025-12-02,09:10:50,TFIT23250746,90.100,12.865,4000000000,3767836000
2025-12-02,09:23:54,TFIT23250746,90.188,12.852,5000000000,4714195000
2025-12-02,09:24:05,TFIT23250746,90.188,12.852,5000000000,4714195000
2025-12-02,09:24:07,TFIT23250746,90.188,12.852,5000000000,4714195000
2025-12-02,09:24:07,TFIT23250746,90.195,12.851,5000000000,4714545000
2025-12-02,09:24:07,TFIT23250746,90.201,12.850,5000000000,4714845000
2025-12-02,09:24:31,TFIT23250746,90.267,12.840,3000000000,2830887000
2025-12-02,09:24:37,TFIT16281140,99.308,12.855,5000000000,4972385000
2025-12-02,09:25:35,TFIT16281140,99.359,12.847,5000000000,4974935000
2025-12-02,09:25:35,TFIT16281140,99.392,12.842,5000000000,4976585000
2025-12-02,09:25:35,TFIT16281140,99.404,12.840,9000000000,8958933000
2025-12-02,09:25:35,TFIT16281140,99.405,12.840,5000000000,4977235000
2025-12-02,09:26:38,TFIT16281140,99.470,12.830,2000000000,1992194000
2025-12-02,09:26:45,TFIT16281140,99.541,12.819,3000000000,2990421000
2025-12-02,09:37:55,TFIT31261050,59.949,12.551,5000000000,3034195000
2025-12-02,09:37:55,TFIT31261050,59.954,12.550,5000000000,3034445000
2025-12-02,09:37:55,TFIT31261050,59.979,12.545,5000000000,3035695000
2025-12-02,09:37:55,TFIT31261050,59.998,12.541,5000000000,3036645000
2025-12-02,09:38:10,TFIT31261050,60.027,12.535,5000000000,3038095000
2025-12-02,09:38:41,TFIT23250746,90.379,12.823,5000000000,4723745000
2025-12-02,09:38:48,TFIT23250746,90.385,12.822,5000000000,4724045000
2025-12-02,09:38:54,TFIT23250746,90.392,12.821,5000000000,4724395000
2025-12-02,09:38:57,TFIT16281140,99.476,12.829,5000000000,4980785000
2025-12-02,09:39:02,TFIT16281140,99.483,12.828,5000000000,4981135000
2025-12-02,09:39:11,TFIT11240135,94.765,12.734,5000000000,5240440000
2025-12-02,09:39:17,TFIT16281140,99.509,12.824,2000000000,1992974000
2025-12-02,09:39:17,TFIT16281140,99.509,12.824,3000000000,2989461000
2025-12-02,09:39:17,TFIT05220829,96.909,12.035,5000000000,4999150000
2025-12-02,09:40:18,TFIT05220829,96.943,12.023,1000000000,1000170000
2025-12-02,09:40:18,TFIT05220829,96.948,12.021,4000000000,4000880000
2025-12-02,09:40:31,TFIT16180930,84.571,12.163,2000000000,1723270000
2025-12-02,09:40:31,TFIT16180930,84.577,12.161,3000000000,2585085000
2025-12-02,09:40:42,TFIT05220829,96.948,12.021,1000000000,1000220000
2025-12-02,09:40:48,TFIT05220829,96.957,12.018,5000000000,5001550000
2025-12-02,09:40:54,TFIT16280428,89.374,11.251,1000000000,929576000
2025-12-02,09:41:19,TFIT16281140,99.587,12.812,3000000000,2991801000
2025-12-02,09:41:19,TFIT16281140,99.605,12.809,5000000000,4987235000
2025-12-02,09:41:19,TFIT16281140,99.606,12.809,5000000000,4987285000
2025-12-02,09:41:19,TFIT16281140,99.626,12.806,5000000000,4988285000
2025-12-02,09:41:19,TFIT16281140,99.652,12.802,5000000000,4989585000
2025-12-02,09:41:19,TFIT16281140,99.665,12.800,5000000000,4990235000
2025-12-02,09:41:22,TFIT16281140,99.308,12.855,5000000000,4972385000
2025-12-02,09:45:28,TFIT16180930,84.565,12.165,5000000000,4307875000
2025-12-02,09:46:24,TFIT16180930,84.549,12.170,5000000000,4307075000
2025-12-02,09:49:30,TFIT16181034,72.805,12.479,5000000000,3684940000
2025-12-02,09:49:30,TFIT16181034,72.805,12.479,5000000000,3684940000
2025-12-02,09:49:30,TFIT16181034,72.801,12.480,5000000000,3684740000
2025-12-02,09:49:30,TFIT16181034,72.638,12.519,5000000000,3676590000
2025-12-02,09:49:30,TFIT16181034,72.638,12.519,5000000000,3676590000
2025-12-02,09:49:30,TFIT16181034,72.621,12.523,5000000000,3675740000
2025-12-02,09:49:30,TFIT16181034,72.617,12.524,5000000000,3675540000
2025-12-02,09:49:30,TFIT16181034,72.560,12.537,5000000000,3672690000
2025-12-02,09:49:30,TFIT16181034,72.550,12.540,5000000000,3672190000
2025-12-02,09:49:30,TFIT16181034,72.359,12.586,5000000000,3662640000
2025-12-02,09:49:30,TFIT16181034,72.355,12.587,5000000000,3662440000
2025-12-02,09:49:30,TFIT16181034,72.339,12.591,5000000000,3661640000
2025-12-02,09:49:30,TFIT16181034,72.339,12.591,5000000000,3661640000
2025-12-02,09:49:30,TFIT16181034,72.339,12.591,5000000000,3661640000
2025-12-02,09:49:33,TFIT23250746,90.247,12.843,5000000000,4717145000
2025-12-02,09:49:33,TFIT23250746,90.242,12.843,5000000000,4716895000
2025-12-02,09:49:33,TFIT23250746,90.241,12.844,5000000000,4716845000
2025-12-02,09:49:34,TFIT16300632,76.452,12.425,5000000000,3971230000
2025-12-02,09:49:35,TFIT16181034,72.339,12.591,8000000000,5858624000
2025-12-02,09:49:44,TFIT16300632,76.452,12.425,5000000000,3971230000
2025-12-02,09:49:45,TFIT16281140,99.353,12.848,5000000000,4974635000
2025-12-02,09:49:54,TFIT11090233,102.996,12.566,5000000000,5687060000
2025-12-02,09:50:09,TFIT31261050,59.794,12.583,5000000000,3026445000
2025-12-02,09:50:10,TFIT31261050,59.790,12.584,5000000000,3026245000
2025-12-02,09:50:11,TFIT31261050,59.770,12.588,5000000000,3025245000
2025-12-02,09:50:13,TFIT31261050,59.761,12.590,5000000000,3024795000
2025-12-02,09:50:15,TFIT16300632,76.416,12.435,5000000000,3969430000
2025-12-02,09:51:37,TFIT16300632,76.379,12.445,5000000000,3967580000
2025-12-02,09:51:37,TFIT16300632,76.379,12.445,25000000000,19837900000
2025-12-02,09:52:57,TFIT16181034,72.559,12.538,5000000000,3672640000
2025-12-02,09:53:32,TFIT16281140,99.372,12.845,5000000000,4975585000
2025-12-02,09:53:32,TFIT16281140,99.366,12.846,5000000000,4975285000
2025-12-02,09:53:42,TFIT16281140,99.340,12.850,1000000000,994797000
2025-12-02,09:53:44,TFIT16281140,99.340,12.850,1000000000,994797000
2025-12-02,09:53:44,TFIT16281140,99.320,12.853,4000000000,3978388000
2025-12-02,09:54:12,TFIT16181034,72.559,12.538,5000000000,3672640000
2025-12-02,09:56:18,TFIT16180930,84.471,12.195,1000000000,860635000
2025-12-02,09:56:50,TFIT16180930,84.453,12.201,1000000000,860455000
2025-12-02,09:56:58,TFIT16281140,99.327,12.852,5000000000,4973335000
2025-12-02,10:01:25,TFIT16280428,89.304,11.289,5000000000,4644380000
2025-12-02,10:01:25,TFIT16280428,89.302,11.290,1000000000,928856000
2025-12-02,10:01:25,TFIT16280428,89.300,11.291,5000000000,4644180000
2025-12-02,10:01:25,TFIT16280428,89.285,11.299,5000000000,4643430000
2025-12-02,10:01:25,TFIT16280428,89.285,11.299,5000000000,4643430000
2025-12-02,10:01:25,TFIT16280428,89.285,11.299,10000000000,9286860000
2025-12-02,10:01:25,TFIT16280428,89.283,11.300,5000000000,4643330000
2025-12-02,10:01:29,TFIT16300632,76.385,12.443,5000000000,3967880000
2025-12-02,10:01:29,TFIT16300632,76.385,12.443,5000000000,3967880000
2025-12-02,10:01:29,TFIT16300632,76.384,12.443,5000000000,3967830000
2025-12-02,10:01:29,TFIT16300632,76.379,12.445,5000000000,3967580000
2025-12-02,10:01:29,TFIT16300632,76.376,12.446,5000000000,3967430000
2025-12-02,10:01:30,TFIT23250746,90.110,12.864,10000000000,9420590000
2025-12-02,10:01:32,TFIT16300632,76.376,12.446,10000000000,7934860000
2025-12-02,10:01:34,TFIT11090233,103.033,12.558,5000000000,5688910000
2025-12-02,10:01:35,TFIT11090233,103.029,12.559,5000000000,5688710000
2025-12-02,10:01:38,TFIT05220829,96.853,12.055,2000000000,1998540000
2025-12-02,10:02:04,TFIT23250746,90.085,12.867,5000000000,4709045000
2025-12-02,10:02:04,TFIT23250746,90.070,12.870,5000000000,4708295000
2025-12-02,10:02:04,TFIT23250746,90.070,12.870,5000000000,4708295000
2025-12-02,10:02:07,TFIT16181034,72.530,12.545,6500000000,4772547000
2025-12-02,10:02:19,TFIT16280428,89.283,11.300,5000000000,4643330000
2025-12-02,10:02:22,TFIT16281140,99.275,12.860,5000000000,4970735000
2025-12-02,10:02:27,TFIT05220829,96.846,12.057,5000000000,4996000000
2025-12-02,10:02:27,TFIT05220829,96.842,12.059,5000000000,4995800000
2025-12-02,10:02:27,TFIT05220829,96.839,12.060,15000000000,14986950000
2025-12-02,10:02:27,TFIT05220829,96.819,12.067,5000000000,4994650000
2025-12-02,10:02:27,TFIT05220829,96.814,12.069,5000000000,4994400000
2025-12-02,10:02:31,TFIT05220829,96.811,12.070,10000000000,9988500000
2025-12-02,10:02:36,TFIT16180930,84.453,12.201,4000000000,3441820000
2025-12-02,10:02:49,TFIT05220829,96.811,12.070,3000000000,2996550000
2025-12-02,10:02:49,TFIT05220829,96.797,12.075,5000000000,4993550000
2025-12-02,10:02:49,TFIT05220829,96.787,12.078,80000000000,79888800000
2025-12-02,10:02:49,TFIT05220829,96.786,12.079,30000000000,29958000000
2025-12-02,10:02:49,TFIT05220829,96.784,12.079,5000000000,4992900000
2025-12-02,10:03:47,TFIT11240135,94.579,12.771,2000000000,2092456000
2025-12-02,10:03:47,TFIT11240135,94.579,12.771,5000000000,5231140000
2025-12-02,10:03:50,TFIT16180930,84.397,12.219,5000000000,4299475000
2025-12-02,10:03:52,TFIT11240135,94.576,12.771,5000000000,5230990000
2025-12-02,10:03:53,TFIT16281140,99.243,12.865,1000000000,993827000
2025-12-02,10:03:56,TFIT16281140,99.243,12.865,3000000000,2981481000
2025-12-02,10:03:59,TFIT16281140,99.243,12.865,6000000000,5962962000
2025-12-02,10:17:12,TFIT11090233,103.234,12.515,5000000000,5698960000
2025-12-02,10:17:12,TFIT11090233,103.235,12.515,5000000000,5699010000
2025-12-02,10:17:12,TFIT11090233,103.244,12.513,5000000000,5699460000
2025-12-02,10:17:12,TFIT16281140,99.340,12.850,2000000000,1989594000
2025-12-02,10:17:12,TFIT16281140,99.378,12.844,10000000000,9951770000
2025-12-02,10:17:12,TFIT16281140,99.379,12.844,5000000000,4975935000
2025-12-02,10:17:12,TFIT16281140,99.405,12.840,3000000000,2986341000
2025-12-02,10:17:17,TFIT16281140,99.417,12.838,5000000000,4977835000
2025-12-02,10:21:33,TFIT05220829,96.785,12.079,5000000000,4992950000
2025-12-02,10:24:46,TFIT16300632,76.376,12.446,5000000000,3967430000
2025-12-02,10:26:33,TFIT05220829,96.786,12.079,5000000000,4993000000
2025-12-02,10:26:33,TFIT05220829,96.786,12.079,3000000000,2995800000
2025-12-02,10:26:47,TFIT05220829,96.786,12.079,5000000000,4993000000
2025-12-02,10:26:57,TFIT05220829,96.786,12.079,5000000000,4993000000
2025-12-02,10:30:38,TFIT05220829,96.785,12.079,10000000000,9985900000
2025-12-02,10:31:43,TFIT05220829,96.784,12.079,10000000000,9985800000
2025-12-02,10:32:07,TFIT05220829,96.784,12.079,10000000000,9985800000
2025-12-02,10:32:21,TFIT05220829,96.784,12.079,10000000000,9985800000
2025-12-02,10:33:11,TFIT05220829,96.786,12.079,5000000000,4993000000
2025-12-02,10:33:11,TFIT05220829,96.786,12.079,15000000000,14979000000
2025-12-02,10:33:31,TFIT05220829,96.786,12.079,5000000000,4993000000
2025-12-02,10:33:35,TFIT05220829,96.786,12.079,2000000000,1997200000
2025-12-02,10:33:44,TFIT10260331,79.927,12.350,10000000000,8474070000
2025-12-02,10:33:48,TFIT16180930,84.384,12.223,10000000000,8597650000
2025-12-02,10:33:50,TFIT16180930,84.375,12.226,5000000000,4298375000
2025-12-02,10:40:18,TFIT21280542,76.679,12.664,2000000000,1628868000
2025-12-02,10:40:18,TFIT21280542,76.651,12.669,1000000000,814154000
2025-12-02,10:40:18,TFIT21280542,76.590,12.680,2000000000,1627088000
2025-12-02,10:40:19,TFIT16281140,99.288,12.858,4000000000,3977108000
2025-12-02,10:40:54,TFIT23250746,90.070,12.870,5000000000,4708295000
2025-12-02,10:43:39,TFIT31261050,59.906,12.560,5000000000,3032045000
2025-12-02,10:46:36,TFIT05220829,96.788,12.078,5000000000,4993100000
2025-12-02,10:49:03,TFIT31261050,59.949,12.551,5000000000,3034195000
2025-12-02,10:49:03,TFIT31261050,59.954,12.550,1000000000,606889000
2025-12-02,10:49:31,TFIT16281140,99.333,12.851,5000000000,4973635000
2025-12-02,10:51:54,TFIT05220829,96.797,12.075,5000000000,4993550000
2025-12-02,10:54:04,TFIT05220829,96.791,12.077,5000000000,4993250000
2025-12-02,10:54:04,TFIT05220829,96.791,12.077,5000000000,4993250000
2025-12-02,10:54:04,TFIT05220829,96.788,12.078,5000000000,4993100000
2025-12-02,10:54:04,TFIT05220829,96.786,12.079,15000000000,14979000000
2025-12-02,10:54:04,TFIT05220829,96.785,12.079,5000000000,4992950000
2025-12-02,10:54:20,TFIT16281140,99.275,12.860,5000000000,4970735000
2025-12-02,10:54:20,TFIT16281140,99.275,12.860,5000000000,4970735000
2025-12-02,10:54:20,TFIT16281140,99.269,12.861,5000000000,4970435000
2025-12-02,10:54:20,TFIT16281140,99.262,12.862,5000000000,4970085000
2025-12-02,10:54:20,TFIT16281140,99.262,12.862,5000000000,4970085000
2025-12-02,10:54:20,TFIT16281140,99.259,12.862,4000000000,3975948000
2025-12-02,10:54:23,TFIT16281140,99.259,12.862,1000000000,993987000
2025-12-02,10:54:23,TFIT16281140,99.258,12.862,5000000000,4969885000
2025-12-02,10:54:23,TFIT16281140,99.256,12.863,1000000000,993957000
2025-12-02,10:54:24,TFIT16281140,99.256,12.863,4000000000,3975828000
2025-12-02,10:54:24,TFIT16281140,99.249,12.864,1000000000,993887000
2025-12-02,10:54:27,TFIT11090233,103.043,12.556,5000000000,5689410000
2025-12-02,10:54:27,TFIT11090233,103.038,12.557,20000000000,22756640000
2025-12-02,10:54:40,TFIT31261050,59.906,12.560,5000000000,3032045000
2025-12-02,10:54:40,TFIT31261050,59.897,12.561,5000000000,3031595000
2025-12-02,10:54:40,TFIT31261050,59.896,12.562,5000000000,3031545000
2025-12-02,10:54:44,TFIT16281140,99.243,12.865,5000000000,4969135000
2025-12-02,10:58:25,TFIT16281140,99.225,12.867,5000000000,4968235000
2025-12-02,11:02:21,TFIT11240135,94.510,12.784,5000000000,5227690000
2025-12-02,11:02:59,TFIT11240135,94.583,12.770,10000000000,10462680000
2025-12-02,11:02:59,TFIT11240135,94.584,12.770,5000000000,5231390000
2025-12-02,11:07:13,TFIT11240135,94.584,12.770,5000000000,5231390000
2025-12-02,11:10:32,TFIT11240135,94.536,12.779,4000000000,4183192000
2025-12-02,11:11:08,TFIT05220829,96.774,12.083,5000000000,4992400000
2025-12-02,11:11:08,TFIT05220829,96.770,12.084,5000000000,4992200000
2025-12-02,11:11:08,TFIT05220829,96.763,12.087,5000000000,4991850000
2025-12-02,11:11:08,TFIT05220829,96.760,12.088,5000000000,4991700000
2025-12-02,11:11:08,TFIT05220829,96.758,12.089,5000000000,4991600000
2025-12-02,11:11:08,TFIT05220829,96.758,12.089,5000000000,4991600000
2025-12-02,11:11:08,TFIT05220829,96.755,12.090,33000000000,32943570000
2025-12-02,11:11:08,TFIT05220829,96.755,12.090,12000000000,11979480000
2025-12-02,11:11:12,TFIT05220829,96.755,12.090,3000000000,2994870000
2025-12-02,11:11:14,TFIT05220829,96.752,12.091,1000000000,998260000
2025-12-02,11:11:17,TFIT16180930,84.366,12.229,3000000000,2578755000
2025-12-02,11:11:18,TFIT05220829,96.741,12.095,4000000000,3992600000
2025-12-02,11:11:19,TFIT16180930,84.366,12.229,2000000000,1719170000
2025-12-02,11:11:19,TFIT16180930,84.359,12.231,1000000000,859515000
2025-12-02,11:11:22,TFIT16180930,84.359,12.231,2000000000,1719030000
2025-12-02,11:11:54,TFIT05220829,96.755,12.090,40000000000,39931600000
2025-12-02,11:11:54,TFIT05220829,96.753,12.090,30000000000,29948100000
2025-12-02,11:11:54,TFIT05220829,96.744,12.094,30000000000,29945400000
2025-12-02,11:12:21,TFIT05220829,96.741,12.095,1000000000,998150000
2025-12-02,11:12:21,TFIT05220829,96.738,12.096,5000000000,4990600000
2025-12-02,11:12:21,TFIT05220829,96.738,12.096,5000000000,4990600000
2025-12-02,11:12:21,TFIT05220829,96.733,12.097,40000000000,39922800000
2025-12-02,11:12:28,TFIT05220829,96.732,12.098,2000000000,1996120000
2025-12-02,11:12:45,TFIT11240135,94.536,12.779,1000000000,1045798000
2025-12-02,11:12:45,TFIT11240135,94.536,12.779,4000000000,4183192000
2025-12-02,11:12:48,TFIT05220829,96.732,12.098,15000000000,14970900000
2025-12-02,11:12:48,TFIT05220829,96.732,12.098,5000000000,4990300000
2025-12-02,11:12:48,TFIT05220829,96.730,12.099,10000000000,9980400000
2025-12-02,11:12:48,TFIT05220829,96.728,12.099,5000000000,4990100000
2025-12-02,11:12:48,TFIT05220829,96.728,12.099,5000000000,4990100000
2025-12-02,11:12:48,TFIT05220829,96.726,12.100,2000000000,1996000000
2025-12-02,11:12:48,TFIT05220829,96.724,12.101,45000000000,44909100000
2025-12-02,11:12:49,TFIT05220829,96.724,12.101,2000000000,1995960000
2025-12-02,11:12:52,TFIT05220829,96.727,12.100,2000000000,1996020000
2025-12-02,11:12:53,TFIT16180930,84.325,12.242,5000000000,4295875000
2025-12-02,11:12:54,TFIT05220829,96.699,12.110,3000000000,2993190000
2025-12-02,11:12:54,TFIT05220829,96.727,12.100,2000000000,1996020000
2025-12-02,11:12:55,TFIT16281140,99.178,12.875,5000000000,4965885000
2025-12-02,11:12:55,TFIT16281140,99.172,12.876,5000000000,4965585000
2025-12-02,11:12:55,TFIT16281140,99.172,12.876,5000000000,4965585000
2025-12-02,11:12:55,TFIT16281140,99.165,12.877,5000000000,4965235000
2025-12-02,11:12:57,TFIT16281140,99.165,12.877,5000000000,4965235000
2025-12-02,11:12:57,TFIT16281140,99.160,12.877,5000000000,4964985000
2025-12-02,11:12:57,TFIT16281140,99.159,12.878,5000000000,4964935000
2025-12-02,11:12:57,TFIT16281140,99.147,12.879,5000000000,4964335000
2025-12-02,11:13:00,TFIT11240135,94.536,12.779,1000000000,1045798000
2025-12-02,11:13:00,TFIT11240135,94.524,12.782,5000000000,5228390000
2025-12-02,11:13:00,TFIT11240135,94.524,12.782,5000000000,5228390000
2025-12-02,11:13:00,TFIT11240135,94.524,12.782,4000000000,4182712000
2025-12-02,11:13:01,TFIT16281140,99.146,12.880,5000000000,4964285000
2025-12-02,11:13:01,TFIT16281140,99.146,12.880,5000000000,4964285000
2025-12-02,11:13:03,TFIT16281140,99.146,12.880,5000000000,4964285000
2025-12-02,11:13:21,TFIT08031127,91.745,10.718,15000000000,13830270000
2025-12-02,11:13:21,TFIT08031127,91.744,10.719,15000000000,13830120000
2025-12-02,11:13:21,TFIT08031127,91.736,10.724,15000000000,13828920000
2025-12-02,11:13:21,TFIT08031127,91.736,10.724,15000000000,13828920000
2025-12-02,11:13:21,TFIT08031127,91.727,10.730,5000000000,4609190000
2025-12-02,11:16:05,TFIT23250746,90.070,12.870,1000000000,941659000
2025-12-02,11:16:09,TFIT23250746,90.070,12.870,4000000000,3766636000
2025-12-02,11:16:13,TFIT23250746,90.064,12.871,3000000000,2824797000
2025-12-02,11:16:13,TFIT23250746,90.064,12.871,2000000000,1883198000
2025-12-02,11:17:06,TFIT31261050,59.906,12.560,5000000000,3032045000
2025-12-02,11:17:06,TFIT31261050,59.906,12.560,5000000000,3032045000
2025-12-02,11:17:06,TFIT31261050,59.901,12.561,4000000000,2425436000
2025-12-02,11:17:07,TFIT10260331,79.838,12.377,5000000000,4232585000
2025-12-02,11:17:07,TFIT10260331,79.837,12.378,15000000000,12697605000
2025-12-02,11:17:07,TFIT10260331,79.834,12.379,10000000000,8464770000
2025-12-02,11:17:09,TFIT31261050,59.901,12.561,1000000000,606359000
2025-12-02,11:17:09,TFIT31261050,59.896,12.562,4000000000,2425236000
2025-12-02,11:17:50,TFIT16180930,84.254,12.265,1000000000,858465000
2025-12-02,11:18:49,TFIT16090736,64.006,12.560,5000000000,3325300000
2025-12-02,11:18:56,TFIT31261050,59.906,12.560,5000000000,3032045000
2025-12-02,11:18:56,TFIT31261050,59.906,12.560,5000000000,3032045000
2025-12-02,11:22:55,TFIT16280428,89.267,11.309,5000000000,4642530000
2025-12-02,11:23:08,TFIT11240135,94.491,12.788,5000000000,5226740000
2025-12-02,11:23:18,TFIT16181034,72.467,12.560,5000000000,3668040000
2025-12-02,11:23:28,TFIT31261050,59.905,12.560,5000000000,3031995000
2025-12-02,11:24:17,TFIT16281140,99.146,12.880,5000000000,4964285000
2025-12-02,11:24:50,TFIT16280428,89.267,11.309,5000000000,4642530000
2025-12-02,11:24:51,TFIT16280428,89.265,11.310,5000000000,4642430000
2025-12-02,11:24:52,TFIT16280428,89.256,11.315,2000000000,1856792000
2025-12-02,11:26:27,TFIT16090736,64.103,12.537,5000000000,3330150000
2025-12-02,11:26:27,TFIT16090736,64.107,12.536,5000000000,3330350000
2025-12-02,11:26:27,TFIT16090736,64.124,12.532,15000000000,9993600000
2025-12-02,11:26:32,TFIT21280542,76.806,12.641,5000000000,4078520000
2025-12-02,11:26:32,TFIT21280542,76.811,12.640,5000000000,4078770000
2025-12-02,11:26:49,TFIT16280428,89.283,11.300,15000000000,13929990000
2025-12-02,11:26:49,TFIT16280428,89.293,11.295,8000000000,7430128000
2025-12-02,11:26:49,TFIT16280428,89.300,11.291,5000000000,4644180000
2025-12-02,11:26:49,TFIT16280428,89.300,11.291,2000000000,1857672000
2025-12-02,11:26:49,TFIT11240135,94.554,12.776,5000000000,5229890000
2025-12-02,11:26:49,TFIT11240135,94.559,12.775,5000000000,5230140000
2025-12-02,11:26:49,TFIT11240135,94.584,12.770,15000000000,15694170000
2025-12-02,11:26:52,TFIT11090233,103.164,12.530,1000000000,1139092000
2025-12-02,11:26:57,TFIT11240135,94.599,12.767,5000000000,5232140000
2025-12-02,11:27:00,TFIT31261050,59.979,12.545,15000000000,9107085000
2025-12-02,11:27:03,TFIT23250746,90.163,12.855,3500000000,3299061500
2025-12-02,11:27:03,TFIT23250746,90.168,12.855,1500000000,1413958500
2025-12-02,11:27:04,TFIT23250746,90.168,12.855,3500000000,3299236500
2025-12-02,11:27:04,TFIT23250746,90.201,12.850,1500000000,1414453500
2025-12-02,11:27:05,TFIT23250746,90.201,12.850,3500000000,3300391500
2025-12-02,11:27:05,TFIT23250746,90.201,12.850,5000000000,4714845000
2025-12-02,11:27:08,TFIT05220829,96.752,12.091,5000000000,4991300000
2025-12-02,11:27:09,TFIT23250746,90.228,12.846,5000000000,4716195000
2025-12-02,11:27:09,TFIT05220829,96.758,12.089,5000000000,4991600000
2025-12-02,11:27:17,TFIT23250746,90.254,12.842,5000000000,4717495000
2025-12-02,11:27:19,TFIT16281140,99.339,12.850,5000000000,4973935000
2025-12-02,11:27:30,TFIT16280428,89.283,11.300,15000000000,13929990000
2025-12-02,11:27:56,TFIT16280428,89.283,11.300,5000000000,4643330000
2025-12-02,11:30:02,TFIT11240135,94.760,12.735,10000000000,10480380000
2025-12-02,11:30:07,TFIT16281140,99.353,12.848,5000000000,4974635000
2025-12-02,11:30:07,TFIT16281140,99.359,12.847,5000000000,4974935000
2025-12-02,11:30:07,TFIT16281140,99.379,12.844,5000000000,4975935000
2025-12-02,11:30:15,TFIT16280428,89.283,11.300,15000000000,13929990000
2025-12-02,11:30:19,TFIT16181034,72.700,12.504,5000000000,3679690000
2025-12-02,11:30:22,TFIT11090233,103.258,12.510,5000000000,5700160000
2025-12-02,11:30:24,TFIT11090233,103.272,12.507,5000000000,5700860000
2025-12-02,11:30:24,TFIT11090233,103.277,12.506,5000000000,5701110000
2025-12-02,11:30:24,TFIT11090233,103.278,12.505,5000000000,5701160000
2025-12-02,11:30:29,TFIT16280428,89.283,11.300,4000000000,3714664000
2025-12-02,11:30:30,TFIT23250746,90.267,12.840,5000000000,4718145000
2025-12-02,11:30:31,TFIT16181034,72.717,12.500,5000000000,3680540000
2025-12-02,11:30:31,TFIT16281140,99.405,12.840,5000000000,4977235000
2025-12-02,11:30:34,TFIT16280428,89.283,11.300,4000000000,3714664000
2025-12-02,11:31:13,TFIT11240135,94.760,12.735,10000000000,10480380000
2025-12-02,11:31:41,TFIT11090233,103.281,12.505,5000000000,5701310000
2025-12-02,11:34:07,TFIT16280428,89.248,11.319,5000000000,4641580000
2025-12-02,11:34:07,TFIT16280428,89.238,11.324,10000000000,9282160000
2025-12-02,11:34:10,TFIT05220829,96.741,12.095,20000000000,19963000000
2025-12-02,11:34:33,TFIT05220829,96.739,12.095,9000000000,8983170000
2025-12-02,11:34:34,TFIT05220829,96.739,12.095,5000000000,4990650000
2025-12-02,11:35:16,TFIT05220829,96.739,12.095,20000000000,19962600000
2025-12-02,11:35:21,TFIT05220829,96.739,12.095,20000000000,19962600000
2025-12-02,11:35:32,TFIT05220829,96.739,12.095,20000000000,19962600000
2025-12-02,11:36:09,TFIT05220829,96.739,12.095,5000000000,4990650000
2025-12-02,11:36:11,TFIT16281140,99.340,12.850,1000000000,994797000
2025-12-02,11:36:31,TFIT05220829,96.755,12.090,5000000000,4991450000
2025-12-02,11:36:33,TFIT16280428,89.265,11.310,5000000000,4642430000
2025-12-02,11:36:43,TFIT05220829,96.755,12.090,40000000000,39931600000
2025-12-02,11:37:36,TFIT16280428,89.283,11.300,10000000000,9286660000
2025-12-02,11:38:10,TFIT11090233,103.304,12.500,5000000000,5702460000
2025-12-02,11:38:12,TFIT11090233,103.305,12.500,5000000000,5702510000
2025-12-02,11:48:08,TFIT05220829,96.739,12.095,5000000000,4990650000
2025-12-02,11:48:11,TFIT16181034,72.759,12.490,5000000000,3682640000
2025-12-02,11:50:38,TFIT05220829,96.739,12.095,5000000000,4990650000
2025-12-02,11:51:08,TFIT05220829,96.739,12.095,5000000000,4990650000
2025-12-02,11:51:30,TFIT05220829,96.732,12.098,5000000000,4990300000
2025-12-02,11:51:30,TFIT05220829,96.721,12.102,35000000000,34928250000
2025-12-02,11:51:38,TFIT05220829,96.739,12.095,5000000000,4990650000
2025-12-02,11:51:56,TFIT16280428,89.265,11.310,15000000000,13927290000
2025-12-02,11:52:07,TFIT16280428,89.265,11.310,25000000000,23212150000
2025-12-02,11:52:36,TFIT16280428,89.265,11.310,15000000000,13927290000
2025-12-02,11:54:44,TFIT23250746,90.162,12.856,5000000000,4712895000
2025-12-02,11:59:59,TFIT05220829,96.739,12.095,4000000000,3992520000
2025-12-02,12:05:54,TFIT15260826,98.683,9.348,5000000000,5034835000
2025-12-02,12:15:32,TFIT16181034,72.759,12.490,2500000000,1841320000
2025-12-02,12:15:37,TFIT16281140,99.243,12.865,10000000000,9938270000
2025-12-02,12:15:42,TFIT16181034,72.759,12.490,2500000000,1841320000
2025-12-02,12:16:00,TFIT23250746,90.175,12.854,5000000000,4713545000
2025-12-02,12:16:00,TFIT23250746,90.168,12.855,5000000000,4713195000
2025-12-02,12:16:01,TFIT23250746,90.162,12.856,5000000000,4712895000
2025-12-02,12:16:05,TFIT23250746,90.155,12.857,3000000000,2827527000
2025-12-02,12:16:10,TFIT11090233,103.127,12.538,5000000000,5693610000
2025-12-02,12:16:11,TFIT23250746,90.155,12.857,2000000000,1885018000
2025-12-02,12:16:20,TFIT05220829,96.718,12.103,5000000000,4989600000
2025-12-02,12:16:23,TFIT05220829,96.718,12.103,5000000000,4989600000
2025-12-02,12:17:52,TFIT31261050,59.949,12.551,1000000000,606839000
2025-12-02,12:18:34,TFIT11240135,94.509,12.785,1000000000,1045528000
2025-12-02,12:18:49,TFIT31261050,59.945,12.552,5000000000,3033995000
2025-12-02,12:19:01,TFIT11240135,94.509,12.785,4000000000,4182112000
2025-12-02,12:19:01,TFIT11240135,94.504,12.786,1000000000,1045478000
2025-12-02,12:20:57,TFIT23250746,90.155,12.857,3000000000,2827527000
2025-12-02,12:20:57,TFIT23250746,90.149,12.858,2000000000,1884898000
2025-12-02,12:21:03,TFIT23250746,90.149,12.858,6000000000,5654694000
2025-12-02,12:26:34,TFIT16180930,84.269,12.260,15000000000,12879225000
2025-12-02,12:26:39,TFIT16280428,89.237,11.325,1000000000,928206000
2025-12-02,12:26:39,TFIT16280428,89.228,11.330,1000000000,928116000
2025-12-02,12:26:39,TFIT16280428,89.226,11.331,1000000000,928096000
2025-12-02,12:26:39,TFIT16280428,89.224,11.332,5000000000,4640380000
2025-12-02,12:26:39,TFIT16280428,89.224,11.332,5500000000,5104418000
2025-12-02,12:26:40,TFIT16280428,89.215,11.337,5000000000,4639930000
2025-12-02,12:26:40,TFIT16280428,89.213,11.338,2000000000,1855932000
2025-12-02,12:26:51,TFIT16280428,89.213,11.338,3000000000,2783898000
2025-12-02,12:26:51,TFIT16280428,89.210,11.340,2000000000,1855872000
2025-12-02,12:26:51,TFIT16280428,89.209,11.340,5000000000,4639630000
2025-12-02,12:26:59,TFIT05220829,96.713,12.105,5000000000,4989350000
2025-12-02,12:27:03,TFIT16280428,89.191,11.350,1500000000,1391619000
2025-12-02,12:27:03,TFIT16280428,89.191,11.350,2000000000,1855492000
2025-12-02,12:27:06,TFIT05220829,96.710,12.106,10000000000,9978400000
2025-12-02,12:27:07,TFIT05220829,96.701,12.109,5000000000,4988750000
2025-12-02,12:27:07,TFIT05220829,96.699,12.110,55000000000,54875150000
2025-12-02,12:27:08,TFIT16280428,89.190,11.350,5000000000,4638680000
2025-12-02,12:27:13,TFIT05220829,96.699,12.110,1000000000,997730000
2025-12-02,12:27:20,TFIT11090233,103.117,12.540,1500000000,1707933000
2025-12-02,12:27:24,TFIT11240135,94.484,12.790,5000000000,5226390000
2025-12-02,12:27:25,TFIT11240135,94.484,12.790,2000000000,2090556000
2025-12-02,12:27:25,TFIT11240135,94.479,12.791,3000000000,3135684000
2025-12-02,12:27:30,TFIT11240135,94.479,12.791,2000000000,2090456000
2025-12-02,12:27:43,TFIT11240135,94.474,12.792,5000000000,5225890000
2025-12-02,12:30:47,TFIT31261050,59.906,12.560,5000000000,3032045000
2025-12-02,12:31:08,TFIT16280428,89.183,11.354,2000000000,1855332000
2025-12-02,12:31:45,TFIT05220829,96.699,12.110,9000000000,8979570000
2025-12-02,12:31:45,TFIT05220829,96.671,12.120,1000000000,997450000
2025-12-02,12:31:45,TFIT05220829,96.658,12.124,5000000000,4986600000
2025-12-02,12:31:59,TFIT31261050,59.886,12.564,1500000000,909313500
2025-12-02,12:37:28,TFIT05220829,96.644,12.129,5000000000,4985900000
2025-12-02,12:40:12,TFIT10260331,79.798,12.390,10000000000,8461170000
2025-12-02,12:40:13,TFIT21280542,76.856,12.632,5000000000,4081020000
2025-12-02,12:40:13,TFIT10260331,79.801,12.389,10000000000,8461470000
2025-12-02,12:40:13,TFIT10260331,79.830,12.380,5000000000,4232185000
2025-12-02,12:40:14,TFIT16300632,76.379,12.445,5000000000,3967580000
2025-12-02,12:40:14,TFIT16300632,76.390,12.442,5000000000,3968130000
2025-12-02,12:40:14,TFIT16300632,76.397,12.440,5000000000,3968480000
2025-12-02,12:40:14,TFIT16181034,72.692,12.506,15000000000,11037870000
2025-12-02,12:40:14,TFIT21280542,76.867,12.630,5000000000,4081570000
2025-12-02,12:40:14,TFIT21280542,76.878,12.628,5000000000,4082120000
2025-12-02,12:40:14,TFIT21280542,76.883,12.627,5000000000,4082370000
2025-12-02,12:40:15,TFIT16090736,64.149,12.526,5000000000,3332450000
2025-12-02,12:40:15,TFIT16090736,64.153,12.525,10000000000,6665300000
2025-12-02,12:40:15,TFIT16090736,64.174,12.520,5000000000,3333700000
2025-12-02,12:40:15,TFIT23250746,90.154,12.857,5000000000,4712495000
2025-12-02,12:40:15,TFIT23250746,90.155,12.857,5000000000,4712545000
2025-12-02,12:40:15,TFIT23250746,90.182,12.853,5000000000,4713895000
2025-12-02,12:40:15,TFIT23250746,90.201,12.850,2000000000,1885938000
2025-12-02,12:40:15,TFIT11240135,94.584,12.770,5000000000,5231390000
2025-12-02,12:40:15,TFIT11240135,94.584,12.770,5000000000,5231390000
2025-12-02,12:40:15,TFIT11240135,94.629,12.761,5000000000,5233640000
2025-12-02,12:40:15,TFIT11240135,94.630,12.761,5000000000,5233690000
2025-12-02,12:40:15,TFIT11240135,94.630,12.761,5000000000,5233690000
2025-12-02,12:40:15,TFIT11240135,94.635,12.760,5000000000,5233940000
2025-12-02,12:40:15,TFIT11240135,94.635,12.760,5000000000,5233940000
2025-12-02,12:40:15,TFIT11240135,94.644,12.758,2000000000,2093756000
2025-12-02,12:40:16,TFIT31261050,59.867,12.568,4500000000,2727085500
2025-12-02,12:40:23,TFIT16281140,99.307,12.855,15000000000,14917005000
2025-12-02,12:40:23,TFIT16281140,99.314,12.854,5000000000,4972685000
2025-12-02,12:40:36,TFIT31261050,59.862,12.569,5000000000,3029845000
2025-12-02,12:40:56,TFIT23250746,90.326,12.831,10000000000,9442190000
2025-12-02,12:41:04,TFIT16090736,64.229,12.507,5000000000,3336450000
2025-12-02,12:41:12,TFIT05220829,96.696,12.111,17500000000,17459750000
2025-12-02,12:41:17,TFIT16180930,84.345,12.235,2000000000,1718750000
2025-12-02,12:42:38,TFIT16281140,99.320,12.853,3000000000,2983791000
2025-12-02,12:42:41,TFIT16180930,84.266,12.261,1000000000,858585000
2025-12-02,12:42:47,TFIT05220829,96.696,12.111,5000000000,4988500000
2025-12-02,12:43:16,TFIT23250746,90.391,12.821,1000000000,944869000
2025-12-02,12:44:26,TFIT16300632,76.396,12.440,5000000000,3968430000
2025-12-02,12:44:27,TFIT16300632,76.397,12.440,5000000000,3968480000
2025-12-02,12:50:33,TFIT05220829,96.727,12.100,2000000000,1996020000
2025-12-02,12:51:14,TFIT05220829,96.727,12.100,3000000000,2994030000
2025-12-02,12:51:42,TFIT10260331,79.956,12.341,5000000000,4238485000
2025-12-02,12:54:28,TFIT05220829,96.741,12.095,5000000000,4990750000
2025-12-02,12:54:34,TFIT05220829,96.741,12.095,2000000000,1996300000
2025-12-02,12:54:55,TFIT16300632,76.434,12.430,7500000000,5955495000
2025-12-02,12:55:03,TFIT05220829,96.741,12.095,1000000000,998150000
2025-12-02,12:55:08,TFIT16280428,89.244,11.321,5000000000,4641380000
2025-12-02,12:56:29,TFIT08031127,91.865,10.641,5000000000,4616090000
2025-12-02,12:56:29,TFIT08031127,91.867,10.640,10000000000,9232380000
2025-12-02,12:57:20,TFIT16281140,99.470,12.830,1000000000,996097000
2025-12-02,12:59:35,TFIT16300632,76.429,12.431,10000000000,7940160000
2025-12-02,12:59:35,TFIT16300632,76.434,12.430,7500000000,5955495000
2025-12-02,12:59:36,TFIT10260331,79.927,12.350,5000000000,4237035000
2025-12-02,12:59:36,TFIT10260331,79.930,12.349,20000000000,16948740000
2025-12-02,12:59:38,TFIT05220829,96.741,12.095,4000000000,3992600000
2025-12-02,12:59:38,TFIT05220829,96.741,12.095,5000000000,4990750000
2025-12-02,12:59:38,TFIT05220829,96.746,12.093,5000000000,4991000000
2025-12-02,12:59:38,TFIT05220829,96.746,12.093,1000000000,998200000
2025-12-02,12:59:39,TFIT10260331,79.934,12.348,10000000000,8474770000
2025-12-02,12:59:41,TFIT11240135,94.801,12.727,5000000000,5242240000
2025-12-02,12:59:41,TFIT16180930,84.391,12.221,1000000000,859835000
2025-12-02,12:59:42,TFIT05220829,96.746,12.093,3000000000,2994600000
2025-12-02,12:59:42,TFIT11240135,94.806,12.726,5000000000,5242490000
2025-12-02,12:59:46,TFIT05220829,96.747,12.092,10000000000,9982100000
2025-12-02,12:59:48,TFIT11240135,94.810,12.725,5000000000,5242690000
2025-12-02,12:59:49,TFIT31261050,60.197,12.500,1000000000,609319000
2025-12-02,12:59:50,TFIT05220829,96.749,12.092,5000000000,4991150000
2025-12-02,12:59:50,TFIT05220829,96.749,12.092,2000000000,1996460000
2025-12-02,12:59:52,TFIT16180930,84.391,12.221,1500000000,1289752500
2025-12-02,12:59:52,TFIT16281140,99.535,12.820,2500000000,2491867500
2025-12-02,12:59:53,TFIT16280428,89.265,11.310,25000000000,23212150000
2025-12-03,08:24:52,TFIT23250746,90.728,12.770,5000000000,4742770000
2025-12-03,08:24:52,TFIT23250746,90.734,12.769,10000000000,9486140000
2025-12-03,08:24:52,TFIT23250746,90.794,12.760,5000000000,4746070000
2025-12-03,08:24:56,TFIT23250746,90.794,12.760,5000000000,4746070000
2025-12-03,08:27:00,TFIT16281140,99.728,12.790,5000000000,4995135000
2025-12-03,09:35:02,TFIT05220829,96.797,12.075,5000000000,4995055000
2025-12-03,09:35:12,TFIT05220829,96.790,12.078,3000000000,2996823000
2025-12-03,09:35:16,TFIT05220829,96.790,12.078,2000000000,1997882000
2025-12-03,09:35:16,TFIT05220829,96.789,12.078,3000000000,2996793000
2025-12-03,09:35:17,TFIT05220829,96.789,12.078,2000000000,1997862000
2025-12-03,09:35:20,TFIT05220829,96.787,12.079,5000000000,4994555000
2025-12-03,09:39:21,TFIT05220829,96.794,12.076,5000000000,4994905000
2025-12-03,09:44:14,TFIT05220829,96.797,12.075,5000000000,4995055000
2025-12-03,09:44:14,TFIT05220829,96.794,12.076,5000000000,4994905000
2025-12-03,09:48:50,TFIT05220829,96.800,12.074,1000000000,999041000
2025-12-03,09:49:12,TFIT05220829,96.800,12.074,4000000000,3996164000
2025-12-03,10:04:06,TFIT05220829,96.817,12.068,1000000000,999211000
2025-12-03,10:04:45,TFIT23250746,90.735,12.769,1000000000,948624000
2025-12-03,10:11:22,TFIT16180930,84.490,12.191,1000000000,861037000
2025-12-03,10:12:02,TFIT05220829,96.834,12.062,5000000000,4996905000
2025-12-03,10:13:12,TFIT23250746,90.781,12.762,5000000000,4745420000
2025-12-03,10:15:27,TFIT05220829,96.887,12.043,1000000000,999911000
2025-12-03,10:16:01,TFIT31261050,60.198,12.500,10000000000,6095280000
2025-12-03,10:16:05,TFIT34130358,93.775,12.794,5000000000,5124365000
2025-12-03,10:16:05,TFIT34130358,93.783,12.793,5000000000,5124765000
2025-12-03,10:16:05,TFIT34130358,93.790,12.792,5000000000,5125115000
2025-12-03,10:16:05,TFIT34130358,93.796,12.791,5000000000,5125415000
2025-12-03,10:16:09,TFIT34130358,93.797,12.791,5000000000,5125465000
2025-12-03,10:16:10,TFIT31261050,60.242,12.491,5000000000,3049840000
2025-12-03,10:16:11,TFIT31261050,60.266,12.486,10000000000,6102080000
2025-12-03,10:16:18,TFIT34130358,93.869,12.781,5000000000,5129065000
2025-12-03,10:16:24,TFIT23250746,90.801,12.759,5000000000,4746420000
2025-12-03,10:23:39,TFIT05220829,96.839,12.060,3000000000,2998293000
2025-12-03,10:23:39,TFIT05220829,96.814,12.069,5000000000,4995905000
2025-12-03,10:23:39,TFIT05220829,96.811,12.070,5000000000,4995755000
2025-12-03,10:23:39,TFIT05220829,96.808,12.071,5000000000,4995605000
2025-12-03,10:23:39,TFIT05220829,96.806,12.072,5000000000,4995505000
2025-12-03,10:23:39,TFIT05220829,96.806,12.072,8000000000,7992808000
2025-12-03,10:23:39,TFIT05220829,96.803,12.073,5000000000,4995355000
2025-12-03,10:23:39,TFIT05220829,96.803,12.073,5000000000,4995355000
2025-12-03,10:23:39,TFIT05220829,96.802,12.073,5000000000,4995305000
2025-12-03,10:23:39,TFIT05220829,96.802,12.073,5000000000,4995305000
2025-12-03,10:23:39,TFIT05220829,96.802,12.073,5000000000,4995305000
2025-12-03,10:23:39,TFIT05220829,96.802,12.073,5000000000,4995305000
2025-12-03,10:23:39,TFIT05220829,96.798,12.075,20000000000,19980420000
2025-12-03,10:23:39,TFIT05220829,96.789,12.078,5000000000,4994655000
2025-12-03,10:23:39,TFIT05220829,96.789,12.078,79000000000,78915549000
2025-12-03,10:23:41,TFIT05220829,96.789,12.078,1000000000,998931000
2025-12-03,10:23:41,TFIT05220829,96.784,12.080,4000000000,3995524000
2025-12-03,10:23:42,TFIT05220829,96.784,12.080,5000000000,4994405000
2025-12-03,10:23:56,TFIT16280428,89.280,11.308,3000000000,2786400000
2025-12-03,10:23:57,TFIT05220829,96.784,12.080,28000000000,27968668000
2025-12-03,10:23:57,TFIT05220829,96.784,12.080,30000000000,29966430000
2025-12-03,10:32:28,TFIT05220829,96.786,12.079,1500000000,1498351500
2025-12-03,10:32:28,TFIT05220829,96.786,12.079,5000000000,4994505000
2025-12-03,10:32:28,TFIT05220829,96.784,12.080,10000000000,9988810000
2025-12-03,10:32:28,TFIT05220829,96.783,12.080,4500000000,4494919500
2025-12-03,10:32:45,TFIT16280428,89.282,11.307,2000000000,1857640000
2025-12-03,10:36:05,TFIT16281140,99.565,12.815,1000000000,997397000
2025-12-03,10:51:39,TFIT16281140,99.728,12.790,6000000000,5994162000
2025-12-03,10:51:51,TFIT11240135,94.990,12.690,2500000000,2626650000
2025-12-03,10:56:34,TFIT05220829,96.817,12.068,5000000000,4996055000
2025-12-03,10:56:34,TFIT05220829,96.820,12.067,5000000000,4996205000
2025-12-03,10:56:34,TFIT05220829,96.822,12.066,5000000000,4996305000
2025-12-03,10:56:35,TFIT05220829,96.824,12.065,5000000000,4996405000
2025-12-03,10:56:35,TFIT05220829,96.824,12.065,5000000000,4996405000
2025-12-03,10:56:35,TFIT05220829,96.824,12.065,5000000000,4996405000
2025-12-03,10:56:35,TFIT05220829,96.825,12.065,10000000000,9992910000
2025-12-03,10:56:37,TFIT31261050,60.291,12.481,10000000000,6104580000
2025-12-03,10:56:37,TFIT31261050,60.296,12.480,5000000000,3052540000
2025-12-03,10:56:37,TFIT31261050,60.305,12.478,5000000000,3052990000
2025-12-03,10:56:37,TFIT31261050,60.305,12.478,5000000000,3052990000
2025-12-03,10:56:37,TFIT31261050,60.310,12.477,5000000000,3053240000
2025-12-03,10:56:37,TFIT31261050,60.315,12.476,5000000000,3053490000
2025-12-03,10:56:37,TFIT31261050,60.345,12.470,5000000000,3054990000
2025-12-03,10:56:46,TFIT34130358,94.093,12.750,5000000000,5140265000
2025-12-03,10:56:46,TFIT34130358,94.116,12.747,5000000000,5141415000
2025-12-03,10:56:46,TFIT34130358,94.123,12.746,5000000000,5141765000
2025-12-03,10:56:46,TFIT34130358,94.123,12.746,5000000000,5141765000
2025-12-03,10:56:46,TFIT34130358,94.130,12.745,2000000000,2056846000
2025-12-03,10:56:46,TFIT34130358,94.145,12.743,5000000000,5142865000
2025-12-03,10:56:46,TFIT34130358,94.255,12.728,29500000000,30375353500
2025-12-03,10:56:46,TFIT34130358,94.262,12.727,5000000000,5148715000
2025-12-03,10:56:46,TFIT34130358,94.269,12.726,5000000000,5149065000
2025-12-03,10:56:46,TFIT23250746,90.861,12.750,10000000000,9498840000
2025-12-03,10:56:46,TFIT23250746,90.901,12.744,5000000000,4751420000
2025-12-03,10:56:46,TFIT23250746,90.933,12.739,5000000000,4753020000
2025-12-03,10:56:46,TFIT23250746,90.987,12.731,5000000000,4755720000
2025-12-03,10:56:46,TFIT16281140,99.884,12.766,5000000000,5002935000
2025-12-03,10:56:46,TFIT16281140,99.904,12.763,5000000000,5003935000
2025-12-03,10:56:46,TFIT16281140,99.930,12.759,10500000000,10510993500
2025-12-03,10:56:46,TFIT16281140,99.956,12.755,5000000000,5006535000
2025-12-03,10:56:46,TFIT16281140,99.963,12.754,5000000000,5006885000
2025-12-03,10:56:46,TFIT16281140,99.969,12.753,5000000000,5007185000
2025-12-03,10:56:46,TFIT16281140,99.982,12.751,5000000000,5007835000
2025-12-03,10:56:48,TFIT11090233,103.517,12.455,6000000000,6857910000
2025-12-03,10:56:48,TFIT11090233,103.522,12.454,5000000000,5715175000
2025-12-03,10:56:48,TFIT11090233,103.525,12.453,5000000000,5715325000
2025-12-03,10:56:48,TFIT11090233,103.531,12.452,5000000000,5715625000
2025-12-03,10:56:49,TFIT21280542,77.314,12.550,5000000000,4105185000
2025-12-03,10:56:49,TFIT21280542,77.353,12.543,5000000000,4107135000
2025-12-03,10:56:50,TFIT05220829,96.856,12.054,5000000000,4998005000
2025-12-03,10:56:51,TFIT05220829,96.859,12.053,5000000000,4998155000
2025-12-03,10:56:51,TFIT11090233,103.587,12.440,1000000000,1143685000
2025-12-03,10:56:53,TFIT34130358,94.386,12.710,5000000000,5154915000
2025-12-03,10:56:54,TFIT11240135,95.031,12.682,5000000000,5255350000
2025-12-03,10:56:56,TFIT05220829,96.865,12.051,1000000000,999691000
2025-12-03,10:56:56,TFIT05220829,96.867,12.050,4000000000,3998844000
2025-12-03,10:56:58,TFIT11240135,95.142,12.660,5000000000,5260900000
2025-12-03,10:57:00,TFIT16281140,100.048,12.741,1000000000,1002227000
2025-12-03,10:57:01,TFIT16280428,89.387,11.250,10000000000,9298700000
2025-12-03,10:57:08,TFIT05220829,96.867,12.050,1000000000,999711000
2025-12-03,10:58:55,TFIT16300632,76.760,12.342,2000000000,1595036000
2025-12-03,10:58:57,TFIT10260331,80.093,12.301,1000000000,849259000
2025-12-03,10:59:09,TFIT16180930,84.453,12.203,5000000000,4303335000
2025-12-03,11:01:03,TFIT16280428,89.391,11.248,3000000000,2789730000
2025-12-03,11:02:36,TFIT16180930,84.453,12.203,1000000000,860667000
2025-12-03,11:03:44,TFIT16180930,84.462,12.200,1000000000,860757000
2025-12-03,11:03:54,TFIT16180930,84.462,12.200,1000000000,860757000
2025-12-03,11:12:51,TFIT34130358,94.386,12.710,1000000000,1030983000
2025-12-03,11:13:47,TFIT31261050,60.276,12.484,1500000000,915462000
2025-12-03,11:24:34,TFIT10260331,80.090,12.302,5000000000,4246145000
2025-12-03,11:24:34,TFIT10260331,80.093,12.301,5000000000,4246295000
2025-12-03,11:24:34,TFIT10260331,80.093,12.301,5000000000,4246295000
2025-12-03,11:24:34,TFIT10260331,80.097,12.300,10000000000,8492990000
2025-12-03,11:27:41,TFIT05220829,96.862,12.052,1500000000,1499491500
2025-12-03,11:27:41,TFIT05220829,96.865,12.051,2000000000,1999382000
2025-12-03,11:27:41,TFIT05220829,96.867,12.050,2000000000,1999422000
2025-12-03,11:27:41,TFIT05220829,96.870,12.049,5000000000,4998705000
2025-12-03,11:27:41,TFIT05220829,96.879,12.046,5000000000,4999155000
2025-12-03,11:27:41,TFIT05220829,96.879,12.046,5000000000,4999155000
2025-12-03,11:27:41,TFIT05220829,96.889,12.042,10000000000,9999310000
2025-12-03,11:27:41,TFIT05220829,96.890,12.042,5000000000,4999705000
2025-12-03,11:27:41,TFIT05220829,96.890,12.042,1000000000,999941000
2025-12-03,11:27:41,TFIT05220829,96.891,12.042,5000000000,4999755000
2025-12-03,11:27:41,TFIT05220829,96.891,12.042,5000000000,4999755000
2025-12-03,11:27:41,TFIT05220829,96.893,12.041,1000000000,999971000
2025-12-03,11:27:45,TFIT05220829,96.932,12.027,5000000000,5001805000
2025-12-03,11:27:48,TFIT11240135,95.238,12.641,5000000000,5265700000
2025-12-03,11:27:49,TFIT16280428,89.387,11.250,10000000000,9298700000
2025-12-03,11:27:49,TFIT16280428,89.394,11.246,5000000000,4649700000
2025-12-03,11:27:49,TFIT16280428,89.394,11.246,5000000000,4649700000
2025-12-03,11:27:49,TFIT16280428,89.395,11.246,5000000000,4649750000
2025-12-03,11:27:49,TFIT16280428,89.395,11.246,5000000000,4649750000
2025-12-03,11:27:49,TFIT16280428,89.395,11.246,5000000000,4649750000
2025-12-03,11:27:49,TFIT16280428,89.396,11.245,5000000000,4649800000
2025-12-03,11:27:49,TFIT16280428,89.396,11.245,5000000000,4649800000
2025-12-03,11:27:49,TFIT16280428,89.397,11.245,5000000000,4649850000
2025-12-03,11:27:49,TFIT16280428,89.397,11.245,5000000000,4649850000
2025-12-03,11:27:49,TFIT16280428,89.397,11.245,5000000000,4649850000
2025-12-03,11:27:49,TFIT16280428,89.412,11.237,5000000000,4650600000
2025-12-03,11:27:49,TFIT16280428,89.415,11.235,12000000000,11161800000
2025-12-03,11:27:49,TFIT16280428,89.421,11.232,3000000000,2790630000
2025-12-03,11:27:52,TFIT11240135,95.243,12.640,5000000000,5265950000
2025-12-03,11:27:55,TFIT34130358,94.385,12.710,1000000000,1030973000
2025-12-03,11:27:55,TFIT16180930,84.492,12.190,3000000000,2583171000
2025-12-03,11:27:55,TFIT34130358,94.386,12.710,1000000000,1030983000
2025-12-03,11:27:57,TFIT23250746,91.160,12.705,5000000000,4764370000
2025-12-03,11:28:04,TFIT23250746,91.160,12.705,5000000000,4764370000
2025-12-03,11:28:43,TFIT23250746,91.261,12.690,5000000000,4769420000
2025-12-03,11:35:01,TFIT16180930,84.493,12.190,5000000000,4305335000
2025-12-03,11:40:55,TFIT16280428,89.413,11.236,7000000000,6510910000
2025-12-03,11:40:55,TFIT16280428,89.415,11.235,10000000000,9301500000
2025-12-03,11:40:55,TFIT16280428,89.421,11.232,10000000000,9302100000
2025-12-03,11:40:55,TFIT16280428,89.434,11.225,5000000000,4651700000
2025-12-03,11:40:55,TFIT16280428,89.460,11.211,5000000000,4653000000
2025-12-03,11:40:55,TFIT16280428,89.462,11.210,7000000000,6514340000
2025-12-03,11:40:55,TFIT05220829,96.941,12.024,10000000000,10004510000
2025-12-03,11:40:55,TFIT05220829,96.957,12.018,10000000000,10006110000
2025-12-03,11:40:55,TFIT05220829,96.963,12.016,5000000000,5003355000
2025-12-03,11:40:55,TFIT05220829,96.972,12.013,1000000000,1000761000
2025-12-03,11:40:55,TFIT05220829,96.974,12.012,15000000000,15011715000
2025-12-03,11:40:55,TFIT05220829,96.975,12.012,5000000000,5003955000
2025-12-03,11:40:55,TFIT05220829,96.977,12.011,10000000000,10008110000
2025-12-03,11:40:55,TFIT05220829,96.977,12.011,5000000000,5004055000
2025-12-03,11:40:55,TFIT05220829,96.978,12.011,5000000000,5004105000
2025-12-03,11:40:55,TFIT05220829,96.978,12.011,1000000000,1000821000
2025-12-03,11:40:58,TFIT05220829,96.978,12.011,4000000000,4003284000
2025-12-03,11:40:59,TFIT05220829,96.980,12.010,1000000000,1000841000
2025-12-03,11:41:01,TFIT05220829,97.045,11.987,5000000000,5007455000
2025-12-03,11:41:07,TFIT16280428,89.467,11.207,7000000000,6514690000
2025-12-03,11:41:21,TFIT16280428,89.467,11.207,25000000000,23266750000
2025-12-03,11:41:22,TFIT16280428,89.478,11.201,6000000000,5584680000
2025-12-03,11:43:33,TFIT16180930,84.555,12.170,5000000000,4308435000
2025-12-03,11:44:43,TFIT08031127,92.005,10.557,5000000000,4623880000
2025-12-03,11:44:43,TFIT08031127,92.012,10.553,1000000000,924846000
2025-12-03,11:44:44,TFIT08031127,92.012,10.553,5000000000,4624230000
2025-12-03,11:45:03,TFIT08031127,92.012,10.553,1000000000,924846000
2025-12-03,11:52:42,TFIT05220829,96.955,12.019,5000000000,5002955000
2025-12-03,11:52:42,TFIT05220829,96.955,12.019,5000000000,5002955000
2025-12-03,11:52:42,TFIT05220829,96.952,12.020,4500000000,4502524500
2025-12-03,12:00:57,TFIT11240135,95.218,12.645,5000000000,5264700000
2025-12-03,12:05:01,TFIT05220829,97.008,12.000,6000000000,6006726000
2025-12-03,12:14:17,TFIT16180930,84.598,12.156,5000000000,4310585000
2025-12-03,12:14:17,TFIT16180930,84.599,12.156,5000000000,4310635000
2025-12-03,12:14:17,TFIT16180930,84.608,12.153,5000000000,4311085000
2025-12-03,12:14:17,TFIT16180930,84.611,12.152,5000000000,4311235000
2025-12-03,12:14:19,TFIT10260331,80.161,12.280,5000000000,4249695000
2025-12-03,12:14:25,TFIT05220829,97.084,11.973,5000000000,5009405000
2025-12-03,12:14:36,TFIT16181034,73.182,12.390,5000000000,3704785000
2025-12-03,12:14:53,TFIT16090736,64.893,12.351,5000000000,3370505000
2025-12-03,12:15:07,TFIT21280542,77.979,12.432,5000000000,4138435000
2025-12-03,12:15:08,TFIT21280542,77.990,12.430,5000000000,4138985000
2025-12-03,12:15:16,TFIT11240135,95.291,12.630,5000000000,5268350000
2025-12-03,12:15:19,TFIT11240135,95.291,12.630,5000000000,5268350000
2025-12-03,12:15:21,TFIT11240135,95.294,12.630,5000000000,5268500000
2025-12-03,12:15:28,TFIT23250746,91.260,12.690,5000000000,4769370000
2025-12-03,12:15:28,TFIT23250746,91.261,12.690,5000000000,4769420000
2025-12-03,12:15:28,TFIT23250746,91.261,12.690,5000000000,4769420000
2025-12-03,12:15:28,TFIT23250746,91.287,12.686,5000000000,4770720000
2025-12-03,12:15:28,TFIT23250746,91.324,12.680,10000000000,9545140000
2025-12-03,12:15:28,TFIT23250746,91.328,12.680,5000000000,4772770000
2025-12-03,12:15:28,TFIT23250746,91.328,12.680,5000000000,4772770000
2025-12-03,12:15:28,TFIT23250746,91.334,12.679,5000000000,4773070000
2025-12-03,12:15:31,TFIT23250746,91.348,12.677,5000000000,4773770000
2025-12-03,12:15:31,TFIT23250746,91.348,12.677,5000000000,4773770000
2025-12-03,12:15:35,TFIT21280542,78.013,12.426,5000000000,4140135000
2025-12-03,12:15:43,TFIT21280542,78.121,12.407,6000000000,4974642000
2025-12-03,12:15:46,TFIT16281140,100.469,12.677,5000000000,5032185000
2025-12-03,12:15:46,TFIT16281140,100.502,12.672,6000000000,6040602000
2025-12-03,12:15:51,TFIT23250746,91.448,12.662,5000000000,4778770000
2025-12-03,12:16:25,TFIT34130358,94.533,12.690,1000000000,1032453000
2025-12-03,12:16:26,TFIT05220829,97.087,11.972,4000000000,4007644000
2025-12-03,12:18:39,TFIT05220829,97.087,11.972,2000000000,2003822000
2025-12-03,12:18:39,TFIT05220829,97.107,11.965,5000000000,5010555000
2025-12-03,12:18:39,TFIT05220829,97.113,11.963,3000000000,3006513000
2025-12-03,12:18:59,TFIT08031127,92.012,10.553,10000000000,9248460000
2025-12-03,12:19:11,TFIT05220829,97.113,11.963,2000000000,2004342000
2025-12-03,12:19:11,TFIT05220829,97.135,11.955,3000000000,3007173000
2025-12-03,12:20:16,TFIT16281140,100.535,12.667,1000000000,1007097000
2025-12-03,12:20:16,TFIT16281140,100.540,12.666,5000000000,5035735000
2025-12-03,12:20:16,TFIT16281140,100.548,12.665,5000000000,5036135000
2025-12-03,12:20:16,TFIT16281140,100.607,12.656,5000000000,5039085000
2025-12-03,12:20:16,TFIT16281140,100.638,12.651,5000000000,5040635000
2025-12-03,12:20:16,TFIT16281140,100.639,12.651,5000000000,5040685000
2025-12-03,12:20:16,TFIT16281140,100.647,12.650,5000000000,5041085000
2025-12-03,12:20:16,TFIT16281140,100.647,12.650,5000000000,5041085000
2025-12-03,12:20:16,TFIT16281140,100.647,12.650,5000000000,5041085000
2025-12-03,12:20:20,TFIT23250746,91.731,12.620,10000000000,9585840000
2025-12-03,12:20:23,TFIT23250746,91.758,12.616,5000000000,4794270000
2025-12-03,12:20:26,TFIT16280428,89.516,11.181,10000000000,9311600000
2025-12-03,12:20:26,TFIT16280428,89.517,11.180,1000000000,931170000
2025-12-03,12:20:27,TFIT16280428,89.517,11.180,10000000000,9311700000
2025-12-03,12:20:28,TFIT05220829,97.135,11.955,1000000000,1002391000
2025-12-03,12:20:32,TFIT16180930,84.733,12.113,5000000000,4317335000
2025-12-03,12:20:32,TFIT23250746,91.756,12.616,5000000000,4794170000
2025-12-03,12:20:33,TFIT16180930,84.771,12.101,2000000000,1727694000
2025-12-03,12:20:34,TFIT11240135,95.498,12.590,5000000000,5278700000
2025-12-03,12:20:38,TFIT08031127,92.012,10.553,8000000000,7398768000
2025-12-03,12:20:42,TFIT05220829,97.135,11.955,1000000000,1002391000
2025-12-03,12:20:58,TFIT10260331,80.259,12.250,1000000000,850919000
2025-12-03,12:21:21,TFIT16281140,100.647,12.650,2000000000,2016434000
2025-12-03,12:21:39,TFIT16090736,64.898,12.350,5000000000,3370755000
2025-12-03,12:21:45,TFIT16280428,89.517,11.180,1000000000,931170000
2025-12-03,12:22:07,TFIT34130358,95.220,12.597,7500000000,7794922500
2025-12-03,12:22:12,TFIT34130358,95.339,12.581,5000000000,5202565000
2025-12-03,12:22:13,TFIT34130358,95.346,12.580,5000000000,5202915000
2025-12-03,12:22:43,TFIT11240135,95.697,12.551,8500000000,8990705000
2025-12-03,12:22:43,TFIT11240135,95.697,12.551,5000000000,5288650000
2025-12-03,12:22:43,TFIT11240135,95.702,12.550,5000000000,5288900000
2025-12-03,12:22:43,TFIT11240135,95.702,12.550,1500000000,1586670000
2025-12-03,12:22:49,TFIT11090233,104.159,12.319,1000000000,1149405000
2025-12-03,12:22:49,TFIT11090233,104.202,12.310,4000000000,4599340000
2025-12-03,12:22:55,TFIT11090233,104.202,12.310,1000000000,1149835000
2025-12-03,12:23:05,TFIT05220829,97.149,11.950,1000000000,1002531000
2025-12-03,12:23:05,TFIT05220829,97.206,11.930,4000000000,4012404000
2025-12-03,12:29:08,TFIT16181034,73.559,12.301,10000000000,7447270000
2025-12-03,12:29:29,TFIT16281140,100.964,12.602,5000000000,5056935000
2025-12-03,12:29:29,TFIT16281140,100.978,12.600,5000000000,5057635000
2025-12-03,12:29:29,TFIT16281140,100.979,12.600,5000000000,5057685000
2025-12-03,12:29:29,TFIT16281140,100.979,12.600,5000000000,5057685000
2025-12-03,12:29:29,TFIT16281140,100.979,12.600,1000000000,1011537000
2025-12-03,12:29:29,TFIT16281140,101.044,12.590,4000000000,4048748000
2025-12-03,12:29:30,TFIT31261050,61.190,12.300,10000000000,6194480000
2025-12-03,12:29:30,TFIT31261050,61.326,12.273,5000000000,3104040000
2025-12-03,12:29:30,TFIT31261050,61.331,12.272,5000000000,3104290000
2025-12-03,12:29:30,TFIT31261050,61.341,12.270,5000000000,3104790000
2025-12-03,12:29:34,TFIT31261050,61.692,12.201,5000000000,3122340000
2025-12-03,12:29:34,TFIT16280428,89.517,11.180,1000000000,931170000
2025-12-03,12:29:35,TFIT23250746,91.921,12.592,1500000000,1440726000
2025-12-03,12:29:35,TFIT23250746,91.927,12.591,3500000000,3361904000
2025-12-03,12:29:38,TFIT23250746,91.927,12.591,1500000000,1440816000
2025-12-03,12:29:41,TFIT08031127,92.080,10.509,10000000000,9255260000
2025-12-03,12:29:42,TFIT08031127,92.082,10.508,5000000000,4627730000
2025-12-03,12:29:43,TFIT08031127,92.085,10.506,5000000000,4627880000
2025-12-03,12:29:44,TFIT08031127,92.091,10.502,6000000000,5553816000
2025-12-03,12:29:54,TFIT34130358,95.346,12.580,1000000000,1040583000
2025-12-03,12:39:45,TFIT05220829,97.067,11.979,3000000000,3005133000
2025-12-03,12:40:15,TFIT31261050,61.696,12.200,5000000000,3122540000
2025-12-03,12:40:17,TFIT31261050,61.696,12.200,2000000000,1249016000
2025-12-03,12:40:45,TFIT05220829,97.259,11.911,1000000000,1003631000
2025-12-03,12:43:29,TFIT31261050,61.341,12.270,5000000000,3104790000
2025-12-03,12:43:50,TFIT31261050,61.341,12.270,5000000000,3104790000
2025-12-03,12:50:07,TFIT31261050,61.090,12.320,5000000000,3092240000
2025-12-03,12:54:15,TFIT05220829,97.237,11.919,4500000000,4515349500
2025-12-03,12:54:15,TFIT05220829,97.248,11.915,5000000000,5017605000
2025-12-03,12:54:15,TFIT05220829,97.251,11.914,5000000000,5017755000
2025-12-03,12:54:15,TFIT05220829,97.257,11.912,2500000000,2509027500
2025-12-03,12:54:15,TFIT11090233,104.197,12.311,4000000000,4599140000
2025-12-03,12:54:31,TFIT05220829,97.255,11.913,5000000000,5017955000
2025-12-03,12:56:54,TFIT31261050,61.443,12.250,5000000000,3109890000
2025-12-03,12:57:10,TFIT31261050,61.443,12.250,5000000000,3109890000
2025-12-03,12:57:44,TFIT11090233,104.202,12.310,1000000000,1149835000
2025-12-03,12:58:23,TFIT16280428,89.573,11.150,50000000000,46586500000
2025-12-03,12:58:24,TFIT05220829,97.234,11.920,5000000000,5016905000
2025-12-03,12:58:24,TFIT05220829,97.257,11.912,2500000000,2509027500
2025-12-03,12:58:24,TFIT05220829,97.259,11.911,6000000000,6021786000
2025-12-03,12:58:26,TFIT08031127,92.094,10.500,10000000000,9256660000
2025-12-03,12:58:34,TFIT05220829,97.259,11.911,1500000000,1505446500
2025-12-03,12:58:38,TFIT08031127,92.110,10.490,10000000000,9258260000
2025-12-03,12:58:38,TFIT08031127,92.124,10.481,10000000000,9259660000
2025-12-03,12:59:51,TFIT31261050,61.686,12.202,7000000000,4370856000
2025-12-03,12:59:51,TFIT31261050,61.687,12.202,1000000000,624418000
2025-12-03,12:59:58,TFIT16181034,73.750,12.256,5000000000,3733185000
2025-12-04,08:11:42,TFIT23250746,92.548,12.500,5000000000,4835345000
2025-12-04,08:12:16,TFIT23250746,92.548,12.500,4000000000,3868276000
2025-12-04,08:24:05,TFIT11240135,95.959,12.500,5000000000,5303360000
2025-12-04,08:26:20,TFIT11240135,96.165,12.460,5000000000,5313660000
2025-12-04,08:26:20,TFIT11240135,96.165,12.460,5000000000,5313660000
2025-12-04,08:26:23,TFIT23250746,92.685,12.480,5000000000,4842195000
2025-12-04,08:26:23,TFIT23250746,92.705,12.477,2000000000,1937278000
2025-12-04,08:26:24,TFIT16281140,101.645,12.500,5000000000,5092730000
2025-12-04,08:26:26,TFIT16280428,89.639,11.120,3000000000,2797662000
2025-12-04,08:27:35,TFIT11240135,96.318,12.430,5000000000,5321310000
2025-12-04,08:27:44,TFIT31261050,61.953,12.150,5000000000,3136385000
2025-12-04,08:32:11,TFIT16280428,89.639,11.120,7000000000,6527878000
2025-12-04,08:44:11,TFIT11240135,96.010,12.490,5000000000,5305910000
2025-12-04,08:44:11,TFIT11240135,96.010,12.490,5000000000,5305910000
2025-12-04,08:44:11,TFIT11240135,95.964,12.499,5000000000,5303610000
2025-12-04,08:44:11,TFIT34130358,96.182,12.469,2000000000,2098544000
2025-12-04,08:44:11,TFIT34130358,96.174,12.470,5000000000,5245960000
2025-12-04,08:44:20,TFIT34130358,96.174,12.470,5000000000,5245960000
2025-12-04,08:44:26,TFIT11240135,95.959,12.500,5000000000,5303360000
2025-12-04,08:44:56,TFIT11240135,95.959,12.500,15000000000,15910080000
2025-12-04,08:45:11,TFIT34130358,95.970,12.497,5000000000,5235760000
2025-12-04,08:49:38,TFIT34130358,96.136,12.475,5000000000,5244060000
2025-12-04,08:50:52,TFIT11240135,95.959,12.500,1000000000,1060672000
2025-12-04,08:50:57,TFIT11240135,95.960,12.500,1000000000,1060682000
2025-12-04,08:50:57,TFIT11240135,95.959,12.500,4000000000,4242688000
2025-12-04,08:51:18,TFIT11240135,95.959,12.500,5000000000,5303360000
2025-12-04,08:52:35,TFIT34130358,96.023,12.490,1000000000,1047682000
2025-12-04,08:53:35,TFIT15260826,98.599,9.486,5000000000,5032690000
2025-12-04,09:01:38,TFIT34130358,95.834,12.515,1000000000,1045792000
2025-12-04,09:06:26,TFIT11240135,95.960,12.500,5000000000,5303410000
2025-12-04,09:06:26,TFIT11240135,95.959,12.500,5000000000,5303360000
2025-12-04,09:06:30,TFIT11240135,95.959,12.500,5000000000,5303360000
2025-12-04,09:06:35,TFIT11240135,95.960,12.500,5000000000,5303410000
2025-12-04,09:07:11,TFIT11240135,95.958,12.500,5000000000,5303310000
2025-12-04,09:07:11,TFIT11240135,95.959,12.500,2000000000,2121344000
2025-12-04,09:07:31,TFIT11240135,95.959,12.500,5000000000,5303360000
2025-12-04,09:07:39,TFIT11240135,95.959,12.500,1000000000,1060672000
2025-12-04,09:07:39,TFIT11240135,95.959,12.500,4000000000,4242688000
2025-12-04,09:07:46,TFIT11240135,95.954,12.501,2500000000,2651555000
2025-12-04,09:09:27,TFIT11240135,96.077,12.477,5000000000,5309260000
2025-12-04,09:09:27,TFIT11240135,96.082,12.476,5000000000,5309510000
2025-12-04,09:09:27,TFIT11240135,96.086,12.475,2000000000,2123884000
2025-12-04,09:09:27,TFIT11240135,96.087,12.475,5000000000,5309760000
2025-12-04,09:09:27,TFIT11240135,96.107,12.471,10000000000,10621520000
2025-12-04,09:09:27,TFIT11240135,96.109,12.471,3000000000,3186516000
2025-12-04,09:09:29,TFIT31261050,61.666,12.206,5000000000,3122035000
2025-12-04,09:09:29,TFIT31261050,61.671,12.205,5000000000,3122285000
2025-12-04,09:09:29,TFIT11240135,96.109,12.471,2000000000,2124344000
2025-12-04,09:09:34,TFIT11240135,96.118,12.469,5000000000,5311310000
2025-12-04,09:09:37,TFIT23250746,92.608,12.491,5000000000,4838345000
2025-12-04,09:09:37,TFIT23250746,92.678,12.481,1000000000,968369000
2025-12-04,09:09:37,TFIT23250746,92.699,12.478,4000000000,3874316000
2025-12-04,09:09:43,TFIT05220829,97.376,11.870,5000000000,5025510000
2025-12-04,09:09:54,TFIT23250746,92.719,12.475,5000000000,4843895000
2025-12-04,09:10:09,TFIT23250746,92.692,12.479,5000000000,4842545000
2025-12-04,09:10:26,TFIT23250746,92.699,12.478,1000000000,968579000
2025-12-04,09:10:31,TFIT23250746,92.747,12.471,5000000000,4845295000
2025-12-04,09:10:32,TFIT23250746,92.754,12.470,5000000000,4845645000
2025-12-04,09:10:44,TFIT16090736,65.547,12.200,9000000000,6127308000
2025-12-04,09:10:50,TFIT16181034,73.984,12.202,5000000000,3745880000
2025-12-04,09:10:50,TFIT16181034,73.988,12.201,5000000000,3746080000
2025-12-04,09:10:50,TFIT16181034,73.992,12.200,5000000000,3746280000
2025-12-04,09:10:54,TFIT11090233,104.678,12.210,2000000000,2309916000
2025-12-04,09:10:57,TFIT11090233,104.731,12.199,5000000000,5777440000
2025-12-04,09:10:58,TFIT05220829,97.376,11.870,5000000000,5025510000
2025-12-04,09:11:03,TFIT11240135,96.216,12.450,5000000000,5316210000
2025-12-04,09:11:03,TFIT11090233,104.855,12.173,5000000000,5783640000
2025-12-04,09:12:21,TFIT16180930,85.225,11.958,2000000000,1737198000
2025-12-04,09:12:42,TFIT16180930,85.219,11.960,10000000000,8685390000
2025-12-04,09:12:45,TFIT10260331,80.751,12.101,5000000000,4280155000
2025-12-04,09:12:45,TFIT10260331,80.787,12.090,5000000000,4281955000
2025-12-04,09:12:48,TFIT16280428,89.654,11.112,5000000000,4663520000
2025-12-04,09:12:48,TFIT16280428,89.656,11.111,5000000000,4663620000
2025-12-04,09:12:49,TFIT10260331,80.787,12.090,5000000000,4281955000
2025-12-04,09:14:58,TFIT05220829,97.376,11.870,1000000000,1005102000
2025-12-04,09:15:02,TFIT05220829,97.376,11.870,4000000000,4020408000
2025-12-04,09:16:12,TFIT16090736,65.620,12.183,5000000000,3407710000
2025-12-04,09:16:25,TFIT05220829,97.376,11.870,1000000000,1005102000
2025-12-04,09:17:29,TFIT16180930,85.219,11.960,5000000000,4342695000
2025-12-04,09:18:26,TFIT16180930,85.218,11.960,5000000000,4342645000
2025-12-04,09:18:45,TFIT16280428,89.673,11.102,1000000000,932894000
2025-12-04,09:18:45,TFIT16280428,89.673,11.102,5000000000,4664470000
2025-12-04,09:18:45,TFIT16280428,89.673,11.102,5000000000,4664470000
2025-12-04,09:20:26,TFIT05220829,97.410,11.858,5000000000,5027210000
2025-12-04,09:20:26,TFIT05220829,97.413,11.857,5000000000,5027360000
2025-12-04,09:20:26,TFIT05220829,97.413,11.857,5000000000,5027360000
2025-12-04,09:20:26,TFIT05220829,97.413,11.857,5000000000,5027360000
2025-12-04,09:20:26,TFIT05220829,97.415,11.856,5000000000,5027460000
2025-12-04,09:20:30,TFIT05220829,97.427,11.852,5000000000,5028060000
2025-12-04,09:20:30,TFIT16281140,101.712,12.490,5000000000,5096080000
2025-12-04,09:20:30,TFIT16281140,101.746,12.485,5000000000,5097780000
2025-12-04,09:20:30,TFIT16281140,101.752,12.484,5000000000,5098080000
2025-12-04,09:20:30,TFIT16281140,101.766,12.482,1000000000,1019756000
2025-12-04,09:20:35,TFIT16180930,85.216,11.961,2000000000,1737018000
2025-12-04,09:20:35,TFIT16180930,85.219,11.960,3000000000,2605617000
2025-12-04,09:20:37,TFIT16281140,101.766,12.482,4000000000,4079024000
2025-12-04,09:20:37,TFIT16281140,101.779,12.480,5000000000,5099430000
2025-12-04,09:20:38,TFIT16180930,85.219,11.960,2000000000,1737078000
2025-12-04,09:20:39,TFIT16281140,101.786,12.479,5000000000,5099780000
2025-12-04,09:20:45,TFIT16281140,101.907,12.461,5000000000,5105830000
2025-12-04,09:20:46,TFIT11240135,96.319,12.430,5000000000,5321360000
2025-12-04,09:20:50,TFIT31261050,62.036,12.134,5000000000,3140535000
2025-12-04,09:24:48,TFIT16180930,85.244,11.952,5000000000,4343945000
2025-12-04,09:24:48,TFIT16180930,85.244,11.952,5000000000,4343945000
2025-12-04,09:24:48,TFIT16180930,85.244,11.952,5000000000,4343945000
2025-12-04,09:24:48,TFIT16180930,85.250,11.950,5000000000,4344245000
2025-12-04,09:26:30,TFIT05220829,97.444,11.846,6000000000,6034692000
2025-12-04,09:26:55,TFIT16180930,85.304,11.933,5000000000,4346945000
2025-12-04,09:26:55,TFIT16180930,85.307,11.932,5000000000,4347095000
2025-12-04,09:27:21,TFIT16180930,85.313,11.930,5000000000,4347395000
2025-12-04,09:27:56,TFIT16180930,85.311,11.930,5000000000,4347295000
2025-12-04,09:30:25,TFIT05220829,97.481,11.833,5000000000,5030760000
2025-12-04,09:30:25,TFIT05220829,97.481,11.833,5000000000,5030760000
2025-12-04,09:30:25,TFIT05220829,97.484,11.832,5000000000,5030910000
2025-12-04,09:30:25,TFIT05220829,97.490,11.830,5000000000,5031210000
2025-12-04,09:30:25,TFIT05220829,97.495,11.828,5000000000,5031460000
2025-12-04,09:30:25,TFIT05220829,97.498,11.827,5000000000,5031610000
2025-12-04,09:30:25,TFIT05220829,97.504,11.825,5000000000,5031910000
2025-12-04,09:30:29,TFIT05220829,97.514,11.821,5000000000,5032410000
2025-12-04,09:30:38,TFIT16180930,85.313,11.930,10000000000,8694790000
2025-12-04,09:30:42,TFIT16180930,85.335,11.923,1500000000,1304548500
2025-12-04,09:30:44,TFIT31261050,62.181,12.106,5000000000,3147785000
2025-12-04,09:30:46,TFIT11240135,96.469,12.401,5000000000,5328860000
2025-12-04,09:30:49,TFIT16090736,65.971,12.102,5000000000,3425260000
2025-12-04,09:30:49,TFIT31261050,62.208,12.100,5000000000,3149135000
2025-12-04,09:30:52,TFIT16090736,66.003,12.095,1000000000,685372000
2025-12-04,09:30:54,TFIT05220829,97.410,11.858,5000000000,5027210000
2025-12-04,09:30:57,TFIT11240135,96.474,12.400,2000000000,2131644000
2025-12-04,09:33:56,TFIT16180930,85.335,11.923,1500000000,1304548500
2025-12-04,09:35:16,TFIT10260331,80.738,12.105,1000000000,855901000
2025-12-04,09:35:16,TFIT10260331,80.725,12.109,10000000000,8557710000
2025-12-04,09:35:16,TFIT10260331,80.725,12.109,9000000000,7701939000
2025-12-04,09:35:22,TFIT10260331,80.725,12.109,1000000000,855771000
2025-12-04,09:35:22,TFIT10260331,80.722,12.110,4000000000,3422964000
2025-12-04,09:35:24,TFIT16180930,85.335,11.923,2000000000,1739398000
2025-12-04,09:35:24,TFIT16180930,85.335,11.923,1500000000,1304548500
2025-12-04,09:35:57,TFIT10260331,80.721,12.110,4000000000,3422924000
2025-12-04,09:36:28,TFIT16180930,85.313,11.930,10000000000,8694790000
2025-12-04,09:41:15,TFIT16280428,89.660,11.109,3000000000,2798292000
2025-12-04,09:41:30,TFIT11240135,96.216,12.450,1500000000,1594863000
2025-12-04,09:41:45,TFIT10260331,80.754,12.100,1000000000,856061000
2025-12-04,09:41:45,TFIT10260331,80.721,12.110,10000000000,8557310000
2025-12-04,09:41:45,TFIT10260331,80.721,12.110,5000000000,4278655000
2025-12-04,09:41:54,TFIT16280428,89.658,11.110,5000000000,4663720000
2025-12-04,09:42:11,TFIT05220829,97.458,11.841,1000000000,1005922000
2025-12-04,09:42:18,TFIT05220829,97.458,11.841,1000000000,1005922000
2025-12-04,09:42:21,TFIT05220829,97.458,11.841,3000000000,3017766000
2025-12-04,09:42:21,TFIT05220829,97.447,11.845,5000000000,5029060000
2025-12-04,09:42:21,TFIT05220829,97.447,11.845,5000000000,5029060000
2025-12-04,09:42:21,TFIT05220829,97.433,11.850,5000000000,5028360000
2025-12-04,09:42:21,TFIT05220829,97.433,11.850,5000000000,5028360000
2025-12-04,09:42:21,TFIT05220829,97.433,11.850,5000000000,5028360000
2025-12-04,09:42:21,TFIT05220829,97.422,11.854,2000000000,2011124000
2025-12-04,09:42:22,TFIT05220829,97.419,11.855,5000000000,5027660000
2025-12-04,09:42:26,TFIT05220829,97.419,11.855,10000000000,10055320000
2025-12-04,09:46:12,TFIT05220829,97.407,11.859,5000000000,5027060000
2025-12-04,09:46:12,TFIT05220829,97.407,11.859,5000000000,5027060000
2025-12-04,09:46:25,TFIT05220829,97.405,11.860,5000000000,5026960000
2025-12-04,09:46:28,TFIT05220829,97.396,11.863,10000000000,10053020000
2025-12-04,09:46:29,TFIT05220829,97.396,11.863,20000000000,20106040000
2025-12-04,09:46:56,TFIT05220829,97.393,11.864,5000000000,5026360000
2025-12-04,09:46:57,TFIT05220829,97.379,11.869,5000000000,5025660000
2025-12-04,09:46:59,TFIT05220829,97.368,11.873,5000000000,5025110000
2025-12-04,09:47:03,TFIT16280428,89.628,11.126,3000000000,2797332000
2025-12-04,09:47:05,TFIT05220829,97.368,11.873,10000000000,10050220000
2025-12-04,09:47:06,TFIT16180930,85.187,11.970,5000000000,4341095000
2025-12-04,09:47:24,TFIT23250746,92.685,12.480,2000000000,1936878000
2025-12-04,09:50:02,TFIT15260826,98.757,9.250,20000000000,20162360000
2025-12-04,09:50:02,TFIT15260826,98.757,9.250,20000000000,20162360000
2025-12-04,09:50:02,TFIT15260826,98.758,9.249,68000000000,68552704000
2025-12-04,09:50:02,TFIT15260826,98.764,9.240,68000000000,68556784000
2025-12-04,09:51:32,TFIT05220829,97.376,11.870,5000000000,5025510000
2025-12-04,09:51:32,TFIT05220829,97.376,11.870,5000000000,5025510000
2025-12-04,09:53:09,TFIT15260826,98.763,9.241,23000000000,23188094000
2025-12-04,09:53:57,TFIT16280428,89.585,11.149,10000000000,9320140000
2025-12-04,09:53:58,TFIT16280428,89.583,11.150,10000000000,9319940000
2025-12-04,09:54:00,TFIT16180930,85.168,11.976,10000000000,8680290000
2025-12-04,09:54:00,TFIT16180930,85.162,11.978,10000000000,8679690000
2025-12-04,09:54:00,TFIT16180930,85.159,11.979,10000000000,8679390000
2025-12-04,09:54:16,TFIT10260331,80.640,12.135,2000000000,1709842000
2025-12-04,09:54:32,TFIT11090233,104.444,12.259,3000000000,3457854000
2025-12-04,09:54:32,TFIT11090233,104.440,12.260,2000000000,2305156000
2025-12-04,09:54:40,TFIT16281140,101.639,12.500,10000000000,10184860000
2025-12-04,09:54:42,TFIT23250746,92.596,12.493,5000000000,4837745000
2025-12-04,09:54:42,TFIT23250746,92.582,12.495,5000000000,4837045000
2025-12-04,09:54:42,TFIT23250746,92.554,12.499,5000000000,4835645000
2025-12-04,09:54:44,TFIT11240135,96.062,12.480,11500000000,12209573000
2025-12-04,09:54:52,TFIT23250746,92.472,12.511,5000000000,4831545000
2025-12-04,09:54:58,TFIT34130358,95.955,12.499,1000000000,1047002000
2025-12-04,09:55:39,TFIT16281140,101.645,12.500,1000000000,1018546000
2025-12-04,09:56:28,TFIT11240135,96.041,12.484,5000000000,5307460000
2025-12-04,09:57:59,TFIT15260826,98.764,9.240,1000000000,1008188000
2025-12-04,10:00:41,TFIT15260826,98.764,9.240,9000000000,9073692000
2025-12-04,10:00:41,TFIT15260826,98.764,9.240,80000000000,80655040000
2025-12-04,10:00:54,TFIT16281140,101.584,12.509,5000000000,5089680000
2025-12-04,10:01:05,TFIT15260826,98.763,9.241,10000000000,10081780000
2025-12-04,10:01:18,TFIT15260826,98.763,9.241,10000000000,10081780000
2025-12-04,10:01:35,TFIT15260826,98.763,9.241,5000000000,5040890000
2025-12-04,10:03:59,TFIT15260826,98.763,9.241,5000000000,5040890000
2025-12-04,10:04:26,TFIT05220829,97.348,11.880,20000000000,20096440000
2025-12-04,10:04:35,TFIT05220829,97.325,11.888,5000000000,5022960000
2025-12-04,10:04:35,TFIT05220829,97.323,11.889,5000000000,5022860000
2025-12-04,10:04:35,TFIT05220829,97.320,11.890,5000000000,5022710000
2025-12-04,10:04:35,TFIT05220829,97.320,11.890,5000000000,5022710000
2025-12-04,10:04:35,TFIT05220829,97.320,11.890,5000000000,5022710000
2025-12-04,10:04:35,TFIT05220829,97.320,11.890,5000000000,5022710000
2025-12-04,10:04:39,TFIT05220829,97.320,11.890,5000000000,5022710000
2025-12-04,10:04:39,TFIT05220829,97.320,11.890,1000000000,1004542000
2025-12-04,10:04:39,TFIT05220829,97.317,11.891,4000000000,4018048000
2025-12-04,10:04:41,TFIT05220829,97.317,11.891,1000000000,1004512000
2025-12-04,10:04:41,TFIT05220829,97.320,11.890,2500000000,2511355000
2025-12-04,10:04:45,TFIT15260826,98.763,9.241,5000000000,5040890000
2025-12-04,10:04:45,TFIT15260826,98.764,9.240,75000000000,75614100000
2025-12-04,10:04:49,TFIT16281140,101.586,12.508,3000000000,3053868000
2025-12-04,10:04:54,TFIT16280428,89.539,11.174,5000000000,4657770000
2025-12-04,10:04:54,TFIT16280428,89.537,11.175,10000000000,9315340000
2025-12-04,10:04:58,TFIT16281140,101.586,12.508,2000000000,2035912000
2025-12-04,10:04:58,TFIT16281140,101.578,12.510,3000000000,3053628000
2025-12-04,10:05:08,TFIT34130358,95.872,12.510,5000000000,5230860000
2025-12-04,10:05:19,TFIT15260826,98.764,9.240,1000000000,1008188000
2025-12-04,10:05:20,TFIT11240135,95.959,12.500,5000000000,5303360000
2025-12-04,10:07:01,TFIT16280428,89.537,11.175,5000000000,4657670000
2025-12-04,10:07:01,TFIT16280428,89.531,11.178,2000000000,1862948000
2025-12-04,10:07:01,TFIT16280428,89.529,11.179,10000000000,9314540000
2025-12-04,10:13:09,TFIT16280428,89.572,11.156,1000000000,931884000
2025-12-04,10:17:31,TFIT31261050,61.830,12.174,5000000000,3130235000
2025-12-04,10:17:31,TFIT31261050,61.851,12.170,5000000000,3131285000
2025-12-04,10:17:40,TFIT31261050,61.876,12.165,5000000000,3132535000
2025-12-04,10:17:41,TFIT16280428,89.561,11.162,1000000000,931774000
2025-12-04,10:17:47,TFIT05220829,97.357,11.877,1000000000,1004912000
2025-12-04,10:17:51,TFIT16180930,85.172,11.975,5000000000,4340345000
2025-12-04,10:17:51,TFIT16180930,85.187,11.970,5000000000,4341095000
2025-12-04,10:17:54,TFIT21280542,78.907,12.270,5000000000,4186105000
2025-12-04,10:18:02,TFIT16180930,85.187,11.970,1000000000,868219000
2025-12-04,10:18:10,TFIT16180930,85.187,11.970,4000000000,3472876000
2025-12-04,10:18:18,TFIT16180930,85.187,11.970,1000000000,868219000
2025-12-04,10:19:00,TFIT16300632,77.286,12.200,1000000000,802970000
2025-12-04,10:19:33,TFIT16300632,77.286,12.200,1000000000,802970000
2025-12-04,10:19:36,TFIT16300632,77.359,12.180,1000000000,803700000
2025-12-04,10:20:26,TFIT31261050,61.851,12.170,5000000000,3131285000
2025-12-04,10:20:54,TFIT16280428,89.544,11.171,5000000000,4658020000
2025-12-04,10:21:04,TFIT16280428,89.544,11.171,1000000000,931604000
2025-12-04,10:24:22,TFIT05220829,97.330,11.886,5000000000,5023210000
2025-12-04,10:24:22,TFIT05220829,97.330,11.886,5000000000,5023210000
2025-12-04,10:24:22,TFIT05220829,97.331,11.886,5000000000,5023260000
2025-12-04,10:24:22,TFIT05220829,97.359,11.876,5000000000,5024660000
2025-12-04,10:30:59,TFIT10260331,80.558,12.160,1000000000,854101000
2025-12-04,10:31:03,TFIT10260331,80.558,12.160,2000000000,1708202000
2025-12-04,10:31:03,TFIT10260331,80.548,12.163,5000000000,4270005000
2025-12-04,10:31:03,TFIT10260331,80.548,12.163,5000000000,4270005000
2025-12-04,10:31:03,TFIT10260331,80.548,12.163,5000000000,4270005000
2025-12-04,10:31:03,TFIT10260331,80.545,12.164,5000000000,4269855000
2025-12-04,10:31:03,TFIT10260331,80.543,12.165,5000000000,4269755000
2025-12-04,10:31:03,TFIT10260331,80.543,12.165,5000000000,4269755000
2025-12-04,10:31:03,TFIT10260331,80.542,12.165,5000000000,4269705000
2025-12-04,10:31:03,TFIT10260331,80.542,12.165,5000000000,4269705000
2025-12-04,10:31:03,TFIT10260331,80.542,12.165,5000000000,4269705000
2025-12-04,10:31:09,TFIT11240135,95.974,12.497,5000000000,5304110000
2025-12-04,10:31:14,TFIT11090233,104.345,12.280,1000000000,1151628000
2025-12-04,10:31:20,TFIT16090736,65.387,12.237,5000000000,3396060000
2025-12-04,10:31:45,TFIT11240135,95.969,12.498,1000000000,1060772000
2025-12-04,10:31:54,TFIT11240135,95.969,12.498,5000000000,5303860000
2025-12-04,10:32:01,TFIT16300632,77.102,12.250,5000000000,4005650000
2025-12-04,10:32:02,TFIT23250746,92.493,12.508,5000000000,4832595000
2025-12-04,10:32:07,TFIT11240135,95.969,12.498,5000000000,5303860000
2025-12-04,10:32:24,TFIT11240135,95.959,12.500,50000000000,53033600000
2025-12-04,10:32:27,TFIT31261050,61.652,12.208,6500000000,4057735500
2025-12-04,10:32:27,TFIT31261050,61.651,12.209,5000000000,3121285000
2025-12-04,10:45:41,TFIT16300632,77.025,12.271,5000000000,4001800000
2025-12-04,10:45:41,TFIT16300632,77.022,12.272,6000000000,4801980000
2025-12-04,10:45:41,TFIT16300632,77.011,12.275,4000000000,3200880000
2025-12-04,10:45:43,TFIT11090233,104.259,12.298,5000000000,5753840000
2025-12-04,10:45:45,TFIT10260331,80.434,12.198,5000000000,4264305000
2025-12-04,10:45:49,TFIT05220829,97.236,11.920,3000000000,3011106000
2025-12-04,10:45:51,TFIT16090736,65.426,12.228,5000000000,3398010000
2025-12-04,10:45:52,TFIT16281140,101.645,12.500,1000000000,1018546000
2025-12-04,10:46:00,TFIT23250746,92.206,12.550,5000000000,4818245000
2025-12-04,10:46:00,TFIT23250746,92.104,12.565,2000000000,1925258000
2025-12-04,10:46:13,TFIT16281140,101.585,12.509,4000000000,4071784000
2025-12-04,10:53:54,TFIT11240135,95.995,12.493,1000000000,1061032000
2025-12-04,10:53:54,TFIT11240135,95.959,12.500,4000000000,4242688000
2025-12-04,10:57:55,TFIT05220829,97.221,11.925,6000000000,6021312000
2025-12-04,10:58:01,TFIT05220829,97.207,11.930,5000000000,5017060000
2025-12-04,10:58:01,TFIT05220829,97.207,11.930,5000000000,5017060000
2025-12-04,10:58:01,TFIT05220829,97.207,11.930,5000000000,5017060000
2025-12-04,10:58:01,TFIT05220829,97.181,11.939,5000000000,5015760000
2025-12-04,10:58:01,TFIT05220829,97.178,11.940,5000000000,5015610000
2025-12-04,10:58:17,TFIT05220829,97.170,11.943,5000000000,5015210000
2025-12-04,10:58:18,TFIT16280428,89.455,11.219,5000000000,4653570000
2025-12-04,10:58:24,TFIT16280428,89.455,11.219,4000000000,3722856000
2025-12-04,10:58:24,TFIT16280428,89.454,11.220,3000000000,2792112000
2025-12-04,10:58:27,TFIT11240135,95.959,12.500,12500000000,13258400000
2025-12-04,10:58:28,TFIT11240135,95.959,12.500,1000000000,1060672000
2025-12-04,10:58:41,TFIT16300632,77.029,12.270,1000000000,800400000
2025-12-04,11:00:54,TFIT05220829,97.150,11.950,5000000000,5014210000
2025-12-04,11:00:54,TFIT05220829,97.125,11.959,25000000000,25064800000
2025-12-04,11:01:50,TFIT16280428,89.453,11.220,2000000000,1861388000
2025-12-04,11:01:55,TFIT16280428,89.453,11.220,3000000000,2792082000
2025-12-04,11:01:57,TFIT16280428,89.451,11.221,2000000000,1861348000
2025-12-04,11:02:01,TFIT31261050,61.641,12.211,9000000000,5617413000
2025-12-04,11:02:01,TFIT31261050,61.636,12.212,5000000000,3120535000
2025-12-04,11:02:01,TFIT31261050,61.636,12.212,5000000000,3120535000
2025-12-04,11:02:01,TFIT31261050,61.620,12.215,1000000000,623947000
2025-12-04,11:02:01,TFIT16280428,89.422,11.237,5000000000,4651920000
2025-12-04,11:02:06,TFIT16280428,89.422,11.237,5000000000,4651920000
2025-12-04,11:02:15,TFIT05220829,97.122,11.960,5000000000,5012810000
2025-12-04,11:02:46,TFIT08031127,92.049,10.535,1000000000,925374000
2025-12-04,11:04:19,TFIT08031127,92.102,10.501,5000000000,4629520000
2025-12-04,11:07:12,TFIT34130358,95.872,12.510,5000000000,5230860000
2025-12-04,11:07:12,TFIT34130358,95.797,12.520,5000000000,5227110000
2025-12-04,11:07:13,TFIT34130358,95.766,12.524,5000000000,5225560000
2025-12-04,11:07:13,TFIT34130358,95.654,12.539,5000000000,5219960000
2025-12-04,11:07:13,TFIT34130358,95.646,12.540,5000000000,5219560000
2025-12-04,11:07:13,TFIT34130358,95.646,12.540,5000000000,5219560000
2025-12-04,11:07:25,TFIT31261050,61.620,12.215,9000000000,5615523000
2025-12-04,11:07:26,TFIT16090736,65.460,12.220,5000000000,3399710000
2025-12-04,11:07:32,TFIT11240135,95.959,12.500,12500000000,13258400000
2025-12-04,11:07:32,TFIT16281140,101.511,12.520,5000000000,5086030000
2025-12-04,11:07:33,TFIT16280428,89.422,11.237,10000000000,9303840000
2025-12-04,11:07:38,TFIT16300632,77.029,12.270,1000000000,800400000
2025-12-04,11:07:46,TFIT05220829,97.075,11.977,5000000000,5010460000
2025-12-04,11:07:46,TFIT05220829,97.071,11.978,5000000000,5010260000
2025-12-04,11:07:46,TFIT05220829,97.068,11.979,5000000000,5010110000
2025-12-04,11:07:46,TFIT05220829,97.065,11.980,35000000000,35069720000
2025-12-04,11:07:46,TFIT16300632,77.029,12.270,2000000000,1600800000
2025-12-04,11:07:52,TFIT16180930,84.949,12.046,5000000000,4329195000
2025-12-04,11:07:55,TFIT16180930,84.949,12.046,5000000000,4329195000
2025-12-04,11:08:05,TFIT16281140,101.511,12.520,4500000000,4577427000
2025-12-04,11:08:05,TFIT16281140,101.484,12.524,5000000000,5084680000
2025-12-04,11:08:05,TFIT16281140,101.477,12.525,5000000000,5084330000
2025-12-04,11:08:05,TFIT16281140,101.477,12.525,5000000000,5084330000
2025-12-04,11:08:05,TFIT16281140,101.470,12.526,1000000000,1016796000
2025-12-04,11:08:05,TFIT16281140,101.457,12.528,4500000000,4574997000
2025-12-04,11:08:06,TFIT16180930,84.946,12.047,6000000000,5194854000
2025-12-04,11:08:11,TFIT16180930,84.936,12.050,5000000000,4328545000
2025-12-04,11:08:12,TFIT16181034,73.524,12.310,8000000000,5956608000
2025-12-04,11:08:15,TFIT11240135,95.913,12.509,5000000000,5301060000
2025-12-04,11:08:17,TFIT11240135,95.908,12.510,25000000000,26504050000
2025-12-04,11:08:18,TFIT05220829,97.065,11.980,5000000000,5009960000
2025-12-04,11:08:59,TFIT11090233,104.269,12.296,1000000000,1150868000
2025-12-04,11:09:31,TFIT16281140,101.444,12.530,1000000000,1016536000
2025-12-04,11:13:17,TFIT16281140,101.310,12.550,1000000000,1015196000
2025-12-04,11:13:25,TFIT08031127,92.049,10.535,1000000000,925374000
2025-12-04,11:13:25,TFIT08031127,92.043,10.539,19000000000,17580966000
2025-12-04,11:13:26,TFIT31261050,61.473,12.244,5000000000,3112385000
2025-12-04,11:13:27,TFIT08031127,92.043,10.539,1000000000,925314000
2025-12-04,11:13:28,TFIT23250746,92.247,12.544,5000000000,4820295000
2025-12-04,11:13:29,TFIT10260331,80.467,12.188,10000000000,8531910000
2025-12-04,11:13:29,TFIT10260331,80.461,12.190,10000000000,8531310000
2025-12-04,11:13:29,TFIT10260331,80.461,12.190,10000000000,8531310000
2025-12-04,11:13:29,TFIT10260331,80.461,12.190,10000000000,8531310000
2025-12-04,11:13:29,TFIT10260331,80.457,12.191,4000000000,3412364000
2025-12-04,11:13:31,TFIT10260331,80.457,12.191,3500000000,2985818500
2025-12-04,11:13:31,TFIT10260331,80.454,12.192,1500000000,1279591500
2025-12-04,11:13:36,TFIT10260331,80.428,12.200,15000000000,12792015000
2025-12-04,11:13:36,TFIT31261050,61.473,12.244,5000000000,3112385000
2025-12-04,11:13:41,TFIT11090233,104.265,12.296,5000000000,5754140000
2025-12-04,11:13:50,TFIT23250746,92.206,12.550,5000000000,4818245000
2025-12-04,11:13:52,TFIT10260331,80.379,12.215,15000000000,12784665000
2025-12-04,11:13:56,TFIT10260331,80.379,12.215,5000000000,4261555000
2025-12-04,11:17:41,TFIT16090736,65.331,12.250,5000000000,3393260000
2025-12-04,11:19:19,TFIT11090233,104.264,12.297,5000000000,5754090000
2025-12-04,11:19:19,TFIT11090233,104.264,12.297,5000000000,5754090000
2025-12-04,11:19:19,TFIT11090233,104.207,12.309,1000000000,1150248000
2025-12-04,11:22:34,TFIT05220829,97.077,11.976,30000000000,30063360000
2025-12-04,11:40:10,TFIT23250746,92.438,12.516,5000000000,4829845000
2025-12-04,11:40:10,TFIT23250746,92.445,12.515,5000000000,4830195000
2025-12-04,11:40:10,TFIT23250746,92.459,12.513,5000000000,4830895000
2025-12-04,11:40:10,TFIT23250746,92.459,12.513,5000000000,4830895000
2025-12-04,11:40:10,TFIT23250746,92.459,12.513,5000000000,4830895000
2025-12-04,11:40:10,TFIT23250746,92.464,12.512,5000000000,4831145000
2025-12-04,11:40:10,TFIT23250746,92.472,12.511,10000000000,9663090000
2025-12-04,11:40:10,TFIT23250746,92.507,12.506,5000000000,4833295000
2025-12-04,11:40:10,TFIT23250746,92.527,12.503,5000000000,4834295000
2025-12-04,11:40:10,TFIT23250746,92.541,12.501,40000000000,38679960000
2025-12-04,11:40:10,TFIT23250746,92.554,12.499,5000000000,4835645000
2025-12-04,11:40:11,TFIT31261050,61.595,12.220,5000000000,3118485000
2025-12-04,11:40:11,TFIT31261050,61.626,12.214,5000000000,3120035000
2025-12-04,11:40:11,TFIT31261050,61.631,12.213,5000000000,3120285000
2025-12-04,11:40:11,TFIT31261050,61.646,12.210,15000000000,9363105000
2025-12-04,11:40:11,TFIT31261050,61.646,12.210,5000000000,3121035000
2025-12-04,11:40:11,TFIT31261050,61.671,12.205,10000000000,6244570000
2025-12-04,11:40:11,TFIT31261050,61.692,12.201,5000000000,3123335000
2025-12-04,11:40:11,TFIT34130358,95.925,12.503,5000000000,5233510000
2025-12-04,11:40:11,TFIT34130358,95.925,12.503,5000000000,5233510000
2025-12-04,11:40:11,TFIT34130358,95.932,12.502,5000000000,5233860000
2025-12-04,11:40:11,TFIT34130358,95.939,12.501,3000000000,3140526000
2025-12-04,11:40:11,TFIT34130358,95.947,12.500,5000000000,5234610000
2025-12-04,11:40:12,TFIT16090736,65.456,12.221,5000000000,3399510000
2025-12-04,11:40:12,TFIT16090736,65.456,12.221,5000000000,3399510000
2025-12-04,11:40:12,TFIT16090736,65.460,12.220,5000000000,3399710000
2025-12-04,11:40:14,TFIT34130358,96.000,12.493,5000000000,5237260000
2025-12-04,11:40:14,TFIT16281140,101.584,12.509,2000000000,2035872000
2025-12-04,11:40:14,TFIT16281140,101.584,12.509,2000000000,2035872000
2025-12-04,11:40:15,TFIT11240135,96.108,12.471,5000000000,5310810000
2025-12-04,11:40:15,TFIT11240135,96.133,12.466,5000000000,5312060000
2025-12-04,11:40:16,TFIT11240135,96.133,12.466,5000000000,5312060000
2025-12-04,11:40:16,TFIT23250746,92.878,12.452,5000000000,4851845000
2025-12-04,11:40:18,TFIT05220829,97.184,11.938,3000000000,3009546000
2025-12-04,11:40:18,TFIT21280542,78.832,12.283,5000000000,4182355000
2025-12-04,11:40:20,TFIT21280542,78.872,12.276,5000000000,4184355000
2025-12-04,11:40:23,TFIT21280542,78.872,12.276,5000000000,4184355000
2025-12-04,11:40:30,TFIT23250746,92.995,12.435,5000000000,4857695000
2025-12-04,11:40:33,TFIT16281140,101.584,12.509,1000000000,1017936000
2025-12-04,11:40:38,TFIT10260331,80.558,12.160,5000000000,4270505000
2025-12-04,11:40:40,TFIT16281140,101.598,12.507,5000000000,5090380000
2025-12-04,11:40:40,TFIT16280428,89.448,11.223,20000000000,18612880000
2025-12-04,11:40:43,TFIT16281140,101.598,12.507,5000000000,5090380000
2025-12-04,11:40:46,TFIT31261050,61.845,12.171,7000000000,4383379000
2025-12-04,11:40:51,TFIT21280542,78.975,12.258,5000000000,4189505000
2025-12-04,11:40:52,TFIT34130358,96.310,12.452,5000000000,5252760000
2025-12-04,11:41:11,TFIT16281140,101.631,12.502,2000000000,2036812000
2025-12-04,11:41:13,TFIT16281140,101.665,12.497,3000000000,3056238000
2025-12-04,11:41:14,TFIT31261050,61.861,12.168,5000000000,3131785000
2025-12-04,11:41:14,TFIT31261050,61.892,12.162,5000000000,3133335000
2025-12-04,11:41:14,TFIT16281140,101.665,12.497,2000000000,2037492000
2025-12-04,11:41:22,TFIT11240135,96.216,12.450,5000000000,5316210000
2025-12-04,11:41:22,TFIT11240135,96.221,12.449,5000000000,5316460000
2025-12-04,11:41:29,TFIT16281140,101.712,12.490,5000000000,5096080000
2025-12-04,11:41:29,TFIT16281140,101.712,12.490,3000000000,3057648000
2025-12-04,11:41:29,TFIT16281140,101.746,12.485,5000000000,5097780000
2025-12-04,11:41:29,TFIT16281140,101.786,12.479,5000000000,5099780000
2025-12-04,11:41:36,TFIT05220829,97.193,11.935,2000000000,2006544000
2025-12-04,11:41:38,TFIT05220829,97.193,11.935,3000000000,3009816000
2025-12-04,11:41:38,TFIT05220829,97.197,11.933,5000000000,5016560000
2025-12-04,11:41:38,TFIT05220829,97.197,11.933,5000000000,5016560000
2025-12-04,11:41:38,TFIT05220829,97.197,11.933,5000000000,5016560000
2025-12-04,11:41:38,TFIT05220829,97.207,11.930,5000000000,5017060000
2025-12-04,11:41:40,TFIT11090233,104.535,12.240,3000000000,3460584000
2025-12-04,11:41:41,TFIT16280428,89.453,11.220,1000000000,930694000
2025-12-04,11:41:44,TFIT05220829,97.221,11.925,3000000000,3010656000
2025-12-04,11:41:46,TFIT16280428,89.453,11.220,1000000000,930694000
2025-12-04,11:41:50,TFIT16280428,89.453,11.220,2000000000,1861388000
2025-12-04,11:41:52,TFIT05220829,97.221,11.925,2000000000,2007104000
2025-12-04,11:41:54,TFIT16280428,89.453,11.220,2000000000,1861388000
2025-12-04,11:41:56,TFIT05220829,97.233,11.921,1000000000,1003672000
2025-12-04,11:42:07,TFIT16280428,89.453,11.220,2000000000,1861388000
2025-12-04,11:42:12,TFIT05220829,97.235,11.920,1000000000,1003692000
2025-12-04,11:42:14,TFIT16280428,89.453,11.220,1000000000,930694000
2025-12-04,11:42:36,TFIT31261050,61.892,12.162,5000000000,3133335000
2025-12-04,11:43:28,TFIT16280428,89.453,11.220,1000000000,930694000
2025-12-04,11:43:33,TFIT16180930,85.093,12.000,7000000000,6070953000
2025-12-04,11:43:33,TFIT16180930,85.093,12.000,3000000000,2601837000
2025-12-04,11:44:10,TFIT16090736,65.658,12.174,5000000000,3409610000
2025-12-04,11:44:21,TFIT21280542,79.156,12.227,5000000000,4198555000
2025-12-04,11:44:21,TFIT21280542,79.167,12.225,2000000000,1679642000
2025-12-04,11:44:25,TFIT23250746,92.947,12.442,5000000000,4855295000
2025-12-04,11:44:27,TFIT05220829,97.235,11.920,2000000000,2007384000
2025-12-04,11:44:30,TFIT23250746,92.953,12.441,5000000000,4855595000
2025-12-04,11:44:30,TFIT16280428,89.453,11.220,2000000000,1861388000
2025-12-04,11:44:31,TFIT23250746,93.237,12.400,5000000000,4869795000
2025-12-04,11:44:31,TFIT10260331,80.721,12.110,10000000000,8557310000
2025-12-04,11:44:32,TFIT10260331,80.754,12.100,5000000000,4280305000
2025-12-04,11:44:32,TFIT21280542,79.295,12.203,5000000000,4205505000
2025-12-04,11:44:33,TFIT31261050,61.892,12.162,5000000000,3133335000
2025-12-04,11:44:35,TFIT21280542,79.341,12.195,5000000000,4207805000
2025-12-04,11:44:35,TFIT16281140,102.036,12.442,12000000000,12269472000
2025-12-04,11:44:36,TFIT16090736,65.763,12.150,10000000000,6829720000
2025-12-04,11:44:36,TFIT05220829,97.263,11.910,5000000000,5019860000
2025-12-04,11:44:43,TFIT16281140,102.049,12.440,1000000000,1022586000
2025-12-04,11:44:43,TFIT16281140,102.137,12.427,4000000000,4093864000
2025-12-04,11:45:04,TFIT16181034,73.967,12.206,3000000000,2247018000
2025-12-04,11:45:37,TFIT16280428,89.449,11.222,1000000000,930654000
2025-12-04,11:45:50,TFIT11240135,96.422,12.410,5000000000,5326510000
2025-12-04,11:45:52,TFIT16280428,89.479,11.206,5000000000,4654770000
2025-12-04,11:46:14,TFIT16181034,73.967,12.206,2000000000,1498012000
2025-12-04,11:46:14,TFIT16181034,73.971,12.205,3000000000,2247138000
2025-12-04,11:46:19,TFIT16181034,73.971,12.205,2000000000,1498092000
2025-12-04,11:46:31,TFIT11090233,104.774,12.190,6000000000,6935508000
2025-12-04,11:46:38,TFIT16300632,77.358,12.180,5000000000,4018450000
2025-12-04,11:46:39,TFIT16300632,77.359,12.180,5000000000,4018500000
2025-12-04,11:46:57,TFIT31261050,62.108,12.120,10000000000,6288270000
2025-12-04,11:47:23,TFIT16280428,89.449,11.222,4000000000,3722616000
2025-12-04,11:50:05,TFIT16280428,89.485,11.203,1000000000,931014000
2025-12-04,11:54:49,TFIT10260331,80.754,12.100,5000000000,4280305000
2025-12-04,11:55:01,TFIT10260331,80.754,12.100,5000000000,4280305000
2025-12-04,11:56:03,TFIT23250746,93.446,12.370,5000000000,4880245000
2025-12-04,11:56:04,TFIT23250746,93.446,12.370,6000000000,5856294000
2025-12-04,11:56:09,TFIT23250746,93.488,12.364,10000000000,9764690000
2025-12-04,11:56:13,TFIT23250746,93.502,12.362,5000000000,4883045000
2025-12-04,11:56:13,TFIT23250746,93.557,12.354,5000000000,4885795000
2025-12-04,11:56:16,TFIT23250746,93.564,12.353,5000000000,4886145000
2025-12-04,11:56:17,TFIT23250746,93.564,12.353,5000000000,4886145000
2025-12-04,11:56:21,TFIT16281140,102.259,12.409,5000000000,5123430000
2025-12-04,11:56:22,TFIT16281140,102.259,12.409,5000000000,5123430000
2025-12-04,11:56:24,TFIT34130358,97.007,12.361,1000000000,1057522000
2025-12-04,11:56:24,TFIT34130358,97.014,12.360,1000000000,1057592000
2025-12-04,11:56:25,TFIT05220829,97.311,11.893,1000000000,1004452000
2025-12-04,11:56:26,TFIT05220829,97.373,11.871,3000000000,3015216000
2025-12-04,11:56:27,TFIT34130358,97.014,12.360,1000000000,1057592000
2025-12-04,11:56:31,TFIT31261050,62.316,12.080,5000000000,3154535000
2025-12-04,11:56:32,TFIT16281140,102.408,12.387,5000000000,5130880000
2025-12-04,11:56:32,TFIT05220829,97.376,11.870,10000000000,10051020000
2025-12-04,11:56:34,TFIT21280542,79.576,12.155,2000000000,1687822000
2025-12-04,11:56:35,TFIT21280542,79.587,12.153,5000000000,4220105000
2025-12-04,11:56:35,TFIT16281140,102.415,12.386,5000000000,5131230000
2025-12-04,11:56:37,TFIT21280542,79.592,12.152,5000000000,4220355000
2025-12-04,11:56:40,TFIT21280542,79.592,12.152,5000000000,4220355000
2025-12-04,11:56:42,TFIT10260331,80.816,12.081,5000000000,4283405000
2025-12-04,11:56:43,TFIT10260331,80.816,12.081,5000000000,4283405000
2025-12-04,11:56:44,TFIT21280542,79.611,12.149,5000000000,4221305000
2025-12-04,11:56:49,TFIT21280542,79.687,12.136,5000000000,4225105000
2025-12-04,11:57:05,TFIT21280542,79.693,12.135,5000000000,4225405000
2025-12-04,11:57:14,TFIT11090233,104.900,12.163,5000000000,5785890000
2025-12-04,11:57:31,TFIT08031127,92.041,10.540,1000000000,925294000
2025-12-04,11:57:43,TFIT05220829,97.405,11.860,5000000000,5026960000
2025-12-04,11:57:46,TFIT16280428,89.572,11.156,5000000000,4659420000
2025-12-04,11:57:55,TFIT23250746,93.585,12.350,5000000000,4887195000
2025-12-04,11:58:21,TFIT10260331,80.819,12.080,10000000000,8567110000
2025-12-04,11:58:22,TFIT10260331,80.839,12.074,5000000000,4284555000
2025-12-04,11:58:23,TFIT10260331,80.852,12.070,5000000000,4285205000
2025-12-04,11:58:24,TFIT10260331,80.852,12.070,5000000000,4285205000
2025-12-04,11:58:33,TFIT31261050,62.383,12.067,5000000000,3157885000
2025-12-04,11:58:37,TFIT05220829,97.416,11.856,5000000000,5027510000
2025-12-04,11:58:38,TFIT05220829,97.430,11.851,5000000000,5028210000
2025-12-04,11:58:41,TFIT31261050,62.394,12.065,5000000000,3158435000
2025-12-04,11:58:41,TFIT16280428,89.574,11.155,5000000000,4659520000
2025-12-04,11:58:43,TFIT05220829,97.433,11.850,5000000000,5028360000
2025-12-04,11:58:44,TFIT16180930,85.313,11.930,5000000000,4347395000
2025-12-04,11:58:48,TFIT05220829,97.461,11.840,10000000000,10059520000
2025-12-04,11:58:50,TFIT08031127,92.055,10.531,5000000000,4627170000
2025-12-04,11:58:51,TFIT08031127,92.055,10.531,1500000000,1388151000
2025-12-04,11:58:51,TFIT08031127,92.055,10.531,8500000000,7866189000
2025-12-04,11:58:52,TFIT11090233,104.904,12.162,1000000000,1157218000
2025-12-04,11:58:52,TFIT11090233,104.907,12.162,1000000000,1157248000
2025-12-04,11:58:52,TFIT11090233,104.975,12.148,4500000000,5210676000
2025-12-04,11:58:53,TFIT16280428,89.574,11.155,11000000000,10250944000
2025-12-04,11:59:00,TFIT16300632,77.631,12.106,5000000000,4032100000
2025-12-04,11:59:01,TFIT10260331,80.880,12.061,5000000000,4286605000
2025-12-04,11:59:16,TFIT08031127,92.055,10.531,1500000000,1388151000
2025-12-04,12:00:18,TFIT16280428,89.599,11.142,5000000000,4660770000
2025-12-04,12:00:59,TFIT08031127,92.069,10.522,5000000000,4627870000
2025-12-04,12:01:00,TFIT08031127,92.069,10.522,5000000000,4627870000
2025-12-04,12:02:27,TFIT16280428,89.583,11.150,15000000000,13979910000
2025-12-04,12:05:54,TFIT15260826,98.762,9.243,20000000000,20163360000
2025-12-04,12:05:54,TFIT15260826,98.762,9.243,20000000000,20163360000
2025-12-04,12:05:54,TFIT15260826,98.763,9.241,79000000000,79646062000
2025-12-04,12:06:09,TFIT15260826,98.763,9.241,5000000000,5040890000
2025-12-04,12:06:09,TFIT15260826,98.763,9.241,15000000000,15122670000
2025-12-04,12:12:23,TFIT05220829,97.575,11.800,2000000000,2014184000
2025-12-04,12:13:09,TFIT16280428,89.583,11.150,3000000000,2795982000
2025-12-04,12:13:30,TFIT10260331,80.885,12.060,5000000000,4286855000
2025-12-04,12:16:02,TFIT23250746,94.140,12.271,6000000000,5897934000
2025-12-04,12:16:03,TFIT23250746,94.173,12.266,5000000000,4916595000
2025-12-04,12:16:04,TFIT23250746,94.174,12.266,5000000000,4916645000
2025-12-04,12:16:07,TFIT16090736,66.108,12.071,5000000000,3432110000
2025-12-04,12:16:08,TFIT11240135,96.733,12.350,5000000000,5342060000
2025-12-04,12:16:08,TFIT11240135,96.738,12.349,5000000000,5342310000
2025-12-04,12:20:59,TFIT23250746,94.076,12.280,1000000000,982349000
2025-12-04,12:20:59,TFIT23250746,94.076,12.280,5000000000,4911745000
2025-12-04,12:20:59,TFIT23250746,94.076,12.280,4000000000,3929396000
2025-12-04,12:21:03,TFIT23250746,94.076,12.280,1500000000,1473523500
2025-12-04,12:21:16,TFIT23250746,94.076,12.280,1500000000,1473523500
2025-12-04,12:22:23,TFIT31261050,62.734,12.000,5000000000,3175435000
2025-12-04,12:22:23,TFIT31261050,62.734,12.000,5000000000,3175435000
2025-12-04,12:22:23,TFIT31261050,62.734,12.000,5000000000,3175435000
2025-12-04,12:23:50,TFIT16090736,66.196,12.051,5000000000,3436510000
2025-12-04,12:23:50,TFIT16090736,66.200,12.050,5000000000,3436710000
2025-12-04,12:23:50,TFIT16090736,66.200,12.050,5000000000,3436710000
2025-12-04,12:24:25,TFIT16090736,66.292,12.029,5000000000,3441310000
2025-12-04,12:24:30,TFIT10260331,80.990,12.028,5000000000,4292105000
2025-12-04,12:25:35,TFIT05220829,97.632,11.780,5000000000,5038310000
2025-12-04,12:25:53,TFIT16300632,77.914,12.030,5000000000,4046250000
2025-12-04,12:26:14,TFIT16281140,102.592,12.360,1000000000,1028016000
2025-12-04,12:26:32,TFIT16281140,102.592,12.360,1000000000,1028016000
2025-12-04,12:26:41,TFIT16281140,102.592,12.360,1000000000,1028016000
2025-12-04,12:26:59,TFIT16281140,102.592,12.360,1000000000,1028016000
2025-12-04,12:28:11,TFIT16281140,102.797,12.330,3500000000,3605231000
2025-12-04,12:29:30,TFIT23250746,93.936,12.300,5000000000,4904745000
2025-12-04,12:29:44,TFIT23250746,93.936,12.300,1500000000,1471423500
2025-12-04,12:29:51,TFIT23250746,93.936,12.300,1500000000,1471423500
2025-12-04,12:30:30,TFIT23250746,93.665,12.338,5000000000,4891195000
2025-12-04,12:30:33,TFIT23250746,93.656,12.339,5000000000,4890745000
2025-12-04,12:30:58,TFIT31261050,62.317,12.079,5000000000,3154585000
2025-12-04,12:30:58,TFIT31261050,62.316,12.080,5000000000,3154535000
2025-12-04,12:31:07,TFIT16281140,102.633,12.354,10000000000,10284260000
2025-12-04,12:31:07,TFIT16281140,102.626,12.355,3000000000,3085068000
2025-12-04,12:31:07,TFIT16281140,102.592,12.360,5000000000,5140080000
2025-12-04,12:31:07,TFIT16281140,102.592,12.360,4000000000,4112064000
2025-12-04,12:31:12,TFIT16281140,102.592,12.360,3000000000,3084048000
2025-12-04,12:31:50,TFIT05220829,97.518,11.820,1000000000,1006522000
2025-12-04,12:31:50,TFIT05220829,97.492,11.829,5000000000,5031310000
2025-12-04,12:31:50,TFIT05220829,97.490,11.830,5000000000,5031210000
2025-12-04,12:31:50,TFIT05220829,97.490,11.830,5000000000,5031210000
2025-12-04,12:31:50,TFIT05220829,97.485,11.832,5000000000,5030960000
2025-12-04,12:31:50,TFIT05220829,97.475,11.835,2000000000,2012184000
2025-12-04,12:31:50,TFIT05220829,97.461,11.840,5000000000,5029760000
2025-12-04,12:31:51,TFIT05220829,97.439,11.848,5000000000,5028660000
2025-12-04,12:31:51,TFIT05220829,97.433,11.850,17000000000,17096424000
2025-12-04,12:31:58,TFIT16280428,89.583,11.150,7000000000,6523958000
2025-12-04,12:32:02,TFIT16300632,77.654,12.100,5000000000,4033250000
2025-12-04,12:32:11,TFIT05220829,97.433,11.850,3000000000,3017016000
2025-12-04,12:32:12,TFIT05220829,97.433,11.850,5000000000,5028360000
2025-12-04,12:32:17,TFIT16090736,66.069,12.080,5000000000,3430160000
2025-12-04,12:32:23,TFIT31261050,62.146,12.112,5000000000,3146035000
2025-12-04,12:32:27,TFIT05220829,97.385,11.867,2000000000,2010384000
2025-12-04,12:32:45,TFIT16281140,102.294,12.403,4500000000,4612662000
2025-12-04,12:33:07,TFIT16090736,66.047,12.085,10000000000,6858120000
2025-12-04,12:33:52,TFIT11090233,104.709,12.203,5000000000,5776340000
2025-12-04,12:34:15,TFIT16090736,65.981,12.100,5000000000,3425760000
2025-12-04,12:35:14,TFIT16281140,102.218,12.415,2000000000,2048552000
2025-12-04,12:35:14,TFIT16281140,102.206,12.416,5000000000,5120780000
2025-12-04,12:35:14,TFIT16281140,102.184,12.420,5000000000,5119680000
2025-12-04,12:35:38,TFIT16281140,102.184,12.420,5000000000,5119680000
2025-12-04,12:35:42,TFIT05220829,97.380,11.869,7000000000,7035994000
2025-12-04,12:37:41,TFIT16181034,74.275,12.134,5000000000,3760430000
2025-12-04,12:37:41,TFIT16181034,74.280,12.133,5000000000,3760680000
2025-12-04,12:37:41,TFIT16181034,74.284,12.132,5000000000,3760880000
2025-12-04,12:37:41,TFIT16181034,74.293,12.130,5000000000,3761330000
2025-12-04,12:37:53,TFIT23250746,93.571,12.352,5000000000,4886495000
2025-12-04,12:37:57,TFIT31261050,62.258,12.091,5000000000,3151635000
2025-12-04,12:38:00,TFIT34130358,97.014,12.360,5000000000,5287960000
2025-12-04,12:53:58,TFIT05220829,97.382,11.868,1000000000,1005162000
2025-12-04,12:59:59,TFIT10260331,80.816,12.081,5000000000,4283405000
2025-12-04,12:59:59,TFIT10260331,80.819,12.080,5000000000,4283555000
2025-12-05,09:05:13,TFIT05220829,97.231,11.922,1000000000,1003954000
2025-12-05,09:05:44,TFIT16280428,89.667,11.111,5000000000,4664995000
2025-12-05,09:30:20,TFIT05220829,97.278,11.905,5000000000,5022120000
2025-12-05,09:30:29,TFIT05220829,97.275,11.906,1000000000,1004394000
2025-12-05,09:44:55,TFIT05220829,97.274,11.906,8000000000,8035072000
2025-12-05,09:44:56,TFIT05220829,97.273,11.907,5000000000,5021870000
2025-12-05,09:45:02,TFIT05220829,97.264,11.910,3000000000,3012852000
2025-12-05,09:45:02,TFIT05220829,97.265,11.910,5000000000,5021470000
2025-12-05,09:49:47,TFIT15260826,98.768,9.240,85000000000,85716805000
2025-12-05,09:49:47,TFIT15260826,98.774,9.231,10000000000,10084930000
2025-12-05,09:49:47,TFIT15260826,98.775,9.229,65000000000,65552695000
2025-12-05,09:49:47,TFIT15260826,98.781,9.220,55000000000,55470965000
2025-12-05,09:49:47,TFIT15260826,98.792,9.204,10000000000,10086730000
2025-12-05,09:50:32,TFIT16090736,66.117,12.070,5000000000,3433420000
2025-12-05,09:50:32,TFIT16090736,66.133,12.066,5000000000,3434220000
2025-12-05,09:50:32,TFIT16090736,66.134,12.066,5000000000,3434270000
2025-12-05,09:50:32,TFIT16090736,66.139,12.065,5000000000,3434520000
2025-12-05,09:50:32,TFIT16090736,66.354,12.016,5000000000,3445270000
2025-12-05,09:50:32,TFIT16090736,66.380,12.010,5000000000,3446570000
2025-12-05,09:50:32,TFIT16090736,66.420,12.001,5000000000,3448570000
2025-12-05,09:50:32,TFIT16090736,66.424,12.000,5000000000,3448770000
2025-12-05,09:50:32,TFIT16090736,66.556,11.970,5000000000,3455370000
2025-12-05,09:50:32,TFIT16090736,66.583,11.964,5000000000,3456720000
2025-12-05,09:50:33,TFIT16090736,66.627,11.954,5000000000,3458920000
2025-12-05,09:50:33,TFIT16090736,66.636,11.952,5000000000,3459370000
2025-12-05,09:50:33,TFIT16090736,66.640,11.951,5000000000,3459570000
2025-12-05,09:50:33,TFIT16090736,66.640,11.951,5000000000,3459570000
2025-12-05,09:50:33,TFIT16090736,66.640,11.951,5000000000,3459570000
2025-12-05,09:50:33,TFIT16090736,66.645,11.950,5000000000,3459820000
2025-12-05,09:50:35,TFIT31261050,62.005,12.140,5000000000,3139975000
2025-12-05,09:50:35,TFIT31261050,62.030,12.135,5000000000,3141225000
2025-12-05,09:50:35,TFIT31261050,62.054,12.130,5000000000,3142425000
2025-12-05,09:50:35,TFIT31261050,62.108,12.120,5000000000,3145125000
2025-12-05,09:50:35,TFIT31261050,62.108,12.120,5000000000,3145125000
2025-12-05,09:50:35,TFIT31261050,62.153,12.111,5000000000,3147375000
2025-12-05,09:50:35,TFIT31261050,62.211,12.100,10000000000,6300550000
2025-12-05,09:50:35,TFIT31261050,62.247,12.093,5000000000,3152075000
2025-12-05,09:50:37,TFIT23250746,93.202,12.405,5000000000,4869620000
2025-12-05,09:50:37,TFIT05220829,97.320,11.890,5000000000,5024220000
2025-12-05,09:50:38,TFIT23250746,93.202,12.405,5000000000,4869620000
2025-12-05,09:50:38,TFIT23250746,93.271,12.395,5000000000,4873070000
2025-12-05,09:50:38,TFIT05220829,97.321,11.890,5000000000,5024270000
2025-12-05,09:50:40,TFIT23250746,93.341,12.385,5000000000,4876570000
2025-12-05,09:50:43,TFIT16281140,102.284,12.405,1000000000,1025285000
2025-12-05,09:50:44,TFIT31261050,62.289,12.085,5000000000,3154175000
2025-12-05,09:50:44,TFIT31261050,62.289,12.085,5000000000,3154175000
2025-12-05,09:50:46,TFIT21280542,79.659,12.141,5000000000,4224970000
2025-12-05,09:50:47,TFIT31261050,62.289,12.085,5000000000,3154175000
2025-12-05,09:50:47,TFIT23250746,93.348,12.384,5000000000,4876920000
2025-12-05,09:50:50,TFIT16181034,74.511,12.080,5000000000,3773220000
2025-12-05,09:50:50,TFIT16181034,74.542,12.073,5000000000,3774770000
2025-12-05,09:50:50,TFIT16181034,74.614,12.056,5000000000,3778370000
2025-12-05,09:50:50,TFIT16181034,74.640,12.050,5000000000,3779670000
2025-12-05,09:50:50,TFIT16181034,74.827,12.007,5000000000,3789020000
2025-12-05,09:50:50,TFIT16181034,74.854,12.001,5000000000,3790370000
2025-12-05,09:50:54,TFIT21280542,79.665,12.140,5000000000,4225270000
2025-12-05,09:50:54,TFIT21280542,79.694,12.135,10000000000,8453440000
2025-12-05,09:50:55,TFIT21280542,79.694,12.135,5000000000,4226720000
2025-12-05,09:50:57,TFIT34130358,96.854,12.381,1000000000,1056321000
2025-12-05,09:50:57,TFIT34130358,96.977,12.365,4000000000,4230204000
2025-12-05,09:51:01,TFIT05220829,97.349,11.880,5000000000,5025670000
2025-12-05,09:51:03,TFIT11090233,104.963,12.150,5000000000,5790855000
2025-12-05,09:51:03,TFIT23250746,93.348,12.384,5000000000,4876920000
2025-12-05,09:51:04,TFIT23250746,93.362,12.382,3000000000,2926572000
2025-12-05,09:51:05,TFIT23250746,93.362,12.382,2000000000,1951048000
2025-12-05,09:51:05,TFIT23250746,93.362,12.382,3000000000,2926572000
2025-12-05,09:51:07,TFIT23250746,93.362,12.382,2000000000,1951048000
2025-12-05,09:51:10,TFIT16181034,74.854,12.001,5000000000,3790370000
2025-12-05,09:51:11,TFIT16281140,102.332,12.398,1000000000,1025765000
2025-12-05,09:51:11,TFIT05220829,97.391,11.865,2000000000,2011108000
2025-12-05,09:51:12,TFIT16281140,102.365,12.393,4000000000,4104380000
2025-12-05,09:51:19,TFIT16280428,89.594,11.150,1000000000,932269000
2025-12-05,09:51:21,TFIT15260826,98.851,9.115,5000000000,5046315000
2025-12-05,09:51:24,TFIT31261050,62.435,12.057,10000000000,6322950000
2025-12-05,09:51:24,TFIT31261050,62.576,12.030,1000000000,633705000
2025-12-05,09:51:24,TFIT31261050,62.576,12.030,10000000000,6337050000
2025-12-05,09:51:24,TFIT31261050,62.681,12.010,15000000000,9521325000
2025-12-05,09:51:24,TFIT31261050,62.697,12.007,10000000000,6349150000
2025-12-05,09:51:24,TFIT31261050,62.718,12.003,5000000000,3175625000
2025-12-05,09:51:24,TFIT31261050,62.734,12.000,10000000000,6352850000
2025-12-05,09:51:28,TFIT21280542,79.959,12.090,5000000000,4239970000
2025-12-05,09:51:30,TFIT21280542,80.018,12.080,5000000000,4242920000
2025-12-05,09:52:17,TFIT34130358,97.015,12.360,5000000000,5289655000
2025-12-05,09:52:17,TFIT34130358,97.015,12.360,5000000000,5289655000
2025-12-05,09:52:17,TFIT34130358,97.015,12.360,5000000000,5289655000
2025-12-05,09:52:17,TFIT34130358,97.015,12.360,5000000000,5289655000
2025-12-05,09:52:17,TFIT16280428,89.594,11.150,4000000000,3729076000
2025-12-05,09:52:26,TFIT16281140,102.638,12.353,1000000000,1028825000
2025-12-05,09:52:30,TFIT16281140,102.795,12.330,5000000000,5151975000
2025-12-05,09:52:58,TFIT34130358,97.394,12.311,5000000000,5308605000
2025-12-05,09:53:31,TFIT10260331,81.287,11.940,5000000000,4307910000
2025-12-05,09:54:15,TFIT10260331,81.312,11.932,5000000000,4309160000
2025-12-05,09:59:12,TFIT05220829,97.419,11.855,5000000000,5029170000
2025-12-05,09:59:12,TFIT05220829,97.420,11.855,5000000000,5029220000
2025-12-05,09:59:12,TFIT05220829,97.420,11.855,3000000000,3017532000
2025-12-05,09:59:12,TFIT05220829,97.428,11.852,5000000000,5029620000
2025-12-05,09:59:12,TFIT05220829,97.434,11.850,5000000000,5029920000
2025-12-05,10:06:05,TFIT16180930,85.397,11.905,1000000000,870532000
2025-12-05,10:06:07,TFIT16180930,85.413,11.900,10000000000,8706920000
2025-12-05,10:12:25,TFIT16300632,78.030,12.000,2000000000,1621202000
2025-12-05,10:18:04,TFIT16300632,78.030,12.000,2000000000,1621202000
2025-12-05,10:18:40,TFIT05220829,97.391,11.865,5000000000,5027770000
2025-12-05,10:18:40,TFIT05220829,97.391,11.865,5000000000,5027770000
2025-12-05,10:19:08,TFIT05220829,97.391,11.865,5000000000,5027770000
2025-12-05,10:35:02,TFIT16090736,66.429,11.999,5000000000,3449020000
2025-12-05,10:35:02,TFIT16090736,66.429,11.999,5000000000,3449020000
2025-12-05,10:35:02,TFIT16090736,66.425,12.000,5000000000,3448820000
2025-12-05,10:35:03,TFIT05220829,97.351,11.879,5000000000,5025770000
2025-12-05,10:35:03,TFIT05220829,97.351,11.879,5000000000,5025770000
2025-12-05,10:35:03,TFIT05220829,97.351,11.879,5000000000,5025770000
2025-12-05,10:35:03,TFIT05220829,97.351,11.879,5000000000,5025770000
2025-12-05,10:35:03,TFIT05220829,97.350,11.880,5000000000,5025720000
2025-12-05,10:35:03,TFIT05220829,97.341,11.883,5000000000,5025270000
2025-12-05,10:35:03,TFIT05220829,97.338,11.884,5000000000,5025120000
2025-12-05,10:35:03,TFIT05220829,97.335,11.885,5000000000,5024970000
2025-12-05,10:35:03,TFIT05220829,97.335,11.885,5000000000,5024970000
2025-12-05,10:35:03,TFIT05220829,97.332,11.886,5000000000,5024820000
2025-12-05,10:35:03,TFIT05220829,97.312,11.893,5000000000,5023820000
2025-12-05,10:35:03,TFIT05220829,97.287,11.902,5000000000,5022570000
2025-12-05,10:35:03,TFIT05220829,97.267,11.909,10000000000,10043140000
2025-12-05,10:35:03,TFIT05220829,97.265,11.910,5000000000,5021470000
2025-12-05,10:35:10,TFIT05220829,97.338,11.884,5000000000,5025120000
2025-12-05,10:35:10,TFIT31261050,62.467,12.051,10000000000,6326150000
2025-12-05,10:35:12,TFIT31261050,62.466,12.051,5000000000,3163025000
2025-12-05,10:35:14,TFIT31261050,62.466,12.051,5000000000,3163025000
2025-12-05,10:35:17,TFIT31261050,62.461,12.052,5000000000,3162775000
2025-12-05,10:35:18,TFIT16090736,66.424,12.000,5000000000,3448770000
2025-12-05,10:35:18,TFIT16090736,66.384,12.009,15000000000,10340310000
2025-12-05,10:35:19,TFIT31261050,62.461,12.052,5000000000,3162775000
2025-12-05,10:35:23,TFIT31261050,62.459,12.052,5000000000,3162675000
2025-12-05,10:35:30,TFIT23250746,93.378,12.379,2000000000,1951368000
2025-12-05,10:35:30,TFIT23250746,93.378,12.379,2000000000,1951368000
2025-12-05,10:35:31,TFIT23250746,93.378,12.379,1000000000,975684000
2025-12-05,10:35:31,TFIT23250746,93.362,12.382,1000000000,975524000
2025-12-05,10:37:32,TFIT05220829,97.336,11.884,5000000000,5025020000
2025-12-05,10:37:32,TFIT05220829,97.338,11.884,5000000000,5025120000
2025-12-05,10:37:32,TFIT05220829,97.338,11.884,10000000000,10050240000
2025-12-05,10:40:39,TFIT16090736,66.323,12.023,5000000000,3443720000
2025-12-05,10:40:39,TFIT16090736,66.051,12.085,5000000000,3430120000
2025-12-05,10:40:40,TFIT16181034,74.430,12.099,5000000000,3769170000
2025-12-05,10:40:40,TFIT16181034,74.430,12.099,5000000000,3769170000
2025-12-05,10:40:44,TFIT21280542,79.901,12.100,1000000000,847414000
2025-12-05,10:40:45,TFIT05220829,97.265,11.910,5000000000,5021470000
2025-12-05,10:40:55,TFIT21280542,79.694,12.135,5000000000,4226720000
2025-12-05,10:41:33,TFIT16281140,102.563,12.364,2500000000,2570187500
2025-12-05,10:43:53,TFIT23250746,93.375,12.380,2500000000,2439135000
2025-12-05,10:43:53,TFIT23250746,93.375,12.380,2500000000,2439135000
2025-12-05,10:43:54,TFIT23250746,93.375,12.380,2500000000,2439135000
2025-12-05,10:43:54,TFIT23250746,93.375,12.380,2500000000,2439135000
2025-12-05,10:43:55,TFIT23250746,93.375,12.380,2500000000,2439135000
2025-12-05,10:43:55,TFIT23250746,93.375,12.380,2500000000,2439135000
2025-12-05,10:43:55,TFIT23250746,93.375,12.380,2500000000,2439135000
2025-12-05,10:43:56,TFIT23250746,93.375,12.380,2500000000,2439135000
2025-12-05,10:43:56,TFIT23250746,93.375,12.380,5000000000,4878270000
2025-12-05,10:43:57,TFIT23250746,93.375,12.380,7500000000,7317405000
2025-12-05,10:43:57,TFIT23250746,93.375,12.380,2500000000,2439135000
2025-12-05,10:43:58,TFIT23250746,93.375,12.380,2500000000,2439135000
2025-12-05,10:43:59,TFIT11240135,96.492,12.397,1000000000,1066324000
2025-12-05,10:44:11,TFIT23250746,93.759,12.325,1000000000,979494000
2025-12-05,10:45:13,TFIT05220829,97.329,11.887,5000000000,5024670000
2025-12-05,10:45:13,TFIT05220829,97.335,11.885,5000000000,5024970000
2025-12-05,10:45:13,TFIT05220829,97.346,11.881,5000000000,5025520000
2025-12-05,10:45:13,TFIT05220829,97.348,11.880,10000000000,10051240000
2025-12-05,10:45:13,TFIT05220829,97.348,11.880,5000000000,5025620000
2025-12-05,10:45:13,TFIT05220829,97.349,11.880,5000000000,5025670000
2025-12-05,10:45:13,TFIT05220829,97.349,11.880,5000000000,5025670000
2025-12-05,10:45:13,TFIT05220829,97.349,11.880,5000000000,5025670000
2025-12-05,10:45:13,TFIT05220829,97.377,11.870,10000000000,10054140000
2025-12-05,10:45:13,TFIT05220829,97.380,11.869,5000000000,5027220000
2025-12-05,10:45:13,TFIT05220829,97.405,11.860,5000000000,5028470000
2025-12-05,10:45:13,TFIT05220829,97.405,11.860,5000000000,5028470000
2025-12-05,10:45:13,TFIT05220829,97.405,11.860,5000000000,5028470000
2025-12-05,10:45:13,TFIT05220829,97.406,11.860,5000000000,5028520000
2025-12-05,10:45:27,TFIT05220829,97.406,11.860,5000000000,5028520000
2025-12-05,10:45:31,TFIT23250746,93.445,12.370,5000000000,4881770000
2025-12-05,10:47:10,TFIT23250746,93.710,12.332,1000000000,979004000
2025-12-05,10:50:54,TFIT21280542,79.665,12.140,5000000000,4225270000
2025-12-05,10:50:54,TFIT21280542,79.619,12.148,5000000000,4222970000
2025-12-05,10:50:54,TFIT21280542,79.618,12.148,5000000000,4222920000
2025-12-05,10:50:54,TFIT21280542,79.606,12.150,2500000000,2111160000
2025-12-05,10:50:54,TFIT21280542,79.606,12.150,5000000000,4222320000
2025-12-05,10:50:54,TFIT21280542,79.577,12.155,5000000000,4220870000
2025-12-05,10:51:25,TFIT21280542,79.606,12.150,5000000000,4222320000
2025-12-05,10:52:01,TFIT21280542,79.694,12.135,5000000000,4226720000
2025-12-05,11:00:20,TFIT05220829,97.304,11.896,5000000000,5023420000
2025-12-05,11:00:20,TFIT05220829,97.304,11.896,5000000000,5023420000
2025-12-05,11:00:20,TFIT05220829,97.301,11.897,5000000000,5023270000
2025-12-05,11:00:20,TFIT05220829,97.301,11.897,5000000000,5023270000
2025-12-05,11:00:20,TFIT05220829,97.295,11.899,5000000000,5022970000
2025-12-05,11:00:20,TFIT05220829,97.295,11.899,5000000000,5022970000
2025-12-05,11:00:20,TFIT05220829,97.295,11.899,5000000000,5022970000
2025-12-05,11:00:20,TFIT05220829,97.295,11.899,5000000000,5022970000
2025-12-05,11:00:20,TFIT05220829,97.292,11.900,5000000000,5022820000
2025-12-05,11:00:26,TFIT31261050,62.326,12.078,5000000000,3156025000
2025-12-05,11:00:26,TFIT31261050,62.316,12.080,5000000000,3155525000
2025-12-05,11:00:31,TFIT11090233,104.884,12.167,1500000000,1736071500
2025-12-05,11:00:31,TFIT11090233,104.878,12.168,5000000000,5786605000
2025-12-05,11:00:32,TFIT11090233,104.870,12.169,3500000000,4050343500
2025-12-05,11:00:39,TFIT10260331,80.840,12.076,5000000000,4285560000
2025-12-05,11:00:39,TFIT10260331,80.837,12.077,5000000000,4285410000
2025-12-05,11:00:39,TFIT10260331,80.837,12.077,5000000000,4285410000
2025-12-05,11:00:39,TFIT10260331,80.837,12.077,5000000000,4285410000
2025-12-05,11:00:39,TFIT10260331,80.837,12.077,5000000000,4285410000
2025-12-05,11:00:39,TFIT10260331,80.834,12.078,5000000000,4285260000
2025-12-05,11:00:39,TFIT10260331,80.762,12.100,5000000000,4281660000
2025-12-05,11:00:39,TFIT10260331,80.696,12.120,5000000000,4278360000
2025-12-05,11:00:52,TFIT23250746,93.362,12.382,1000000000,975524000
2025-12-05,11:00:52,TFIT23250746,93.313,12.389,11500000000,11212891000
2025-12-05,11:01:01,TFIT16300632,77.697,12.090,2000000000,1614542000
2025-12-05,11:01:03,TFIT16300632,77.660,12.100,2000000000,1613802000
2025-12-05,11:10:57,TFIT11090233,104.821,12.180,5000000000,5783755000
2025-12-05,11:15:02,TFIT16180930,85.098,12.000,5000000000,4337710000
2025-12-05,11:16:55,TFIT05220829,97.301,11.897,5000000000,5023270000
2025-12-05,11:16:57,TFIT05220829,97.301,11.897,5000000000,5023270000
2025-12-05,11:17:00,TFIT05220829,97.301,11.897,5000000000,5023270000
2025-12-05,11:17:13,TFIT16280428,89.509,11.196,5000000000,4657095000
2025-12-05,11:17:13,TFIT16280428,89.509,11.196,5000000000,4657095000
2025-12-05,11:17:13,TFIT16280428,89.507,11.197,5000000000,4656995000
2025-12-05,11:17:13,TFIT16280428,89.507,11.197,5000000000,4656995000
2025-12-05,11:17:13,TFIT16280428,89.507,11.197,5000000000,4656995000
2025-12-05,11:17:14,TFIT16180930,84.985,12.036,10000000000,8664120000
2025-12-05,11:17:18,TFIT05220829,97.301,11.897,5000000000,5023270000
2025-12-05,11:17:18,TFIT05220829,97.301,11.897,5000000000,5023270000
2025-12-05,11:17:18,TFIT05220829,97.301,11.897,5000000000,5023270000
2025-12-05,11:17:18,TFIT05220829,97.301,11.897,5000000000,5023270000
2025-12-05,11:17:18,TFIT05220829,97.301,11.897,3000000000,3013962000
2025-12-05,11:17:23,TFIT11090233,104.821,12.180,5000000000,5783755000
2025-12-05,11:17:23,TFIT11090233,104.797,12.185,1000000000,1156511000
2025-12-05,11:17:32,TFIT23250746,93.271,12.395,5000000000,4873070000
2025-12-05,11:17:49,TFIT05220829,97.307,11.895,5000000000,5023570000
2025-12-05,11:25:17,TFIT05220829,97.309,11.894,6000000000,6028404000
2025-12-05,11:25:17,TFIT05220829,97.309,11.894,5000000000,5023670000
2025-12-05,11:25:17,TFIT05220829,97.307,11.895,2000000000,2009428000
2025-12-05,11:25:49,TFIT11240135,96.528,12.390,1000000000,1066684000
2025-12-05,11:26:57,TFIT11240135,96.580,12.380,5000000000,5336020000
2025-12-05,11:30:10,TFIT16281140,102.345,12.396,5000000000,5129475000
2025-12-05,11:30:10,TFIT16281140,102.338,12.397,10000000000,10258250000
2025-12-05,11:30:10,TFIT16281140,102.332,12.398,5000000000,5128825000
2025-12-05,11:30:10,TFIT16281140,102.319,12.399,5000000000,5128175000
2025-12-05,11:30:10,TFIT16281140,102.319,12.399,5000000000,5128175000
2025-12-05,11:30:10,TFIT16281140,102.318,12.400,1000000000,1025625000
2025-12-05,11:30:10,TFIT16281140,102.318,12.400,1500000000,1538437500
2025-12-05,11:30:10,TFIT16281140,102.318,12.400,1000000000,1025625000
2025-12-05,11:30:10,TFIT16281140,102.318,12.400,5000000000,5128125000
2025-12-05,11:30:10,TFIT16281140,102.318,12.400,5000000000,5128125000
2025-12-05,11:30:10,TFIT16281140,102.291,12.404,10000000000,10253550000
2025-12-05,11:30:15,TFIT31261050,62.294,12.084,9500000000,5993407500
2025-12-05,11:30:15,TFIT31261050,62.266,12.089,1500000000,945907500
2025-12-05,11:30:18,TFIT23250746,93.271,12.395,5000000000,4873070000
2025-12-05,11:30:18,TFIT23250746,93.264,12.396,5000000000,4872720000
2025-12-05,11:30:18,TFIT23250746,93.257,12.397,5000000000,4872370000
2025-12-05,11:30:18,TFIT23250746,93.237,12.400,5000000000,4871370000
2025-12-05,11:30:20,TFIT23250746,93.167,12.410,20000000000,19471480000
2025-12-05,11:30:22,TFIT11090233,104.783,12.188,5000000000,5781855000
2025-12-05,11:30:22,TFIT11090233,104.773,12.190,5000000000,5781355000
2025-12-05,11:30:35,TFIT21280542,79.396,12.186,5000000000,4211820000
2025-12-05,11:30:38,TFIT23250746,93.167,12.410,20000000000,19471480000
2025-12-05,11:30:39,TFIT23250746,93.167,12.410,20000000000,19471480000
2025-12-05,11:31:10,TFIT23250746,93.167,12.410,5000000000,4867870000
2025-12-05,11:36:22,TFIT23250746,93.167,12.410,5000000000,4867870000
2025-12-05,11:36:23,TFIT23250746,93.167,12.410,5000000000,4867870000
2025-12-05,11:36:24,TFIT23250746,93.167,12.410,5000000000,4867870000
2025-12-05,11:36:25,TFIT11090233,104.787,12.187,4000000000,4625644000
2025-12-05,11:38:22,TFIT11240135,96.574,12.381,5000000000,5335720000
2025-12-05,11:38:26,TFIT23250746,93.306,12.390,5000000000,4874820000
2025-12-05,11:40:20,TFIT16181034,74.771,12.020,10000000000,7572440000
2025-12-05,11:40:20,TFIT16181034,74.806,12.012,35000000000,26515790000
2025-12-05,11:40:24,TFIT16281140,102.433,12.383,3000000000,3080325000
2025-12-05,11:40:24,TFIT16281140,102.447,12.381,5000000000,5134575000
2025-12-05,11:40:24,TFIT16281140,102.454,12.380,10000000000,10269850000
2025-12-05,11:40:24,TFIT16281140,102.481,12.376,2000000000,2054510000
2025-12-05,11:40:26,TFIT16281140,102.481,12.376,3000000000,3081765000
2025-12-05,11:40:28,TFIT16281140,102.488,12.375,5000000000,5136625000
2025-12-05,11:40:31,TFIT11090233,105.151,12.111,5000000000,5800255000
2025-12-05,11:40:33,TFIT23250746,93.375,12.380,3000000000,2926962000
2025-12-05,11:40:33,TFIT16300632,77.897,12.036,1000000000,809271000
2025-12-05,11:54:16,TFIT23250746,93.585,12.350,2000000000,1955508000
2025-12-05,12:09:16,TFIT11240135,96.631,12.370,1000000000,1067714000
2025-12-05,12:14:19,TFIT05220829,97.326,11.888,5000000000,5024520000
2025-12-05,12:14:19,TFIT05220829,97.326,11.888,5000000000,5024520000
2025-12-05,12:14:19,TFIT05220829,97.323,11.889,5000000000,5024370000
2025-12-05,12:14:19,TFIT05220829,97.323,11.889,5000000000,5024370000
2025-12-05,12:14:19,TFIT05220829,97.323,11.889,5000000000,5024370000
2025-12-05,12:14:19,TFIT05220829,97.322,11.889,5000000000,5024320000
2025-12-05,12:14:19,TFIT05220829,97.315,11.892,5000000000,5023970000
2025-12-05,12:14:19,TFIT05220829,97.313,11.893,5000000000,5023870000
2025-12-05,12:14:19,TFIT05220829,97.312,11.893,5000000000,5023820000
2025-12-05,12:14:19,TFIT05220829,97.312,11.893,10000000000,10047640000
2025-12-05,12:14:19,TFIT05220829,97.309,11.894,5000000000,5023670000
2025-12-05,12:14:19,TFIT05220829,97.309,11.894,5000000000,5023670000
2025-12-05,12:14:19,TFIT05220829,97.301,11.897,5000000000,5023270000
2025-12-05,12:14:19,TFIT05220829,97.292,11.900,10000000000,10045640000
2025-12-05,12:14:19,TFIT05220829,97.278,11.905,5000000000,5022120000
2025-12-05,12:14:19,TFIT05220829,97.250,11.915,6000000000,6024864000
2025-12-05,12:14:19,TFIT05220829,97.225,11.924,10000000000,10038940000
2025-12-05,12:14:19,TFIT05220829,97.222,11.925,10000000000,10038640000
2025-12-05,12:14:19,TFIT05220829,97.219,11.926,5000000000,5019170000
2025-12-05,12:14:19,TFIT05220829,97.216,11.927,5000000000,5019020000
2025-12-05,12:14:19,TFIT05220829,97.208,11.930,3000000000,3011172000
2025-12-05,12:14:19,TFIT05220829,97.207,11.930,5000000000,5018570000
2025-12-05,12:14:19,TFIT05220829,97.179,11.940,10000000000,10034340000
2025-12-05,12:14:19,TFIT05220829,97.165,11.945,25000000000,25082350000
2025-12-05,12:14:19,TFIT05220829,97.165,11.945,5000000000,5016470000
2025-12-05,12:14:19,TFIT05220829,97.151,11.950,30000000000,30094620000
2025-12-05,12:14:26,TFIT10260331,80.765,12.099,5000000000,4281810000
2025-12-05,12:14:26,TFIT10260331,80.765,12.099,5000000000,4281810000
2025-12-05,12:14:26,TFIT10260331,80.765,12.099,5000000000,4281810000
2025-12-05,12:14:30,TFIT11090233,104.845,12.175,20000000000,23139820000
2025-12-05,12:14:41,TFIT05220829,97.151,11.950,1000000000,1003154000
2025-12-05,12:14:47,TFIT23250746,93.230,12.401,5000000000,4871020000
2025-12-05,12:15:25,TFIT16180930,84.948,12.048,25000000000,21651050000
2025-12-05,12:15:47,TFIT23250746,92.822,12.460,5000000000,4850620000
2025-12-05,12:17:42,TFIT16280428,89.501,11.200,5000000000,4656695000
2025-12-05,12:18:59,TFIT16090736,65.986,12.100,5000000000,3426870000
2025-12-05,12:19:29,TFIT11240135,96.554,12.385,3000000000,3200832000
2025-12-05,12:24:12,TFIT11090233,104.811,12.182,5000000000,5783255000
2025-12-05,12:24:58,TFIT23250746,93.098,12.420,3000000000,2918652000
2025-12-05,12:25:36,TFIT05220829,97.179,11.940,5000000000,5017170000
2025-12-05,12:27:11,TFIT05220829,97.186,11.938,5000000000,5017520000
2025-12-05,12:27:11,TFIT05220829,97.185,11.938,5000000000,5017470000
2025-12-05,12:27:11,TFIT05220829,97.185,11.938,5000000000,5017470000
2025-12-05,12:27:11,TFIT05220829,97.185,11.938,5000000000,5017470000
2025-12-05,12:27:11,TFIT05220829,97.179,11.940,5000000000,5017170000
2025-12-05,12:27:11,TFIT05220829,97.151,11.950,5000000000,5015770000
2025-12-05,12:27:11,TFIT05220829,97.140,11.954,5000000000,5015220000
2025-12-05,12:27:11,TFIT05220829,97.126,11.959,5000000000,5014520000
2025-12-05,12:27:11,TFIT05220829,97.084,11.974,5000000000,5012420000
2025-12-05,12:27:11,TFIT05220829,97.069,11.979,5000000000,5011670000
2025-12-05,12:27:11,TFIT05220829,97.067,11.980,3000000000,3006942000
2025-12-05,12:27:11,TFIT05220829,97.067,11.980,5000000000,5011570000
2025-12-05,12:27:11,TFIT05220829,97.013,11.999,35500000000,35562977000
2025-12-05,12:27:11,TFIT05220829,97.010,12.000,5000000000,5008720000
2025-12-05,12:27:11,TFIT05220829,96.983,12.010,1500000000,1502211000
2025-12-05,12:27:14,TFIT10260331,80.765,12.099,5000000000,4281810000
2025-12-05,12:27:14,TFIT10260331,80.765,12.099,5000000000,4281810000
2025-12-05,12:27:14,TFIT10260331,80.765,12.099,5000000000,4281810000
2025-12-05,12:27:14,TFIT10260331,80.765,12.099,5000000000,4281810000
2025-12-05,12:27:21,TFIT05220829,97.010,12.000,5000000000,5008720000
2025-12-05,12:28:52,TFIT05220829,97.151,11.950,5000000000,5015770000
2025-12-05,12:29:25,TFIT05220829,97.151,11.950,5000000000,5015770000
2025-12-05,12:32:51,TFIT21280542,79.852,12.108,5000000000,4234620000
2025-12-05,12:32:51,TFIT21280542,79.853,12.108,45000000000,38112030000
2025-12-05,12:32:51,TFIT21280542,79.859,12.107,5000000000,4234970000
2025-12-05,12:32:51,TFIT21280542,79.859,12.107,5000000000,4234970000
2025-12-05,12:32:51,TFIT21280542,79.865,12.106,5000000000,4235270000
2025-12-05,12:32:51,TFIT21280542,79.865,12.106,5000000000,4235270000
2025-12-05,12:32:51,TFIT21280542,79.865,12.106,5000000000,4235270000
2025-12-05,12:32:51,TFIT21280542,79.871,12.105,5000000000,4235570000
2025-12-05,12:32:52,TFIT16180930,85.004,12.030,5000000000,4333010000
2025-12-05,12:32:52,TFIT16180930,85.098,12.000,25000000000,21688550000
2025-12-05,12:32:52,TFIT16180930,85.098,12.000,5000000000,4337710000
2025-12-05,12:32:52,TFIT16180930,85.098,12.000,5000000000,4337710000
2025-12-05,12:32:53,TFIT10260331,80.850,12.073,15000000000,12858180000
2025-12-05,12:32:53,TFIT10260331,80.860,12.070,5000000000,4286560000
2025-12-05,12:32:53,TFIT10260331,80.919,12.052,5000000000,4289510000
2025-12-05,12:32:53,TFIT10260331,80.919,12.052,5000000000,4289510000
2025-12-05,12:32:53,TFIT10260331,80.921,12.051,5000000000,4289610000
2025-12-05,12:32:53,TFIT10260331,80.921,12.051,15000000000,12868830000
2025-12-05,12:32:53,TFIT10260331,80.925,12.050,5000000000,4289810000
2025-12-05,12:32:53,TFIT10260331,80.925,12.050,5000000000,4289810000
2025-12-05,12:32:53,TFIT10260331,80.925,12.050,5000000000,4289810000
2025-12-05,12:32:54,TFIT16090736,66.393,12.007,5000000000,3447220000
2025-12-05,12:32:57,TFIT16180930,85.098,12.000,5000000000,4337710000
2025-12-05,12:33:06,TFIT31261050,62.571,12.031,7000000000,4435585000
2025-12-05,12:33:11,TFIT16281140,102.631,12.354,1000000000,1028755000
2025-12-05,12:33:11,TFIT16281140,102.856,12.321,4000000000,4124020000
2025-12-05,12:33:24,TFIT31261050,62.718,12.003,2500000000,1587812500
2025-12-05,12:33:45,TFIT11240135,96.933,12.312,9000000000,9636606000
2025-12-05,12:33:51,TFIT23250746,93.445,12.370,1000000000,976354000
2025-12-05,12:33:53,TFIT23250746,93.515,12.360,1000000000,977054000
2025-12-05,12:34:01,TFIT05220829,97.222,11.925,5000000000,5019320000
2025-12-05,12:34:03,TFIT16181034,74.632,12.052,5000000000,3779270000
2025-12-05,12:34:03,TFIT16181034,74.637,12.051,5000000000,3779520000
2025-12-05,12:40:09,TFIT05220829,97.292,11.900,2000000000,2009128000
2025-12-05,12:46:07,TFIT08031127,91.958,10.600,1000000000,924621000
2025-12-05,12:46:28,TFIT08031127,91.958,10.600,5000000000,4623105000
2025-12-05,12:46:31,TFIT08031127,91.958,10.600,10000000000,9246210000
2025-12-05,12:48:34,TFIT08031127,91.956,10.601,5000000000,4623005000
2025-12-05,12:48:34,TFIT08031127,91.957,10.601,20000000000,18492220000
2025-12-05,12:48:44,TFIT08031127,91.958,10.600,1000000000,924621000
2025-12-05,12:48:52,TFIT08031127,91.958,10.600,1000000000,924621000
2025-12-05,12:48:52,TFIT08031127,91.958,10.600,1000000000,924621000
2025-12-05,12:48:56,TFIT08031127,91.958,10.600,15000000000,13869315000
2025-12-05,12:49:56,TFIT08031127,91.958,10.600,15000000000,13869315000
2025-12-05,12:50:45,TFIT08031127,91.958,10.600,5000000000,4623105000
2025-12-05,12:51:27,TFIT08031127,91.958,10.600,25000000000,23115525000
2025-12-05,12:58:04,TFIT05220829,97.250,11.915,2000000000,2008288000
2025-12-05,12:58:11,TFIT05220829,97.250,11.915,3000000000,3012432000
2025-12-05,12:58:11,TFIT05220829,97.225,11.924,2000000000,2007788000
2025-12-05,12:58:11,TFIT05220829,97.222,11.925,5000000000,5019320000
2025-12-05,12:58:11,TFIT05220829,97.222,11.925,5000000000,5019320000
2025-12-05,12:58:11,TFIT05220829,97.210,11.929,5000000000,5018720000
2025-12-05,12:58:11,TFIT05220829,97.191,11.936,10000000000,10035540000
2025-12-05,12:58:23,TFIT11090233,105.012,12.140,2000000000,2317322000
2025-12-05,12:58:36,TFIT05220829,97.236,11.920,10000000000,10040040000
2025-12-05,12:58:42,TFIT16180930,85.111,11.996,1000000000,867672000
2025-12-05,12:59:46,TFIT05220829,97.264,11.910,5000000000,5021420000
2025-12-05,12:59:51,TFIT16281140,102.987,12.302,5000000000,5161575000
2025-12-05,12:59:51,TFIT16281140,102.994,12.301,5000000000,5161925000
2025-12-09,08:33:45,TFIT05220829,97.562,11.806,10000000000,10084690000
2025-12-09,08:33:45,TFIT05220829,97.567,11.804,5000000000,5042595000
2025-12-09,08:33:45,TFIT05220829,97.567,11.804,5000000000,5042595000
2025-12-09,08:33:45,TFIT05220829,97.569,11.803,5000000000,5042695000
2025-12-09,08:33:45,TFIT05220829,97.572,11.802,10000000000,10085690000
2025-12-09,08:33:45,TFIT05220829,97.572,11.802,20000000000,20171380000
2025-12-09,08:33:45,TFIT05220829,97.573,11.802,10000000000,10085790000
2025-12-09,08:33:45,TFIT05220829,97.573,11.802,5000000000,5042895000
2025-12-09,08:33:45,TFIT05220829,97.576,11.801,10000000000,10086090000
2025-12-09,08:33:48,TFIT05220829,97.579,11.800,1000000000,1008639000
2025-12-09,08:33:48,TFIT05220829,97.579,11.800,4000000000,4034556000
2025-12-09,08:33:50,TFIT05220829,97.579,11.800,1000000000,1008639000
2025-12-09,08:33:50,TFIT05220829,97.579,11.800,1000000000,1008639000
2025-12-09,08:33:50,TFIT05220829,97.607,11.790,3000000000,3026757000
2025-12-09,08:33:58,TFIT05220829,97.579,11.800,3000000000,3025917000
2025-12-09,08:34:00,TFIT05220829,97.559,11.807,2000000000,2016878000
2025-12-09,08:44:56,TFIT08031127,92.167,10.490,5000000000,4636705000
2025-12-09,08:44:56,TFIT08031127,92.151,10.501,15000000000,13907715000
2025-12-09,09:13:32,TFIT16280428,89.646,11.145,5000000000,4667230000
2025-12-09,09:13:32,TFIT16280428,89.646,11.145,5000000000,4667230000
2025-12-09,09:13:32,TFIT16280428,89.646,11.145,5000000000,4667230000
2025-12-09,09:13:32,TFIT16280428,89.644,11.146,5000000000,4667130000
2025-12-09,09:13:32,TFIT16280428,89.640,11.148,10000000000,9333860000
2025-12-09,09:23:19,TFIT05220829,97.440,11.849,2000000000,2014498000
2025-12-09,09:23:26,TFIT05220829,97.440,11.849,4000000000,4028996000
2025-12-09,09:23:26,TFIT05220829,97.423,11.855,55000000000,55389345000
2025-12-09,09:23:35,TFIT05220829,97.384,11.869,5000000000,5033445000
2025-12-09,09:23:42,TFIT16280428,89.636,11.150,5000000000,4666730000
2025-12-09,09:23:49,TFIT16280428,89.636,11.150,5000000000,4666730000
2025-12-09,09:23:52,TFIT16280428,89.636,11.150,5000000000,4666730000
2025-12-09,09:28:58,TFIT05220829,97.387,11.868,15000000000,15100785000
2025-12-09,09:28:58,TFIT05220829,97.381,11.870,5000000000,5033295000
2025-12-09,09:28:58,TFIT05220829,97.381,11.870,5000000000,5033295000
2025-12-09,09:28:58,TFIT05220829,97.381,11.870,5000000000,5033295000
2025-12-09,09:28:58,TFIT05220829,97.375,11.872,5000000000,5032995000
2025-12-09,09:28:58,TFIT05220829,97.370,11.874,5000000000,5032745000
2025-12-09,09:28:58,TFIT05220829,97.327,11.889,5000000000,5030595000
2025-12-09,09:28:58,TFIT05220829,97.327,11.889,5000000000,5030595000
2025-12-09,09:28:58,TFIT05220829,97.327,11.889,5000000000,5030595000
2025-12-09,09:28:58,TFIT05220829,97.302,11.898,5000000000,5029345000
2025-12-09,09:28:58,TFIT05220829,97.299,11.899,5000000000,5029195000
2025-12-09,09:28:58,TFIT05220829,97.296,11.900,5000000000,5029045000
2025-12-09,09:29:01,TFIT05220829,97.296,11.900,5000000000,5029045000
2025-12-09,09:29:02,TFIT16280428,89.618,11.160,5000000000,4665830000
2025-12-09,09:29:05,TFIT16180930,85.193,11.977,3000000000,2608023000
2025-12-09,09:29:05,TFIT16180930,85.189,11.978,5000000000,4346505000
2025-12-09,09:29:05,TFIT16180930,85.187,11.979,2000000000,1738562000
2025-12-09,09:33:58,TFIT16280428,89.618,11.160,1000000000,933166000
2025-12-09,09:58:00,TFIT21280542,79.788,12.120,5000000000,4236490000
2025-12-09,10:04:38,TFIT05220829,97.285,11.904,5000000000,5028495000
2025-12-09,10:04:38,TFIT05220829,97.282,11.905,5000000000,5028345000
2025-12-09,10:04:38,TFIT05220829,97.280,11.905,5000000000,5028245000
2025-12-09,10:04:38,TFIT05220829,97.279,11.906,5000000000,5028195000
2025-12-09,10:04:38,TFIT05220829,97.277,11.907,5000000000,5028095000
2025-12-09,10:04:38,TFIT05220829,97.277,11.907,5000000000,5028095000
2025-12-09,10:04:45,TFIT05220829,97.274,11.908,5000000000,5027945000
2025-12-09,10:04:48,TFIT05220829,97.274,11.908,5000000000,5027945000
2025-12-09,10:04:48,TFIT23250746,93.263,12.396,5000000000,4878970000
2025-12-09,10:04:48,TFIT23250746,93.263,12.396,5000000000,4878970000
2025-12-09,10:04:52,TFIT23250746,93.249,12.398,5000000000,4878270000
2025-12-09,10:04:52,TFIT05220829,97.271,11.909,5000000000,5027795000
2025-12-09,10:04:57,TFIT16280428,89.573,11.184,5000000000,4663580000
2025-12-09,10:04:59,TFIT16280428,89.573,11.184,5000000000,4663580000
2025-12-09,10:05:00,TFIT05220829,97.268,11.910,10000000000,10055290000
2025-12-09,10:05:02,TFIT23250746,93.159,12.411,5000000000,4873770000
2025-12-09,10:05:06,TFIT23250746,93.118,12.417,5000000000,4871720000
2025-12-09,10:05:11,TFIT05220829,97.260,11.913,3000000000,3016347000
2025-12-09,10:05:12,TFIT16281140,102.187,12.418,5000000000,5128560000
2025-12-09,10:05:12,TFIT16281140,102.183,12.418,5000000000,5128360000
2025-12-09,10:05:12,TFIT16180930,85.121,12.000,5000000000,4343105000
2025-12-09,10:05:16,TFIT16281140,102.183,12.418,10000000000,10256720000
2025-12-09,10:05:19,TFIT16281140,102.174,12.420,5000000000,5127910000
2025-12-09,10:05:24,TFIT16281140,102.147,12.424,5000000000,5126560000
2025-12-09,10:05:28,TFIT23250746,93.069,12.424,5000000000,4869270000
2025-12-09,10:05:29,TFIT16281140,102.106,12.430,5000000000,5124510000
2025-12-09,10:05:29,TFIT16281140,102.099,12.431,5000000000,5124160000
2025-12-09,10:05:40,TFIT31261050,62.263,12.090,3000000000,1894110000
2025-12-09,10:05:40,TFIT31261050,62.263,12.090,2000000000,1262740000
2025-12-09,10:06:22,TFIT16181034,74.661,12.049,10000000000,7569390000
2025-12-09,10:08:07,TFIT05220829,97.243,11.919,10000000000,10052790000
2025-12-09,10:08:07,TFIT05220829,97.240,11.920,5000000000,5026245000
2025-12-09,10:08:07,TFIT05220829,97.240,11.920,5000000000,5026245000
2025-12-09,10:08:07,TFIT05220829,97.226,11.925,3000000000,3015327000
2025-12-09,10:08:07,TFIT05220829,97.226,11.925,10000000000,10051090000
2025-12-09,10:08:07,TFIT05220829,97.215,11.929,20000000000,20099980000
2025-12-09,10:08:07,TFIT05220829,97.212,11.930,20000000000,20099380000
2025-12-09,10:08:07,TFIT05220829,97.212,11.930,15000000000,15074535000
2025-12-09,10:08:07,TFIT05220829,97.178,11.942,5000000000,5023145000
2025-12-09,10:08:07,TFIT05220829,97.175,11.943,5000000000,5022995000
2025-12-09,10:08:07,TFIT05220829,97.161,11.948,5000000000,5022295000
2025-12-09,10:08:07,TFIT05220829,97.133,11.958,3000000000,3012537000
2025-12-09,10:08:07,TFIT05220829,97.124,11.961,10000000000,10040890000
2025-12-09,10:08:07,TFIT05220829,97.105,11.968,5000000000,5019495000
2025-12-09,10:08:07,TFIT05220829,97.102,11.969,50000000000,50193450000
2025-12-09,10:08:07,TFIT05220829,97.099,11.970,39000000000,39149721000
2025-12-09,10:08:15,TFIT11090233,104.879,12.168,10000000000,11587830000
2025-12-09,10:08:15,TFIT05220829,97.099,11.970,11000000000,11042229000
2025-12-09,10:08:17,TFIT21280542,79.565,12.158,5000000000,4225340000
2025-12-09,10:08:18,TFIT21280542,79.559,12.159,5000000000,4225040000
2025-12-09,10:08:29,TFIT16280428,89.555,11.194,5000000000,4662680000
2025-12-09,10:08:30,TFIT16181034,74.618,12.059,5000000000,3782545000
2025-12-09,10:08:32,TFIT10260331,80.852,12.082,5000000000,4289995000
2025-12-09,10:08:35,TFIT21280542,79.553,12.160,5000000000,4224740000
2025-12-09,10:08:38,TFIT08031127,92.012,10.590,5000000000,4628955000
2025-12-09,10:08:38,TFIT08031127,92.011,10.591,15000000000,13886715000
2025-12-09,10:08:38,TFIT08031127,92.009,10.592,5000000000,4628805000
2025-12-09,10:08:53,TFIT31261050,62.211,12.100,5000000000,3154250000
2025-12-09,10:08:53,TFIT16280428,89.553,11.195,5000000000,4662580000
2025-12-09,10:09:08,TFIT16180930,84.839,12.090,5000000000,4329005000
2025-12-09,10:09:11,TFIT10260331,80.845,12.084,5000000000,4289645000
2025-12-09,10:09:11,TFIT10260331,80.845,12.084,5000000000,4289645000
2025-12-09,10:09:15,TFIT10260331,80.832,12.088,5000000000,4288995000
2025-12-09,10:09:16,TFIT10260331,80.832,12.088,5000000000,4288995000
2025-12-09,10:11:36,TFIT11240135,96.525,12.392,1000000000,1067942000
2025-12-09,10:11:36,TFIT11240135,96.520,12.393,5000000000,5339460000
2025-12-09,10:11:36,TFIT11240135,96.516,12.394,11500000000,12280298000
2025-12-09,10:11:36,TFIT11240135,96.515,12.394,5000000000,5339210000
2025-12-09,10:11:36,TFIT11240135,96.499,12.397,5000000000,5338410000
2025-12-09,10:11:36,TFIT11240135,96.494,12.398,5000000000,5338160000
2025-12-09,10:11:36,TFIT11240135,96.489,12.399,5000000000,5337910000
2025-12-09,10:11:36,TFIT11240135,96.489,12.399,5000000000,5337910000
2025-12-09,10:11:40,TFIT16281140,101.843,12.469,10000000000,10222720000
2025-12-09,10:11:40,TFIT16281140,101.836,12.470,1000000000,1022202000
2025-12-09,10:11:40,TFIT16281140,101.710,12.488,5000000000,5104710000
2025-12-09,10:11:40,TFIT16281140,101.709,12.489,10000000000,10209320000
2025-12-09,10:11:40,TFIT16281140,101.708,12.489,4000000000,4083688000
2025-12-09,10:11:41,TFIT31261050,62.191,12.104,5000000000,3153250000
2025-12-09,10:11:41,TFIT31261050,62.170,12.108,5000000000,3152200000
2025-12-09,10:11:41,TFIT11240135,96.474,12.402,5000000000,5337160000
2025-12-09,10:11:41,TFIT11240135,96.406,12.415,5000000000,5333760000
2025-12-09,10:11:41,TFIT11240135,96.406,12.415,5000000000,5333760000
2025-12-09,10:11:41,TFIT11240135,96.406,12.415,5000000000,5333760000
2025-12-09,10:11:41,TFIT11240135,96.396,12.417,5000000000,5333260000
2025-12-09,10:11:43,TFIT16281140,101.708,12.489,1000000000,1020922000
2025-12-09,10:11:43,TFIT16281140,101.702,12.490,4000000000,4083448000
2025-12-09,10:11:44,TFIT16281140,101.702,12.490,1000000000,1020862000
2025-12-09,10:11:44,TFIT16281140,101.701,12.490,4000000000,4083408000
2025-12-09,10:11:45,TFIT05220829,97.079,11.977,5000000000,5018195000
2025-12-09,10:11:51,TFIT05220829,97.079,11.977,25000000000,25090975000
2025-12-09,10:11:56,TFIT34130358,96.712,12.400,5000000000,5281080000
2025-12-09,10:11:58,TFIT16281140,101.695,12.491,10000000000,10207920000
2025-12-09,10:11:58,TFIT21280542,79.489,12.171,5000000000,4221540000
2025-12-09,10:11:58,TFIT21280542,79.483,12.172,5000000000,4221240000
2025-12-09,10:12:17,TFIT31261050,62.196,12.103,5000000000,3153500000
2025-12-09,10:12:18,TFIT31261050,62.159,12.110,5000000000,3151650000
2025-12-09,10:12:21,TFIT31261050,62.118,12.118,2500000000,1574800000
2025-12-09,10:12:22,TFIT31261050,62.056,12.130,5000000000,3146500000
2025-12-09,10:12:23,TFIT31261050,62.056,12.130,5000000000,3146500000
2025-12-09,10:13:51,TFIT11090233,104.874,12.169,3000000000,3476199000
2025-12-09,10:14:07,TFIT16090736,65.764,12.155,5000000000,3419195000
2025-12-09,10:16:45,TFIT16181034,74.441,12.100,5000000000,3773695000
2025-12-09,10:24:24,TFIT05220829,97.088,11.974,5000000000,5018645000
2025-12-09,10:24:24,TFIT05220829,97.088,11.974,5000000000,5018645000
2025-12-09,10:24:24,TFIT05220829,97.085,11.975,5000000000,5018495000
2025-12-09,10:24:24,TFIT05220829,97.085,11.975,5000000000,5018495000
2025-12-09,10:24:41,TFIT05220829,97.049,11.988,5000000000,5016695000
2025-12-09,10:24:41,TFIT05220829,97.046,11.989,5000000000,5016545000
2025-12-09,10:24:41,TFIT05220829,97.023,11.997,5000000000,5015395000
2025-12-09,10:24:41,TFIT05220829,97.023,11.997,5000000000,5015395000
2025-12-09,10:24:41,TFIT05220829,97.017,11.999,5000000000,5015095000
2025-12-09,10:24:41,TFIT05220829,97.017,11.999,5000000000,5015095000
2025-12-09,10:24:41,TFIT05220829,97.015,12.000,5000000000,5014995000
2025-12-09,10:24:41,TFIT05220829,97.015,12.000,5000000000,5014995000
2025-12-09,10:24:44,TFIT05220829,97.009,12.002,5000000000,5014695000
2025-12-09,10:24:58,TFIT11090233,104.655,12.215,5000000000,5782715000
2025-12-09,10:39:22,TFIT05220829,97.043,11.990,2000000000,2006558000
2025-12-09,10:43:33,TFIT16090736,65.699,12.170,5000000000,3415945000
2025-12-09,10:43:35,TFIT16090736,65.703,12.169,5000000000,3416145000
2025-12-09,10:43:45,TFIT16090736,65.786,12.150,5000000000,3420295000
2025-12-09,10:43:56,TFIT16090736,65.786,12.150,5000000000,3420295000
2025-12-09,11:08:27,TFIT05220829,97.057,11.985,5000000000,5017095000
2025-12-09,11:10:06,TFIT31261050,62.051,12.131,5000000000,3146250000
2025-12-09,11:23:04,TFIT05220829,97.029,11.995,1000000000,1003139000
2025-12-09,11:23:04,TFIT05220829,97.015,12.000,2500000000,2507497500
2025-12-09,11:33:39,TFIT05220829,96.959,12.020,10000000000,10024390000
2025-12-09,11:33:51,TFIT05220829,96.987,12.010,3000000000,3008157000
2025-12-09,11:34:45,TFIT05220829,96.953,12.022,2000000000,2004758000
2025-12-09,11:36:01,TFIT05220829,96.954,12.021,2500000000,2505972500
2025-12-09,11:36:01,TFIT05220829,96.953,12.022,2500000000,2505947500
2025-12-09,11:37:37,TFIT23250746,92.484,12.509,1000000000,968004000
2025-12-09,11:37:46,TFIT23250746,92.924,12.445,1500000000,1458606000
2025-12-09,11:38:39,TFIT16281140,101.836,12.470,1500000000,1533303000
2025-12-09,11:39:00,TFIT23250746,92.498,12.507,1000000000,968144000
2025-12-09,11:39:04,TFIT05220829,96.951,12.022,1000000000,1002359000
2025-12-09,11:43:45,TFIT16280428,89.451,11.250,1000000000,931496000
2025-12-09,11:44:02,TFIT23250746,92.546,12.500,5000000000,4843120000
2025-12-09,11:44:02,TFIT23250746,92.534,12.501,5000000000,4842520000
2025-12-09,11:44:02,TFIT23250746,92.533,12.502,5000000000,4842470000
2025-12-09,11:44:02,TFIT23250746,92.508,12.505,5000000000,4841220000
2025-12-09,11:44:02,TFIT23250746,92.505,12.506,5000000000,4841070000
2025-12-09,11:44:02,TFIT23250746,92.470,12.511,10000000000,9678640000
2025-12-09,11:44:02,TFIT23250746,92.464,12.512,2000000000,1935608000
2025-12-09,11:44:02,TFIT23250746,92.420,12.518,5000000000,4836820000
2025-12-09,11:44:02,TFIT23250746,92.286,12.538,5000000000,4830120000
2025-12-09,11:44:02,TFIT23250746,92.286,12.538,5000000000,4830120000
2025-12-09,11:44:02,TFIT23250746,92.279,12.539,5000000000,4829770000
2025-12-09,11:44:02,TFIT23250746,92.272,12.540,5000000000,4829420000
2025-12-09,11:44:03,TFIT23250746,92.272,12.540,8000000000,7727072000
2025-12-09,11:44:03,TFIT16280428,89.523,11.211,1000000000,932216000
2025-12-09,11:44:06,TFIT16300632,77.500,12.150,5000000000,4030340000
2025-12-09,11:44:06,TFIT16300632,77.390,12.180,10000000000,8049680000
2025-12-09,11:44:06,TFIT23250746,92.272,12.540,2000000000,1931768000
2025-12-09,11:44:06,TFIT23250746,92.259,12.542,3000000000,2897262000
2025-12-09,11:44:07,TFIT16280428,89.389,11.284,5000000000,4654380000
2025-12-09,11:44:07,TFIT16280428,89.389,11.284,15000000000,13963140000
2025-12-09,11:44:07,TFIT16281140,101.433,12.530,10000000000,10181720000
2025-12-09,11:44:07,TFIT05220829,96.959,12.020,10000000000,10024390000
2025-12-09,11:44:09,TFIT34130358,95.809,12.519,5000000000,5235930000
2025-12-09,11:44:09,TFIT34130358,95.802,12.520,5000000000,5235580000
2025-12-09,11:44:09,TFIT23250746,92.259,12.542,2000000000,1931508000
2025-12-09,11:44:13,TFIT05220829,96.950,12.023,2000000000,2004698000
2025-12-09,11:44:14,TFIT05220829,96.936,12.028,5000000000,5011045000
2025-12-09,11:44:16,TFIT11240135,95.795,12.534,5000000000,5303210000
2025-12-09,11:44:16,TFIT21280542,78.775,12.294,10000000000,8371680000
2025-12-09,11:44:18,TFIT11240135,95.795,12.534,5000000000,5303210000
2025-12-09,11:44:18,TFIT16280428,89.389,11.284,2000000000,1861752000
2025-12-09,11:44:18,TFIT16280428,89.387,11.285,8000000000,7446848000
2025-12-09,11:44:22,TFIT05220829,96.950,12.023,3000000000,3007047000
2025-12-09,11:44:30,TFIT34130358,95.651,12.540,5000000000,5228030000
2025-12-09,11:44:41,TFIT16090736,65.699,12.170,5000000000,3415945000
2025-12-09,11:44:44,TFIT11090233,104.251,12.300,5000000000,5762515000
2025-12-09,11:44:59,TFIT05220829,96.931,12.030,2000000000,2004318000
2025-12-09,11:44:59,TFIT05220829,96.925,12.032,2000000000,2004198000
2025-12-09,11:44:59,TFIT05220829,96.903,12.040,1000000000,1001879000
2025-12-09,11:45:39,TFIT23250746,92.259,12.542,5000000000,4828770000
2025-12-09,11:45:54,TFIT23250746,92.136,12.560,5000000000,4822620000
2025-12-09,11:46:04,TFIT05220829,96.889,12.045,5000000000,5008695000
2025-12-09,11:48:22,TFIT11090233,104.157,12.320,1000000000,1151563000
2025-12-09,11:50:06,TFIT21280542,78.511,12.340,2000000000,1669056000
2025-12-09,11:51:13,TFIT08031127,91.999,10.599,1500000000,1388491500
2025-12-09,12:00:37,TFIT11240135,95.668,12.559,5000000000,5296860000
2025-12-09,12:00:40,TFIT11240135,95.668,12.559,5000000000,5296860000
2025-12-09,12:03:10,TFIT34130358,95.241,12.595,5000000000,5207530000
2025-12-09,12:03:21,TFIT16280428,89.387,11.285,2000000000,1861712000
2025-12-09,12:03:45,TFIT05220829,96.903,12.040,1000000000,1001879000
2025-12-09,12:04:17,TFIT08031127,91.896,10.666,5000000000,4623155000
2025-12-09,12:04:18,TFIT08031127,91.895,10.666,5000000000,4623105000
2025-12-09,12:04:48,TFIT16300632,77.115,12.255,5000000000,4011090000
2025-12-09,12:09:03,TFIT05220829,96.890,12.044,15000000000,15026235000
2025-12-09,12:09:16,TFIT05220829,96.891,12.044,15000000000,15026385000
2025-12-09,12:16:59,TFIT05220829,96.891,12.044,10000000000,10017590000
2025-12-09,12:17:18,TFIT10260331,80.533,12.180,5000000000,4274045000
2025-12-09,12:19:20,TFIT16090736,65.353,12.250,5000000000,3398645000
2025-12-09,12:20:14,TFIT16281140,101.520,12.517,5000000000,5095210000
2025-12-09,12:20:14,TFIT21280542,78.969,12.260,5000000000,4195540000
2025-12-09,12:20:15,TFIT23250746,92.157,12.557,5000000000,4823670000
2025-12-09,12:20:15,TFIT31261050,61.437,12.251,5000000000,3115550000
2025-12-09,12:20:15,TFIT11240135,95.821,12.529,5000000000,5304510000
2025-12-09,12:20:15,TFIT34130358,95.010,12.626,5000000000,5195980000
2025-12-09,12:20:40,TFIT34130358,95.018,12.625,5000000000,5196380000
2025-12-09,12:20:44,TFIT34130358,95.203,12.600,5000000000,5205630000
2025-12-09,12:25:36,TFIT34130358,95.203,12.600,5000000000,5205630000
2025-12-09,12:26:02,TFIT23250746,92.191,12.552,5000000000,4825370000
2025-12-09,12:36:41,TFIT05220829,96.897,12.042,10000000000,10018190000
2025-12-09,12:36:41,TFIT05220829,96.894,12.043,5000000000,5008945000
2025-12-09,12:36:41,TFIT05220829,96.894,12.043,5000000000,5008945000
2025-12-09,12:36:41,TFIT05220829,96.890,12.044,10000000000,10017490000
2025-12-09,12:36:41,TFIT05220829,96.889,12.045,2000000000,2003478000
2025-12-09,12:36:41,TFIT05220829,96.882,12.047,10000000000,10016690000
2025-12-09,12:36:41,TFIT05220829,96.881,12.047,5000000000,5008295000
2025-12-09,12:36:41,TFIT05220829,96.877,12.049,1000000000,1001619000
2025-12-09,12:36:41,TFIT05220829,96.877,12.049,1000000000,1001619000
2025-12-09,12:36:41,TFIT05220829,96.875,12.050,1000000000,1001599000
2025-12-09,12:37:00,TFIT11090233,104.156,12.320,5000000000,5757765000
2025-12-09,12:37:08,TFIT16181034,73.884,12.230,1500000000,1123753500
2025-12-09,12:37:08,TFIT16181034,73.807,12.248,3500000000,2619396500
2025-12-09,12:37:16,TFIT05220829,96.877,12.049,20000000000,20032380000
2025-12-09,12:38:19,TFIT08031127,91.812,10.720,5000000000,4618955000
2025-12-09,12:39:15,TFIT15260826,99.011,8.895,5000000000,5058425000
2025-12-09,12:39:15,TFIT15260826,99.010,8.896,5000000000,5058375000
2025-12-09,12:39:15,TFIT15260826,99.009,8.898,5000000000,5058325000
2025-12-09,12:40:33,TFIT11240135,95.510,12.590,2500000000,2644480000
2025-12-09,12:41:39,TFIT16180930,84.497,12.200,5000000000,4311905000
2025-12-09,12:41:39,TFIT16180930,84.426,12.223,2000000000,1723342000
2025-12-09,12:41:39,TFIT16180930,84.426,12.223,3000000000,2585013000
2025-12-09,12:41:40,TFIT11240135,95.372,12.617,5000000000,5282060000
2025-12-09,12:41:40,TFIT11240135,95.372,12.617,5000000000,5282060000
2025-12-09,12:41:40,TFIT11240135,95.367,12.618,5000000000,5281810000
2025-12-09,12:41:51,TFIT05220829,96.880,12.048,3000000000,3004947000
2025-12-09,12:41:51,TFIT05220829,96.861,12.055,4000000000,4005836000
2025-12-09,12:41:51,TFIT05220829,96.841,12.062,1000000000,1001259000
2025-12-09,12:41:52,TFIT11240135,95.362,12.619,5000000000,5281560000
2025-12-09,12:42:22,TFIT16300632,76.951,12.300,5000000000,4002890000
2025-12-09,12:42:26,TFIT11240135,95.362,12.619,5000000000,5281560000
2025-12-09,12:42:44,TFIT10260331,80.374,12.229,5000000000,4266095000
2025-12-09,12:42:44,TFIT10260331,80.374,12.229,5000000000,4266095000
2025-12-09,12:42:44,TFIT10260331,80.374,12.229,5000000000,4266095000
2025-12-09,12:42:44,TFIT10260331,80.374,12.229,5000000000,4266095000
2025-12-09,12:42:45,TFIT15260826,99.027,8.871,5000000000,5059225000
2025-12-09,12:46:14,TFIT31261050,61.184,12.301,5000000000,3102900000
2025-12-09,12:46:14,TFIT31261050,61.189,12.300,4500000000,2792835000
2025-12-09,12:51:56,TFIT05220829,96.827,12.067,3000000000,3003357000
2025-12-09,12:53:54,TFIT05220829,96.805,12.075,3000000000,3002697000
2025-12-09,12:55:07,TFIT16280428,89.270,11.348,5000000000,4648430000
2025-12-09,12:55:07,TFIT16280428,89.267,11.350,5000000000,4648280000
2025-12-09,12:55:07,TFIT16280428,89.267,11.350,5000000000,4648280000
2025-12-09,12:58:11,TFIT11240135,95.311,12.629,5000000000,5279010000
2025-12-09,12:58:18,TFIT11240135,95.311,12.629,5000000000,5279010000
2025-12-09,12:58:25,TFIT11240135,95.311,12.629,5000000000,5279010000
2025-12-09,12:58:25,TFIT11240135,95.311,12.629,5000000000,5279010000
2025-12-09,12:58:42,TFIT05220829,96.838,12.063,10000000000,10012290000
2025-12-09,12:58:42,TFIT05220829,96.841,12.062,5000000000,5006295000
2025-12-09,12:58:42,TFIT05220829,96.841,12.062,5000000000,5006295000
2025-12-09,12:58:42,TFIT05220829,96.847,12.060,5000000000,5006595000
2025-12-09,12:58:42,TFIT05220829,96.852,12.058,6000000000,6008214000
2025-12-09,12:58:42,TFIT05220829,96.872,12.051,5000000000,5007845000
2025-12-09,12:58:42,TFIT05220829,96.875,12.050,5000000000,5007995000
2025-12-09,12:58:42,TFIT05220829,96.875,12.050,5000000000,5007995000
2025-12-09,12:58:42,TFIT05220829,96.891,12.044,10000000000,10017590000
2025-12-09,12:58:42,TFIT05220829,96.905,12.039,5000000000,5009495000
2025-12-09,12:58:42,TFIT05220829,96.947,12.024,5000000000,5011595000
2025-12-09,12:58:42,TFIT05220829,96.956,12.021,15000000000,15036135000
2025-12-09,12:58:42,TFIT05220829,96.959,12.020,5000000000,5012195000
2025-12-09,12:58:45,TFIT05220829,96.959,12.020,9000000000,9021951000
2025-12-09,12:58:47,TFIT11090233,104.364,12.276,5000000000,5768165000
2025-12-09,12:58:50,TFIT16280428,89.267,11.350,1000000000,929656000
2025-12-09,12:59:11,TFIT16280428,89.267,11.350,5000000000,4648280000
2025-12-09,12:59:27,TFIT05220829,96.737,12.099,1000000000,1000219000
2025-12-09,12:59:27,TFIT05220829,96.737,12.099,1000000000,1000219000
2025-12-10,09:09:44,TFIT05220829,96.562,12.162,20000000000,19975420000
2025-12-10,09:09:50,TFIT05220829,96.556,12.164,5000000000,4993555000
2025-12-10,09:09:50,TFIT05220829,96.555,12.164,5000000000,4993505000
2025-12-10,09:09:50,TFIT05220829,96.542,12.169,5000000000,4992855000
2025-12-10,09:09:53,TFIT05220829,96.542,12.169,5000000000,4992855000
2025-12-10,09:09:54,TFIT05220829,96.539,12.170,5000000000,4992705000
2025-12-10,09:09:56,TFIT05220829,96.539,12.170,10000000000,9985410000
2025-12-10,09:09:58,TFIT05220829,96.537,12.171,5000000000,4992605000
2025-12-10,09:10:03,TFIT05220829,96.526,12.175,2000000000,1996822000
2025-12-10,09:10:04,TFIT05220829,96.526,12.175,2000000000,1996822000
2025-12-10,09:10:05,TFIT05220829,96.539,12.170,5000000000,4992705000
2025-12-10,09:10:05,TFIT05220829,96.539,12.170,5000000000,4992705000
2025-12-10,09:10:11,TFIT05220829,96.539,12.170,5000000000,4992705000
2025-12-10,09:11:55,TFIT11240135,94.929,12.705,10000000000,10523040000
2025-12-10,09:11:55,TFIT11240135,94.909,12.709,5000000000,5260520000
2025-12-10,09:11:55,TFIT11240135,94.909,12.709,5000000000,5260520000
2025-12-10,09:11:55,TFIT11240135,94.904,12.710,5000000000,5260270000
2025-12-10,09:11:55,TFIT11240135,94.899,12.711,5000000000,5260020000
2025-12-10,09:11:56,TFIT05220829,96.539,12.170,5000000000,4992705000
2025-12-10,09:11:56,TFIT05220829,96.539,12.170,1500000000,1497811500
2025-12-10,09:11:56,TFIT05220829,96.527,12.174,1000000000,998421000
2025-12-10,09:11:56,TFIT05220829,96.526,12.175,2000000000,1996822000
2025-12-10,09:11:56,TFIT05220829,96.517,12.178,5000000000,4991605000
2025-12-10,09:11:56,TFIT05220829,96.513,12.179,5000000000,4991405000
2025-12-10,09:11:56,TFIT05220829,96.489,12.188,10000000000,9980410000
2025-12-10,09:13:33,TFIT23250746,91.159,12.705,2500000000,2387672500
2025-12-10,09:16:12,TFIT34130358,94.371,12.713,2000000000,2066270000
2025-12-10,09:16:33,TFIT16281140,100.369,12.690,10000000000,10078820000
2025-12-10,09:16:35,TFIT21280542,78.169,12.400,5000000000,4156805000
2025-12-10,09:17:47,TFIT23250746,91.167,12.703,2000000000,1910298000
2025-12-10,09:17:47,TFIT23250746,91.166,12.704,3000000000,2865417000
2025-12-10,09:20:14,TFIT23250746,91.193,12.700,1000000000,955409000
2025-12-10,09:20:14,TFIT23250746,91.166,12.704,4000000000,3820556000
2025-12-10,09:20:15,TFIT23250746,91.393,12.670,2500000000,2393522500
2025-12-10,09:20:24,TFIT23250746,91.393,12.670,2500000000,2393522500
2025-12-10,09:20:39,TFIT23250746,91.393,12.670,2000000000,1914818000
2025-12-10,09:34:52,TFIT05220829,96.545,12.168,10000000000,9986010000
2025-12-10,09:34:52,TFIT05220829,96.548,12.167,10000000000,9986310000
2025-12-10,09:34:52,TFIT05220829,96.562,12.162,5000000000,4993855000
2025-12-10,09:34:52,TFIT05220829,96.565,12.161,5000000000,4994005000
2025-12-10,09:34:52,TFIT05220829,96.567,12.160,5000000000,4994105000
2025-12-10,09:34:52,TFIT05220829,96.567,12.160,25000000000,24970525000
2025-12-10,09:34:55,TFIT05220829,96.575,12.157,5000000000,4994505000
2025-12-10,09:34:57,TFIT05220829,96.576,12.157,5000000000,4994555000
2025-12-10,09:35:12,TFIT34130358,94.613,12.680,2000000000,2071110000
2025-12-10,09:35:43,TFIT05220829,96.672,12.123,1500000000,1499806500
2025-12-10,09:42:57,TFIT16300632,76.957,12.300,1000000000,800830000
2025-12-10,09:46:08,TFIT05220829,96.564,12.161,1000000000,998791000
2025-12-10,09:46:17,TFIT05220829,96.563,12.162,3000000000,2996343000
2025-12-10,09:46:17,TFIT05220829,96.562,12.162,5000000000,4993855000
2025-12-10,09:46:17,TFIT05220829,96.559,12.163,5000000000,4993705000
2025-12-10,09:46:17,TFIT05220829,96.551,12.166,5000000000,4993305000
2025-12-10,09:46:17,TFIT05220829,96.539,12.170,5000000000,4992705000
2025-12-10,09:46:17,TFIT05220829,96.537,12.171,15000000000,14977815000
2025-12-10,09:46:17,TFIT05220829,96.531,12.173,20000000000,19969220000
2025-12-10,09:46:19,TFIT05220829,96.526,12.175,5000000000,4992055000
2025-12-10,09:46:21,TFIT23250746,91.199,12.699,5000000000,4777345000
2025-12-10,09:46:21,TFIT23250746,91.193,12.700,10000000000,9554090000
2025-12-10,09:46:27,TFIT21280542,78.117,12.409,5000000000,4154205000
2025-12-10,09:46:30,TFIT23250746,90.926,12.740,5000000000,4763695000
2025-12-10,09:46:40,TFIT23250746,90.867,12.748,5000000000,4760745000
2025-12-10,09:46:54,TFIT23250746,90.846,12.752,5000000000,4759695000
2025-12-10,09:48:15,TFIT21280542,78.112,12.410,5000000000,4153955000
2025-12-10,09:53:49,TFIT31261050,60.447,12.449,5000000000,3067040000
2025-12-10,10:00:41,TFIT05220829,96.489,12.188,1500000000,1497061500
2025-12-10,10:17:16,TFIT23250746,90.933,12.739,1000000000,952809000
2025-12-10,10:19:39,TFIT05220829,96.512,12.180,1000000000,998271000
2025-12-10,10:19:58,TFIT10260331,80.151,12.300,1000000000,851181000
2025-12-10,10:20:01,TFIT16300632,76.587,12.401,5000000000,3985650000
2025-12-10,10:20:22,TFIT05220829,96.485,12.190,10000000000,9980010000
2025-12-10,10:20:26,TFIT16280428,89.027,11.487,5000000000,4637105000
2025-12-10,10:20:29,TFIT05220829,96.485,12.190,10000000000,9980010000
2025-12-10,10:20:31,TFIT05220829,96.485,12.190,10000000000,9980010000
2025-12-10,10:20:32,TFIT16280428,89.024,11.488,5000000000,4636955000
2025-12-10,10:20:32,TFIT16280428,89.023,11.489,2500000000,2318452500
2025-12-10,10:20:32,TFIT16280428,89.006,11.498,5000000000,4636055000
2025-12-10,10:20:32,TFIT16280428,89.003,11.500,2000000000,1854362000
2025-12-10,10:20:32,TFIT16280428,89.002,11.500,5000000000,4635855000
2025-12-10,10:20:32,TFIT16280428,89.002,11.500,5000000000,4635855000
2025-12-10,10:20:32,TFIT16280428,89.002,11.500,5000000000,4635855000
2025-12-10,10:20:32,TFIT16280428,89.002,11.500,10000000000,9271710000
2025-12-10,10:20:35,TFIT05220829,96.456,12.200,10000000000,9977110000
2025-12-10,10:20:36,TFIT05220829,96.456,12.200,10000000000,9977110000
2025-12-10,10:20:37,TFIT05220829,96.428,12.210,1000000000,997431000
2025-12-10,10:20:37,TFIT05220829,96.425,12.211,4000000000,3989604000
2025-12-10,10:20:38,TFIT05220829,96.425,12.211,1000000000,997401000
2025-12-10,10:20:38,TFIT05220829,96.422,12.212,5000000000,4986855000
2025-12-10,10:20:38,TFIT05220829,96.395,12.222,4000000000,3988404000
2025-12-10,10:20:38,TFIT05220829,96.395,12.222,6000000000,5982606000
2025-12-10,10:20:39,TFIT16180930,84.101,12.330,5000000000,4293165000
2025-12-10,10:20:41,TFIT05220829,96.395,12.222,4000000000,3988404000
2025-12-10,10:21:09,TFIT05220829,96.428,12.210,5000000000,4987155000
2025-12-10,10:22:23,TFIT16281140,99.896,12.762,1000000000,1003152000
2025-12-10,10:22:23,TFIT16281140,99.883,12.764,5000000000,5015110000
2025-12-10,10:22:27,TFIT16281140,99.746,12.785,5000000000,5008260000
2025-12-10,10:22:37,TFIT10260331,79.974,12.355,5000000000,4247055000
2025-12-10,10:22:37,TFIT10260331,79.974,12.355,5000000000,4247055000
2025-12-10,10:22:41,TFIT11240135,94.723,12.746,5000000000,5251220000
2025-12-10,10:22:41,TFIT11240135,94.718,12.747,5000000000,5250970000
2025-12-10,10:22:41,TFIT11240135,94.713,12.748,5000000000,5250720000
2025-12-10,10:22:42,TFIT10260331,79.922,12.371,5000000000,4244455000
2025-12-10,10:22:42,TFIT10260331,79.922,12.371,5000000000,4244455000
2025-12-10,10:22:42,TFIT10260331,79.922,12.371,5000000000,4244455000
2025-12-10,10:22:42,TFIT10260331,79.918,12.372,5000000000,4244255000
2025-12-10,10:22:42,TFIT10260331,79.918,12.372,5000000000,4244255000
2025-12-10,10:22:43,TFIT34130358,93.811,12.790,2000000000,2055070000
2025-12-10,10:22:44,TFIT11240135,94.708,12.749,5000000000,5250470000
2025-12-10,10:22:45,TFIT11240135,94.708,12.749,5000000000,5250470000
2025-12-10,10:22:45,TFIT23250746,90.727,12.770,5000000000,4753745000
2025-12-10,10:22:46,TFIT10260331,79.918,12.372,5000000000,4244255000
2025-12-10,10:22:52,TFIT16180930,83.972,12.372,5000000000,4286715000
2025-12-10,10:22:53,TFIT16180930,83.972,12.372,5000000000,4286715000
2025-12-10,10:23:25,TFIT16090736,64.721,12.399,5000000000,3367900000
2025-12-10,10:23:28,TFIT11240135,94.708,12.749,5000000000,5250470000
2025-12-10,10:23:51,TFIT05220829,96.347,12.239,6000000000,5979726000
2025-12-10,10:23:52,TFIT16090736,64.687,12.407,6000000000,4039440000
2025-12-10,10:24:30,TFIT11090233,103.572,12.444,5000000000,5730380000
2025-12-10,10:24:32,TFIT11090233,103.544,12.450,5000000000,5728980000
2025-12-10,10:24:43,TFIT31261050,60.236,12.492,5000000000,3056490000
2025-12-10,10:24:43,TFIT31261050,60.211,12.497,5000000000,3055240000
2025-12-10,10:24:43,TFIT31261050,60.206,12.498,10000000000,6109980000
2025-12-10,10:24:43,TFIT31261050,60.201,12.499,5000000000,3054740000
2025-12-10,10:24:49,TFIT23250746,90.634,12.784,1000000000,949819000
2025-12-10,10:24:50,TFIT34130358,93.811,12.790,3000000000,3082605000
2025-12-10,10:24:50,TFIT31261050,60.201,12.499,2000000000,1221896000
2025-12-10,10:24:51,TFIT34130358,93.782,12.794,5000000000,5136225000
2025-12-10,10:24:55,TFIT11090233,103.474,12.465,5000000000,5725480000
2025-12-10,10:24:56,TFIT16281140,99.454,12.830,1000000000,998732000
2025-12-10,10:25:05,TFIT11090233,103.436,12.473,1000000000,1144716000
2025-12-10,10:25:05,TFIT11090233,103.400,12.480,4000000000,4577424000
2025-12-10,10:25:06,TFIT16281140,99.324,12.850,5000000000,4987160000
2025-12-10,10:25:10,TFIT21280542,77.552,12.509,5000000000,4125955000
2025-12-10,10:25:11,TFIT05220829,96.317,12.250,10000000000,9963210000
2025-12-10,10:25:18,TFIT21280542,77.322,12.550,5000000000,4114455000
2025-12-10,10:26:42,TFIT16300632,76.413,12.450,5000000000,3976950000
2025-12-10,10:27:08,TFIT16181034,72.958,12.450,5000000000,3700535000
2025-12-10,10:27:39,TFIT08031127,91.700,10.800,15000000000,13842435000
2025-12-10,10:39:01,TFIT08031127,91.640,10.839,5000000000,4611145000
2025-12-10,10:42:44,TFIT16180930,83.978,12.370,2000000000,1714806000
2025-12-10,10:56:59,TFIT21280542,77.121,12.586,2000000000,1641762000
2025-12-10,10:57:16,TFIT21280542,77.322,12.550,1000000000,822891000
2025-12-10,11:04:31,TFIT05220829,96.295,12.258,10000000000,9961010000
2025-12-10,11:04:37,TFIT05220829,96.295,12.258,10000000000,9961010000
2025-12-10,11:04:44,TFIT05220829,96.290,12.260,5000000000,4980255000
2025-12-10,11:04:46,TFIT05220829,96.289,12.260,5000000000,4980205000
2025-12-10,11:05:32,TFIT05220829,96.292,12.259,5000000000,4980355000
2025-12-10,11:05:32,TFIT05220829,96.289,12.260,5000000000,4980205000
2025-12-10,11:05:32,TFIT05220829,96.289,12.260,5000000000,4980205000
2025-12-10,11:05:36,TFIT05220829,96.289,12.260,5000000000,4980205000
2025-12-10,11:05:42,TFIT05220829,96.289,12.260,5000000000,4980205000
2025-12-10,11:05:42,TFIT05220829,96.289,12.260,5000000000,4980205000
2025-12-10,11:05:42,TFIT05220829,96.289,12.260,5000000000,4980205000
2025-12-10,11:05:49,TFIT05220829,96.289,12.260,5000000000,4980205000
2025-12-10,11:05:55,TFIT05220829,96.289,12.260,5000000000,4980205000
2025-12-10,11:05:57,TFIT05220829,96.289,12.260,5000000000,4980205000
2025-12-10,11:05:59,TFIT05220829,96.289,12.260,5000000000,4980205000
2025-12-10,11:06:04,TFIT05220829,96.289,12.260,5000000000,4980205000
2025-12-10,11:06:33,TFIT05220829,96.289,12.260,5000000000,4980205000
2025-12-10,11:06:33,TFIT05220829,96.289,12.260,5000000000,4980205000
2025-12-10,11:06:39,TFIT05220829,96.289,12.260,5000000000,4980205000
2025-12-10,11:07:19,TFIT05220829,96.278,12.264,3500000000,3485758500
2025-12-10,11:08:16,TFIT05220829,96.281,12.263,1000000000,995961000
2025-12-10,11:11:39,TFIT05220829,96.278,12.264,5000000000,4979655000
2025-12-10,11:14:54,TFIT08031127,91.609,10.859,5000000000,4609595000
2025-12-10,11:16:26,TFIT05220829,96.247,12.275,5000000000,4978105000
2025-12-10,11:16:30,TFIT05220829,96.233,12.280,10000000000,9954810000
2025-12-10,11:16:33,TFIT05220829,96.233,12.280,15000000000,14932215000
2025-12-10,11:17:33,TFIT05220829,96.192,12.295,1000000000,995071000
2025-12-10,11:19:04,TFIT11240135,94.337,12.823,5000000000,5231920000
2025-12-10,11:19:04,TFIT11240135,94.292,12.832,5000000000,5229670000
2025-12-10,11:19:04,TFIT11240135,94.292,12.832,5000000000,5229670000
2025-12-10,11:19:04,TFIT11240135,94.282,12.834,5000000000,5229170000
2025-12-10,11:19:04,TFIT11240135,94.277,12.835,5000000000,5228920000
2025-12-10,11:19:04,TFIT11240135,94.277,12.835,5000000000,5228920000
2025-12-10,11:19:04,TFIT11240135,94.252,12.840,5000000000,5227670000
2025-12-10,11:19:04,TFIT11240135,94.218,12.846,5000000000,5225970000
2025-12-10,11:19:04,TFIT05220829,96.179,12.300,8000000000,7959528000
2025-12-10,11:19:04,TFIT05220829,96.179,12.300,7000000000,6964587000
2025-12-10,11:19:08,TFIT11090233,102.932,12.581,5000000000,5698380000
2025-12-10,11:19:09,TFIT05220829,96.178,12.300,5000000000,4974655000
2025-12-10,11:19:09,TFIT34130358,93.093,12.890,1000000000,1020355000
2025-12-10,11:19:09,TFIT34130358,93.022,12.900,4000000000,4078580000
2025-12-10,11:19:10,TFIT23250746,90.154,12.857,5000000000,4725095000
2025-12-10,11:19:10,TFIT05220829,96.178,12.300,5000000000,4974655000
2025-12-10,11:19:10,TFIT21280542,76.821,12.640,1000000000,817881000
2025-12-10,11:19:13,TFIT11240135,94.202,12.850,5000000000,5225170000
2025-12-10,11:19:14,TFIT05220829,96.179,12.300,38000000000,37807758000
2025-12-10,11:19:15,TFIT21280542,76.777,12.648,4000000000,3269764000
2025-12-10,11:19:19,TFIT11240135,94.152,12.860,5000000000,5222670000
2025-12-10,11:19:19,TFIT11090233,102.927,12.582,4000000000,4558504000
2025-12-10,11:19:20,TFIT16280428,88.900,11.556,2500000000,2315377500
2025-12-10,11:19:22,TFIT16280428,88.858,11.579,5000000000,4628655000
2025-12-10,11:19:24,TFIT11240135,94.202,12.850,5000000000,5225170000
2025-12-10,11:19:25,TFIT16300632,76.074,12.544,5000000000,3960000000
2025-12-10,11:19:25,TFIT34130358,92.873,12.921,2000000000,2036310000
2025-12-10,11:19:26,TFIT23250746,90.140,12.859,5000000000,4724395000
2025-12-10,11:19:30,TFIT16181034,72.553,12.547,2000000000,1472114000
2025-12-10,11:19:30,TFIT16181034,72.548,12.548,3000000000,2208021000
2025-12-10,11:19:37,TFIT11090233,102.927,12.582,1000000000,1139626000
2025-12-10,11:19:37,TFIT11090233,102.922,12.583,9000000000,10256184000
2025-12-10,11:19:47,TFIT16281140,98.769,12.936,1000000000,991882000
2025-12-10,11:19:53,TFIT16281140,98.769,12.936,1000000000,991882000
2025-12-10,11:20:23,TFIT11090233,102.922,12.583,1000000000,1139576000
2025-12-10,11:21:28,TFIT05220829,96.178,12.300,1000000000,994931000
2025-12-10,11:21:28,TFIT05220829,96.178,12.300,5000000000,4974655000
2025-12-10,11:22:39,TFIT23250746,90.140,12.859,5000000000,4724395000
2025-12-10,11:22:39,TFIT23250746,90.101,12.865,5000000000,4722445000
2025-12-10,11:22:44,TFIT23250746,90.101,12.865,5000000000,4722445000
2025-12-10,11:27:47,TFIT05220829,96.123,12.320,1500000000,1491571500
2025-12-10,11:30:45,TFIT15260826,98.918,9.041,5000000000,5054805000
2025-12-10,11:32:20,TFIT16280428,88.710,11.660,5000000000,4621255000
2025-12-10,11:33:24,TFIT16280428,88.710,11.660,5000000000,4621255000
2025-12-10,11:34:31,TFIT23250746,90.083,12.867,2000000000,1888618000
2025-12-10,11:35:08,TFIT16280428,88.710,11.660,5000000000,4621255000
2025-12-10,11:35:10,TFIT08031127,91.588,10.873,5000000000,4608545000
2025-12-10,11:35:10,TFIT08031127,91.586,10.874,5000000000,4608445000
2025-12-10,11:35:10,TFIT08031127,91.585,10.875,5000000000,4608395000
2025-12-10,11:35:14,TFIT16280428,88.637,11.701,2000000000,1847042000
2025-12-10,11:36:14,TFIT05220829,96.039,12.350,1000000000,993541000
2025-12-10,11:36:26,TFIT10260331,79.308,12.563,10000000000,8427510000
2025-12-10,11:40:06,TFIT23250746,90.003,12.880,5000000000,4717545000
2025-12-10,11:43:38,TFIT23250746,90.003,12.880,5000000000,4717545000
2025-12-10,11:45:05,TFIT05220829,95.935,12.388,5000000000,4962505000
2025-12-10,11:45:05,TFIT05220829,95.935,12.388,5000000000,4962505000
2025-12-10,11:45:05,TFIT05220829,95.934,12.388,3000000000,2977473000
2025-12-10,11:46:25,TFIT05220829,95.956,12.380,2000000000,1985422000
2025-12-10,11:46:25,TFIT05220829,95.956,12.380,2000000000,1985422000
2025-12-10,11:52:18,TFIT23250746,90.036,12.875,5000000000,4719195000
2025-12-10,11:54:36,TFIT23250746,90.068,12.870,5000000000,4720795000
2025-12-10,11:54:57,TFIT05220829,95.983,12.370,5000000000,4964905000
2025-12-10,11:54:57,TFIT05220829,95.983,12.370,5000000000,4964905000
2025-12-10,11:54:57,TFIT05220829,95.984,12.370,10000000000,9929910000
2025-12-10,11:57:32,TFIT16280428,88.674,11.680,3000000000,2771673000
2025-12-10,11:57:43,TFIT16280428,88.674,11.680,3000000000,2771673000
2025-12-10,11:59:05,TFIT16281140,99.185,12.871,1000000000,996042000
2025-12-10,11:59:12,TFIT16281140,99.185,12.871,1000000000,996042000
2025-12-10,11:59:12,TFIT16281140,99.185,12.871,1000000000,996042000
2025-12-10,11:59:12,TFIT16281140,99.185,12.871,1000000000,996042000
2025-12-10,11:59:12,TFIT16281140,99.186,12.871,1000000000,996052000
2025-12-10,11:59:14,TFIT16280428,88.674,11.680,15000000000,13858365000
2025-12-10,11:59:14,TFIT16281140,99.253,12.861,5000000000,4983610000
2025-12-10,11:59:17,TFIT16281140,99.259,12.860,5000000000,4983910000
2025-12-10,11:59:19,TFIT16280428,88.674,11.680,4000000000,3695564000
2025-12-10,11:59:19,TFIT05220829,96.036,12.351,5000000000,4967555000
2025-12-10,11:59:23,TFIT16281140,99.272,12.858,1000000000,996912000
2025-12-10,11:59:27,TFIT05220829,96.036,12.351,5000000000,4967555000
2025-12-10,11:59:30,TFIT05220829,96.036,12.351,5000000000,4967555000
2025-12-10,11:59:32,TFIT05220829,96.038,12.351,5000000000,4967655000
2025-12-10,11:59:32,TFIT05220829,96.039,12.350,5000000000,4967705000
2025-12-10,11:59:49,TFIT10260331,79.667,12.450,10000000000,8463410000
2025-12-10,11:59:57,TFIT16280428,88.698,11.667,10000000000,9241310000
2025-12-10,11:59:59,TFIT10260331,79.667,12.450,5000000000,4231705000
2025-12-10,12:00:01,TFIT16280428,88.698,11.667,5000000000,4620655000
2025-12-10,12:00:03,TFIT16280428,88.701,11.665,15000000000,13862415000
2025-12-10,12:00:09,TFIT16281140,99.454,12.830,5000000000,4993660000
2025-12-10,12:00:13,TFIT05220829,96.039,12.350,6000000000,5961246000
2025-12-10,12:00:58,TFIT05220829,96.039,12.350,5000000000,4967705000
2025-12-10,12:04:26,TFIT05220829,95.984,12.370,1000000000,992991000
2025-12-10,12:04:26,TFIT05220829,95.959,12.379,5000000000,4963705000
2025-12-10,12:04:26,TFIT05220829,95.959,12.379,5000000000,4963705000
2025-12-10,12:04:26,TFIT05220829,95.959,12.379,5000000000,4963705000
2025-12-10,12:04:35,TFIT16281140,99.324,12.850,2000000000,1994864000
2025-12-10,12:05:28,TFIT34130358,92.880,12.920,5000000000,5091125000
2025-12-10,12:06:39,TFIT05220829,95.953,12.381,5000000000,4963405000
2025-12-10,12:06:39,TFIT05220829,95.954,12.381,5000000000,4963455000
2025-12-10,12:06:39,TFIT05220829,95.955,12.381,10000000000,9927010000
2025-12-10,12:07:29,TFIT05220829,95.983,12.370,5000000000,4964905000
2025-12-10,12:11:24,TFIT16281140,99.291,12.855,1000000000,997102000
2025-12-10,12:12:02,TFIT16281140,99.324,12.850,2000000000,1994864000
2025-12-10,12:12:06,TFIT16281140,99.356,12.845,5000000000,4988760000
2025-12-10,12:12:19,TFIT05220829,95.984,12.370,5000000000,4964955000
2025-12-10,12:12:29,TFIT05220829,95.996,12.366,2000000000,1986222000
2025-12-10,12:13:52,TFIT05220829,95.996,12.366,3000000000,2979333000
2025-12-10,12:13:52,TFIT05220829,95.997,12.365,5000000000,4965605000
2025-12-10,12:13:52,TFIT05220829,96.011,12.360,2000000000,1986522000
2025-12-10,12:13:53,TFIT05220829,96.011,12.360,3000000000,2979783000
2025-12-10,12:13:53,TFIT05220829,96.012,12.360,7000000000,6952897000
2025-12-10,12:17:34,TFIT05220829,95.984,12.370,5000000000,4964955000
2025-12-10,12:17:34,TFIT05220829,95.962,12.378,1000000000,992771000
2025-12-10,12:17:34,TFIT05220829,95.956,12.380,5000000000,4963555000
2025-12-10,12:17:34,TFIT05220829,95.956,12.380,5000000000,4963555000
2025-12-10,12:17:57,TFIT16280428,88.676,11.679,2000000000,1847822000
2025-12-10,12:17:58,TFIT05220829,95.929,12.390,5000000000,4962205000
2025-12-10,12:17:58,TFIT05220829,95.923,12.392,5000000000,4961905000
2025-12-10,12:18:01,TFIT05220829,95.915,12.395,5000000000,4961505000
2025-12-10,12:18:03,TFIT16280428,88.674,11.680,5000000000,4619455000
2025-12-10,12:18:04,TFIT05220829,95.908,12.398,2000000000,1984462000
2025-12-10,12:18:04,TFIT05220829,95.904,12.399,3000000000,2976573000
2025-12-10,12:18:08,TFIT05220829,95.902,12.400,5000000000,4960855000
2025-12-10,12:18:15,TFIT05220829,95.901,12.400,2000000000,1984322000
2025-12-10,12:18:24,TFIT16280428,88.619,11.710,5000000000,4616705000
2025-12-10,12:18:27,TFIT16280428,88.610,11.715,5500000000,5077880500
2025-12-10,12:18:45,TFIT05220829,95.956,12.380,5000000000,4963555000
2025-12-10,12:18:59,TFIT16281140,99.389,12.840,5000000000,4990410000
2025-12-10,12:19:07,TFIT05220829,95.984,12.370,1000000000,992991000
2025-12-10,12:27:38,TFIT05220829,95.901,12.400,5000000000,4960805000
2025-12-10,12:33:43,TFIT23250746,90.088,12.867,5000000000,4721795000
2025-12-10,12:33:43,TFIT23250746,89.977,12.884,5000000000,4716245000
2025-12-10,12:33:43,TFIT23250746,89.977,12.884,5000000000,4716245000
2025-12-10,12:33:43,TFIT23250746,89.970,12.885,5000000000,4715895000
2025-12-10,12:33:43,TFIT23250746,89.938,12.890,5000000000,4714295000
2025-12-10,12:33:58,TFIT16281140,98.966,12.905,5000000000,4969260000
2025-12-10,12:34:01,TFIT23250746,89.677,12.930,3000000000,2820747000
2025-12-10,12:34:33,TFIT23250746,89.873,12.900,5000000000,4711045000
2025-12-10,12:34:47,TFIT16281140,98.937,12.910,5000000000,4967810000
2025-12-10,12:35:29,TFIT05220829,95.846,12.420,5000000000,4958055000
2025-12-10,12:35:29,TFIT05220829,95.846,12.420,5000000000,4958055000
2025-12-10,12:35:29,TFIT05220829,95.846,12.420,4500000000,4462249500
2025-12-10,12:37:31,TFIT16281140,99.065,12.890,4500000000,4476789000
2025-12-10,12:37:48,TFIT05220829,95.896,12.402,5000000000,4960555000
2025-12-10,12:37:50,TFIT05220829,95.898,12.401,5000000000,4960655000
2025-12-10,12:37:52,TFIT05220829,95.915,12.395,5000000000,4961505000
2025-12-10,12:38:07,TFIT05220829,95.927,12.391,5000000000,4962105000
2025-12-10,12:40:02,TFIT16280428,88.638,11.700,1000000000,923531000
2025-12-10,12:40:29,TFIT16280428,88.638,11.700,1500000000,1385296500
2025-12-10,12:40:38,TFIT11240135,94.437,12.803,5000000000,5236920000
2025-12-10,12:45:06,TFIT16281140,99.130,12.880,5500000000,5475206000
2025-12-10,12:45:19,TFIT16281140,99.376,12.842,5000000000,4989760000
2025-12-10,12:45:32,TFIT10260331,79.541,12.490,10000000000,8450810000
2025-12-10,12:45:35,TFIT16280428,88.691,11.671,1500000000,1386091500
2025-12-10,12:45:47,TFIT16180930,83.809,12.425,3000000000,2567139000
2025-12-10,12:45:51,TFIT23250746,90.733,12.769,1000000000,950809000
2025-12-10,12:46:16,TFIT16281140,99.570,12.812,5000000000,4999460000
2025-12-10,12:47:28,TFIT05220829,96.034,12.352,5000000000,4967455000
2025-12-10,12:47:28,TFIT05220829,96.034,12.352,5000000000,4967455000
2025-12-10,12:47:28,TFIT05220829,96.034,12.352,5000000000,4967455000
2025-12-10,12:47:28,TFIT05220829,96.034,12.352,5000000000,4967455000
2025-12-10,12:47:28,TFIT05220829,96.037,12.351,3000000000,2980563000
2025-12-10,12:48:57,TFIT16280428,88.691,11.671,3500000000,3234213500
2025-12-10,12:48:57,TFIT16280428,88.691,11.671,1500000000,1386091500
2025-12-10,12:48:58,TFIT16280428,88.691,11.671,3500000000,3234213500
2025-12-10,12:49:07,TFIT16280428,88.801,11.611,1500000000,1387741500
2025-12-10,12:50:41,TFIT16180930,83.824,12.420,1500000000,1283794500
2025-12-10,12:53:18,TFIT34130358,92.809,12.930,6000000000,6105090000
2025-12-10,12:53:38,TFIT34130358,93.022,12.900,10000000000,10196450000
2025-12-10,12:53:51,TFIT05220829,96.015,12.359,1000000000,993301000
2025-12-10,12:56:05,TFIT31261050,60.319,12.475,1000000000,612128000
2025-12-10,12:56:26,TFIT11240135,94.352,12.820,6000000000,6279204000
2025-12-10,12:56:32,TFIT16280428,88.691,11.671,1500000000,1386091500
2025-12-10,12:58:12,TFIT23250746,90.331,12.830,2500000000,2366972500
2025-12-10,12:58:39,TFIT16281140,99.454,12.830,1000000000,998732000
2025-12-10,12:58:56,TFIT11240135,93.993,12.892,1000000000,1042944000
2025-12-10,12:59:01,TFIT16281140,99.389,12.840,1000000000,998082000
2025-12-10,12:59:11,TFIT16281140,99.389,12.840,1000000000,998082000
2025-12-10,12:59:15,TFIT11240135,93.993,12.892,5000000000,5214720000
2025-12-10,12:59:20,TFIT23250746,90.199,12.850,5000000000,4727345000
2025-12-10,12:59:37,TFIT10260331,79.416,12.529,5000000000,4219155000
2025-12-10,12:59:37,TFIT16281140,99.389,12.840,1000000000,998082000
2025-12-10,12:59:45,TFIT23250746,90.167,12.855,5000000000,4725745000
2025-12-10,12:59:46,TFIT23250746,90.173,12.854,5000000000,4726045000
2025-12-10,12:59:53,TFIT31261050,60.201,12.499,1000000000,610948000
2025-12-11,08:46:59,TFIT05220829,96.019,12.358,5000000000,4968210000
2025-12-11,08:46:59,TFIT05220829,96.016,12.359,5000000000,4968060000
2025-12-11,08:46:59,TFIT05220829,96.014,12.360,5000000000,4967960000
2025-12-11,08:46:59,TFIT05220829,95.986,12.370,5000000000,4966560000
2025-12-11,08:46:59,TFIT05220829,95.986,12.370,5000000000,4966560000
2025-12-11,08:46:59,TFIT05220829,95.986,12.370,5000000000,4966560000
2025-12-11,08:47:00,TFIT05220829,95.964,12.378,15000000000,14896380000
2025-12-11,08:47:00,TFIT05220829,95.961,12.379,5000000000,4965310000
2025-12-11,08:47:00,TFIT05220829,95.953,12.382,15000000000,14894730000
2025-12-11,08:47:00,TFIT05220829,95.944,12.385,5000000000,4964460000
2025-12-11,08:47:00,TFIT05220829,95.933,12.389,5000000000,4963910000
2025-12-11,08:47:00,TFIT05220829,95.933,12.389,5000000000,4963910000
2025-12-11,08:47:00,TFIT05220829,95.922,12.393,5000000000,4963360000
2025-12-11,08:47:00,TFIT05220829,95.922,12.393,5000000000,4963360000
2025-12-11,08:47:00,TFIT05220829,95.913,12.396,5000000000,4962910000
2025-12-11,08:47:00,TFIT05220829,95.909,12.398,5000000000,4962710000
2025-12-11,08:47:00,TFIT05220829,95.909,12.398,5000000000,4962710000
2025-12-11,08:47:00,TFIT05220829,95.909,12.398,5000000000,4962710000
2025-12-11,08:47:00,TFIT05220829,95.909,12.398,5000000000,4962710000
2025-12-11,08:47:00,TFIT05220829,95.909,12.398,5000000000,4962710000
2025-12-11,08:47:00,TFIT05220829,95.906,12.399,5000000000,4962560000
2025-12-11,08:47:00,TFIT05220829,95.906,12.399,5000000000,4962560000
2025-12-11,08:47:00,TFIT05220829,95.906,12.399,5000000000,4962560000
2025-12-11,08:47:02,TFIT23250746,89.950,12.888,2000000000,1886590000
2025-12-11,08:47:05,TFIT05220829,95.873,12.411,5000000000,4960910000
2025-12-11,08:47:12,TFIT23250746,89.945,12.888,5000000000,4716225000
2025-12-11,08:59:32,TFIT05220829,95.931,12.390,10000000000,9927620000
2025-12-11,08:59:35,TFIT05220829,95.882,12.408,5000000000,4961360000
2025-12-11,08:59:35,TFIT05220829,95.882,12.408,5000000000,4961360000
2025-12-11,08:59:35,TFIT05220829,95.881,12.408,5000000000,4961310000
2025-12-11,08:59:40,TFIT16280428,88.651,11.699,5000000000,4619125000
2025-12-11,08:59:40,TFIT16280428,88.649,11.700,45000000000,41571225000
2025-12-11,08:59:42,TFIT16280428,88.649,11.700,5000000000,4619025000
2025-12-11,09:03:00,TFIT16280428,88.649,11.700,1000000000,923805000
2025-12-11,09:03:17,TFIT05220829,95.859,12.416,1000000000,992042000
2025-12-11,09:03:17,TFIT05220829,95.848,12.420,5000000000,4959660000
2025-12-11,09:03:17,TFIT05220829,95.776,12.446,5000000000,4956060000
2025-12-11,09:03:17,TFIT05220829,95.772,12.447,50000000000,49558600000
2025-12-11,09:03:17,TFIT05220829,95.766,12.450,15000000000,14866680000
2025-12-11,09:03:17,TFIT05220829,95.765,12.450,39000000000,38652978000
2025-12-11,09:03:30,TFIT16180930,83.555,12.510,5000000000,4266930000
2025-12-11,09:03:39,TFIT16180930,83.534,12.517,5000000000,4265880000
2025-12-11,09:03:42,TFIT16180930,83.525,12.520,5000000000,4265430000
2025-12-11,09:03:42,TFIT08031127,91.431,10.982,5000000000,4601480000
2025-12-11,09:03:42,TFIT08031127,91.431,10.982,5000000000,4601480000
2025-12-11,09:03:42,TFIT08031127,91.430,10.983,5000000000,4601430000
2025-12-11,09:03:42,TFIT08031127,91.405,10.999,5000000000,4600180000
2025-12-11,09:03:42,TFIT08031127,91.404,11.000,5000000000,4600130000
2025-12-11,09:03:45,TFIT08031127,91.404,11.000,5000000000,4600130000
2025-12-11,09:04:01,TFIT05220829,95.765,12.450,1000000000,991102000
2025-12-11,09:04:01,TFIT05220829,95.765,12.450,29000000000,28741958000
2025-12-11,09:04:28,TFIT05220829,95.765,12.450,1000000000,991102000
2025-12-11,09:08:02,TFIT05220829,95.765,12.450,5000000000,4955510000
2025-12-11,09:11:05,TFIT05220829,95.769,12.449,5000000000,4955710000
2025-12-11,09:11:05,TFIT05220829,95.768,12.449,5000000000,4955660000
2025-12-11,09:11:05,TFIT05220829,95.768,12.449,5000000000,4955660000
2025-12-11,09:11:05,TFIT05220829,95.765,12.450,10000000000,9911020000
2025-12-11,09:13:24,TFIT10260331,79.288,12.572,5000000000,4213715000
2025-12-11,09:13:24,TFIT10260331,79.288,12.572,5000000000,4213715000
2025-12-11,09:13:24,TFIT10260331,79.288,12.572,5000000000,4213715000
2025-12-11,09:13:24,TFIT10260331,79.288,12.572,5000000000,4213715000
2025-12-11,09:13:40,TFIT10260331,79.288,12.572,1000000000,842743000
2025-12-11,09:18:01,TFIT16280428,88.630,11.711,2000000000,1847230000
2025-12-11,09:18:01,TFIT16280428,88.631,11.710,5000000000,4618125000
2025-12-11,09:18:01,TFIT16280428,88.646,11.702,25000000000,23094375000
2025-12-11,09:18:01,TFIT16280428,88.648,11.701,18000000000,16628310000
2025-12-11,09:18:18,TFIT10260331,79.358,12.550,4000000000,3373772000
2025-12-11,09:18:53,TFIT05220829,95.851,12.419,5000000000,4959810000
2025-12-11,09:18:54,TFIT05220829,95.851,12.419,5000000000,4959810000
2025-12-11,09:18:55,TFIT05220829,95.851,12.419,5000000000,4959810000
2025-12-11,09:18:59,TFIT05220829,95.851,12.419,5000000000,4959810000
2025-12-11,09:21:21,TFIT05220829,95.768,12.449,5000000000,4955660000
2025-12-11,09:21:21,TFIT05220829,95.766,12.450,5000000000,4955560000
2025-12-11,09:21:21,TFIT05220829,95.766,12.450,5000000000,4955560000
2025-12-11,09:21:21,TFIT05220829,95.766,12.450,5000000000,4955560000
2025-12-11,09:21:21,TFIT05220829,95.765,12.450,5000000000,4955510000
2025-12-11,09:21:21,TFIT05220829,95.688,12.478,5000000000,4951660000
2025-12-11,09:21:21,TFIT05220829,95.685,12.479,5000000000,4951510000
2025-12-11,09:21:21,TFIT05220829,95.684,12.479,5000000000,4951460000
2025-12-11,09:21:21,TFIT05220829,95.684,12.479,5000000000,4951460000
2025-12-11,09:21:21,TFIT05220829,95.682,12.480,5000000000,4951360000
2025-12-11,09:21:21,TFIT05220829,95.666,12.486,1000000000,990112000
2025-12-11,09:21:21,TFIT05220829,95.666,12.486,5000000000,4950560000
2025-12-11,09:21:21,TFIT05220829,95.664,12.487,49000000000,48514508000
2025-12-11,09:21:38,TFIT16280428,88.537,11.762,5000000000,4613425000
2025-12-11,09:25:26,TFIT16090736,64.297,12.500,5000000000,3347555000
2025-12-11,09:28:55,TFIT05220829,95.649,12.492,4000000000,3959768000
2025-12-11,09:28:55,TFIT05220829,95.638,12.496,5000000000,4949160000
2025-12-11,09:28:55,TFIT05220829,95.636,12.497,1000000000,989812000
2025-12-11,09:28:55,TFIT05220829,95.633,12.498,3500000000,3464237000
2025-12-11,09:28:55,TFIT05220829,95.630,12.499,1000000000,989752000
2025-12-11,09:28:55,TFIT05220829,95.627,12.500,10000000000,9897220000
2025-12-11,09:28:55,TFIT05220829,95.622,12.502,5000000000,4948360000
2025-12-11,09:28:55,TFIT05220829,95.619,12.503,5000000000,4948210000
2025-12-11,09:28:55,TFIT05220829,95.616,12.504,5000000000,4948060000
2025-12-11,09:28:55,TFIT05220829,95.615,12.504,5000000000,4948010000
2025-12-11,09:28:55,TFIT05220829,95.614,12.505,70500000000,69766236000
2025-12-11,09:29:03,TFIT16090736,64.129,12.540,5000000000,3339155000
2025-12-11,09:29:03,TFIT16090736,64.092,12.549,5000000000,3337305000
2025-12-11,09:29:03,TFIT16090736,64.088,12.550,10000000000,6674210000
2025-12-11,09:29:04,TFIT05220829,95.614,12.505,1000000000,989592000
2025-12-11,09:29:05,TFIT16281140,98.794,12.932,5000000000,4962405000
2025-12-11,09:29:07,TFIT10260331,79.208,12.597,5000000000,4209715000
2025-12-11,09:29:07,TFIT10260331,79.208,12.597,5000000000,4209715000
2025-12-11,09:29:07,TFIT05220829,95.614,12.505,3500000000,3463572000
2025-12-11,09:29:11,TFIT05220829,95.520,12.539,5000000000,4943260000
2025-12-11,09:30:15,TFIT16090736,64.088,12.550,5000000000,3337105000
2025-12-11,09:31:23,TFIT31261050,59.662,12.610,5000000000,3028785000
2025-12-11,09:31:23,TFIT31261050,59.620,12.618,5000000000,3026685000
2025-12-11,09:34:56,TFIT16280428,88.388,11.844,3000000000,2763585000
2025-12-11,09:35:34,TFIT16281140,98.742,12.940,2000000000,1983922000
2025-12-11,09:36:06,TFIT11240135,93.866,12.918,1000000000,1041996000
2025-12-11,09:37:05,TFIT16280428,88.396,11.840,5000000000,4606375000
2025-12-11,09:37:05,TFIT16280428,88.396,11.840,5000000000,4606375000
2025-12-11,09:37:12,TFIT16280428,88.396,11.840,5000000000,4606375000
2025-12-11,09:37:16,TFIT16280428,88.396,11.840,5000000000,4606375000
2025-12-11,09:39:29,TFIT16280428,88.396,11.840,5000000000,4606375000
2025-12-11,09:39:29,TFIT16280428,88.396,11.840,5000000000,4606375000
2025-12-11,09:39:29,TFIT16280428,88.396,11.840,1000000000,921275000
2025-12-11,09:39:33,TFIT10260331,79.138,12.619,5000000000,4206215000
2025-12-11,09:39:33,TFIT10260331,79.138,12.619,5000000000,4206215000
2025-12-11,09:39:33,TFIT10260331,79.138,12.619,5000000000,4206215000
2025-12-11,09:39:34,TFIT16280428,88.359,11.860,5000000000,4604525000
2025-12-11,09:39:35,TFIT05220829,95.496,12.548,5000000000,4942060000
2025-12-11,09:39:53,TFIT23250746,89.683,12.929,5000000000,4703125000
2025-12-11,09:39:55,TFIT23250746,89.677,12.930,12000000000,11286780000
2025-12-11,09:39:59,TFIT23250746,89.584,12.944,3000000000,2818905000
2025-12-11,09:40:02,TFIT31261050,59.523,12.639,5000000000,3021835000
2025-12-11,09:40:04,TFIT31261050,59.518,12.640,5000000000,3021585000
2025-12-11,09:40:04,TFIT31261050,59.475,12.649,5000000000,3019435000
2025-12-11,09:40:07,TFIT31261050,59.475,12.649,5000000000,3019435000
2025-12-11,09:40:07,TFIT31261050,59.470,12.650,5000000000,3019185000
2025-12-11,09:40:08,TFIT34130358,92.386,12.990,5000000000,5068065000
2025-12-11,09:40:09,TFIT31261050,59.470,12.650,5000000000,3019185000
2025-12-11,09:40:12,TFIT23250746,89.385,12.975,5000000000,4688225000
2025-12-11,09:40:21,TFIT16090736,63.795,12.620,3500000000,2325718500
2025-12-11,09:40:22,TFIT11240135,93.816,12.928,5000000000,5207480000
2025-12-11,09:40:22,TFIT11240135,93.797,12.932,5000000000,5206530000
2025-12-11,09:40:42,TFIT05220829,95.496,12.548,1000000000,988412000
2025-12-11,09:41:14,TFIT05220829,95.496,12.548,1000000000,988412000
2025-12-11,09:41:34,TFIT10260331,79.151,12.615,1500000000,1262059500
2025-12-11,09:42:08,TFIT11240135,93.663,12.959,5000000000,5199830000
2025-12-11,09:45:26,TFIT10260331,79.075,12.639,5000000000,4203065000
2025-12-11,09:45:26,TFIT10260331,79.075,12.639,5000000000,4203065000
2025-12-11,09:45:26,TFIT10260331,79.072,12.640,5000000000,4202915000
2025-12-11,09:45:26,TFIT10260331,79.072,12.640,5000000000,4202915000
2025-12-11,09:45:26,TFIT10260331,79.047,12.648,5000000000,4201665000
2025-12-11,09:45:27,TFIT11090233,102.252,12.728,5000000000,5666195000
2025-12-11,09:45:27,TFIT21280542,76.060,12.779,6000000000,4863150000
2025-12-11,09:45:27,TFIT11090233,102.252,12.728,5000000000,5666195000
2025-12-11,09:45:27,TFIT21280542,76.054,12.780,6000000000,4862790000
2025-12-11,09:45:27,TFIT11090233,102.247,12.729,5000000000,5665945000
2025-12-11,09:45:27,TFIT21280542,76.000,12.790,5000000000,4049625000
2025-12-11,09:45:27,TFIT11090233,102.247,12.729,5000000000,5665945000
2025-12-11,09:45:27,TFIT21280542,75.951,12.799,5000000000,4047175000
2025-12-11,09:45:27,TFIT11090233,102.241,12.730,5000000000,5665645000
2025-12-11,09:45:27,TFIT21280542,75.951,12.799,5000000000,4047175000
2025-12-11,09:45:27,TFIT11090233,102.017,12.779,5000000000,5654445000
2025-12-11,09:45:27,TFIT21280542,75.945,12.800,5000000000,4046875000
2025-12-11,09:45:27,TFIT21280542,75.945,12.800,5000000000,4046875000
2025-12-11,09:45:27,TFIT21280542,75.945,12.800,5000000000,4046875000
2025-12-11,09:45:27,TFIT05220829,95.496,12.548,5000000000,4942060000
2025-12-11,09:45:31,TFIT05220829,95.496,12.548,8000000000,7907296000
2025-12-11,09:45:31,TFIT21280542,75.945,12.800,8000000000,6475000000
2025-12-11,09:45:38,TFIT16180930,83.193,12.629,1000000000,849766000
2025-12-11,09:45:39,TFIT16180930,83.014,12.688,5000000000,4239880000
2025-12-11,09:45:46,TFIT23250746,89.095,13.020,2000000000,1869490000
2025-12-11,09:46:15,TFIT23250746,89.102,13.019,5000000000,4674075000
2025-12-11,09:46:20,TFIT23250746,89.095,13.020,10000000000,9347450000
2025-12-11,09:46:46,TFIT10260331,78.945,12.680,1000000000,839313000
2025-12-11,09:46:50,TFIT16090736,63.463,12.700,5000000000,3305855000
2025-12-11,09:46:50,TFIT16090736,63.261,12.749,5000000000,3295755000
2025-12-11,09:46:50,TFIT16090736,63.200,12.764,5000000000,3292705000
2025-12-11,09:46:50,TFIT16090736,63.163,12.773,3000000000,1974513000
2025-12-11,09:46:56,TFIT05220829,95.380,12.590,5000000000,4936260000
2025-12-11,09:47:01,TFIT16281140,98.167,13.030,1000000000,986211000
2025-12-11,09:47:08,TFIT05220829,95.380,12.590,5000000000,4936260000
2025-12-11,09:47:08,TFIT05220829,95.380,12.590,5000000000,4936260000
2025-12-11,09:47:24,TFIT23250746,89.038,13.029,5000000000,4670875000
2025-12-11,09:47:24,TFIT23250746,89.031,13.030,3000000000,2802315000
2025-12-11,09:48:25,TFIT08031127,91.328,11.050,3000000000,2757798000
2025-12-11,09:48:26,TFIT08031127,91.314,11.059,5000000000,4595630000
2025-12-11,09:48:26,TFIT08031127,91.314,11.059,5000000000,4595630000
2025-12-11,09:49:31,TFIT10260331,78.841,12.713,4000000000,3353092000
2025-12-11,09:49:31,TFIT10260331,78.787,12.730,5000000000,4188665000
2025-12-11,09:49:31,TFIT10260331,78.756,12.740,5000000000,4187115000
2025-12-11,09:57:40,TFIT16180930,82.917,12.720,1000000000,847006000
2025-12-11,10:02:50,TFIT05220829,95.383,12.589,5000000000,4936410000
2025-12-11,10:02:50,TFIT05220829,95.380,12.590,5000000000,4936260000
2025-12-11,10:02:50,TFIT05220829,95.380,12.590,5000000000,4936260000
2025-12-11,10:02:50,TFIT05220829,95.380,12.590,5000000000,4936260000
2025-12-11,10:02:50,TFIT05220829,95.367,12.595,10000000000,9871220000
2025-12-11,10:02:50,TFIT05220829,95.359,12.598,5000000000,4935210000
2025-12-11,10:02:50,TFIT05220829,95.359,12.598,5000000000,4935210000
2025-12-11,10:02:50,TFIT05220829,95.359,12.598,5000000000,4935210000
2025-12-11,10:02:50,TFIT05220829,95.355,12.599,5000000000,4935010000
2025-12-11,10:02:50,TFIT05220829,95.355,12.599,5000000000,4935010000
2025-12-11,10:02:50,TFIT05220829,95.355,12.599,5000000000,4935010000
2025-12-11,10:06:33,TFIT05220829,95.354,12.600,5000000000,4934960000
2025-12-11,10:06:33,TFIT05220829,95.354,12.600,5000000000,4934960000
2025-12-11,10:06:33,TFIT05220829,95.353,12.600,5000000000,4934910000
2025-12-11,10:06:33,TFIT05220829,95.353,12.600,30000000000,29609460000
2025-12-11,10:06:38,TFIT05220829,95.356,12.599,5000000000,4935060000
2025-12-11,10:10:08,TFIT31261050,59.232,12.700,5000000000,3007285000
2025-12-11,10:10:08,TFIT31261050,59.236,12.699,5000000000,3007485000
2025-12-11,10:10:08,TFIT31261050,59.237,12.699,5000000000,3007535000
2025-12-11,10:11:12,TFIT11240135,93.293,13.034,2000000000,2072532000
2025-12-11,10:11:13,TFIT31261050,59.470,12.650,5000000000,3019185000
2025-12-11,10:11:13,TFIT11240135,93.292,13.034,3000000000,3108768000
2025-12-11,10:11:19,TFIT10260331,79.040,12.650,20000000000,16805260000
2025-12-11,10:11:23,TFIT16090736,63.257,12.750,3500000000,2306888500
2025-12-11,10:11:36,TFIT11240135,93.673,12.957,20000000000,20801320000
2025-12-11,10:11:36,TFIT16090736,63.257,12.750,1500000000,988666500
2025-12-11,10:12:11,TFIT11240135,93.707,12.950,2000000000,2080812000
2025-12-11,10:16:24,TFIT08031127,91.314,11.059,5000000000,4595630000
2025-12-11,10:20:08,TFIT16090736,63.459,12.701,2500000000,1652827500
2025-12-11,10:21:55,TFIT11240135,93.515,12.989,2500000000,2596215000
2025-12-11,10:24:47,TFIT11240135,93.515,12.989,2500000000,2596215000
2025-12-11,10:24:47,TFIT11240135,93.515,12.989,2500000000,2596215000
2025-12-11,10:24:56,TFIT11240135,93.461,13.000,7000000000,7265622000
2025-12-11,10:35:03,TFIT16281140,98.550,12.970,1000000000,990041000
2025-12-11,10:42:38,TFIT11240135,93.460,13.000,2500000000,2594840000
2025-12-11,10:47:00,TFIT34130358,92.316,13.000,5000000000,5064565000
2025-12-11,10:51:05,TFIT11240135,93.648,12.962,1000000000,1039816000
2025-12-11,10:51:05,TFIT11240135,93.658,12.960,5000000000,5199580000
2025-12-11,10:51:05,TFIT11240135,93.658,12.960,4000000000,4159664000
2025-12-11,10:51:08,TFIT11240135,93.658,12.960,1000000000,1039916000
2025-12-11,10:51:09,TFIT11240135,93.717,12.948,5000000000,5202530000
2025-12-11,10:51:11,TFIT31261050,59.533,12.637,5000000000,3022335000
2025-12-11,10:51:14,TFIT05220829,95.559,12.525,2000000000,1978084000
2025-12-11,10:51:15,TFIT21280542,76.305,12.734,5000000000,4064875000
2025-12-11,10:51:15,TFIT21280542,76.306,12.734,5000000000,4064925000
2025-12-11,10:51:15,TFIT21280542,76.311,12.733,5000000000,4065175000
2025-12-11,10:51:15,TFIT21280542,76.316,12.732,5000000000,4065425000
2025-12-11,10:51:15,TFIT21280542,76.316,12.732,5000000000,4065425000
2025-12-11,10:51:17,TFIT31261050,59.533,12.637,5000000000,3022335000
2025-12-11,10:51:18,TFIT31261050,59.547,12.634,7000000000,4232249000
2025-12-11,10:51:24,TFIT21280542,76.403,12.716,5000000000,4069775000
2025-12-11,10:51:24,TFIT16281140,98.613,12.960,3000000000,2972013000
2025-12-11,10:51:45,TFIT21280542,76.459,12.706,5000000000,4072575000
2025-12-11,10:51:51,TFIT16180930,83.342,12.580,5000000000,4256280000
2025-12-11,10:51:55,TFIT05220829,95.570,12.521,5000000000,4945760000
2025-12-11,10:51:55,TFIT05220829,95.572,12.520,2000000000,1978344000
2025-12-11,10:51:55,TFIT05220829,95.575,12.519,5000000000,4946010000
2025-12-11,10:51:55,TFIT05220829,95.578,12.518,8000000000,7913856000
2025-12-11,10:51:57,TFIT23250746,89.859,12.902,5000000000,4711925000
2025-12-11,10:52:14,TFIT10260331,79.194,12.601,5000000000,4209015000
2025-12-11,10:52:14,TFIT10260331,79.195,12.601,5000000000,4209065000
2025-12-11,10:52:14,TFIT10260331,79.197,12.600,5000000000,4209165000
2025-12-11,10:59:46,TFIT05220829,95.572,12.520,2000000000,1978344000
2025-12-11,10:59:46,TFIT05220829,95.575,12.519,5000000000,4946010000
2025-12-11,10:59:46,TFIT05220829,95.578,12.518,5000000000,4946160000
2025-12-11,10:59:46,TFIT05220829,95.582,12.517,5000000000,4946360000
2025-12-11,10:59:46,TFIT05220829,95.582,12.517,5000000000,4946360000
2025-12-11,10:59:46,TFIT05220829,95.582,12.517,5000000000,4946360000
2025-12-11,10:59:46,TFIT05220829,95.583,12.516,5000000000,4946410000
2025-12-11,10:59:46,TFIT05220829,95.586,12.515,5000000000,4946560000
2025-12-11,10:59:46,TFIT05220829,95.586,12.515,3000000000,2967936000
2025-12-11,10:59:49,TFIT05220829,95.586,12.515,10000000000,9893120000
2025-12-11,10:59:58,TFIT16180930,83.372,12.570,5000000000,4257780000
2025-12-11,11:00:03,TFIT10260331,79.262,12.580,5000000000,4212415000
2025-12-11,11:00:03,TFIT10260331,79.291,12.571,5000000000,4213865000
2025-12-11,11:00:03,TFIT16280428,88.394,11.841,10000000000,9212550000
2025-12-11,11:00:05,TFIT10260331,79.294,12.570,5000000000,4214015000
2025-12-11,11:00:05,TFIT16280428,88.396,11.840,5000000000,4606375000
2025-12-11,11:00:07,TFIT16280428,88.414,11.830,10000000000,9214550000
2025-12-11,11:00:08,TFIT16180930,83.381,12.567,5000000000,4258230000
2025-12-11,11:00:08,TFIT16180930,83.403,12.560,5000000000,4259330000
2025-12-11,11:00:11,TFIT10260331,79.348,12.553,5000000000,4216715000
2025-12-11,11:00:12,TFIT10260331,79.354,12.551,5000000000,4217015000
2025-12-11,11:00:13,TFIT10260331,79.358,12.550,5000000000,4217215000
2025-12-11,11:06:25,TFIT16181034,72.337,12.600,5000000000,3670480000
2025-12-11,11:06:33,TFIT05220829,95.669,12.485,5000000000,4950710000
2025-12-11,11:06:34,TFIT05220829,95.670,12.485,5000000000,4950760000
2025-12-11,11:06:39,TFIT16180930,83.485,12.533,10000000000,8526860000
2025-12-11,11:06:41,TFIT08031127,91.389,11.010,10000000000,9198760000
2025-12-11,11:06:41,TFIT08031127,91.404,11.000,6000000000,5520156000
2025-12-11,11:06:49,TFIT16180930,83.488,12.532,5000000000,4263580000
2025-12-11,11:06:50,TFIT16180930,83.494,12.530,5000000000,4263880000
2025-12-11,11:07:15,TFIT16090736,64.033,12.563,7500000000,5001532500
2025-12-11,11:07:16,TFIT16090736,64.079,12.552,5000000000,3336655000
2025-12-11,11:07:17,TFIT16090736,64.088,12.550,5000000000,3337105000
2025-12-11,11:07:54,TFIT16280428,88.450,11.810,4000000000,3687260000
2025-12-11,11:07:54,TFIT16280428,88.464,11.802,5000000000,4609775000
2025-12-11,11:07:54,TFIT16280428,88.468,11.800,5000000000,4609975000
2025-12-11,11:08:03,TFIT05220829,95.699,12.474,1000000000,990442000
2025-12-11,11:08:05,TFIT16280428,88.473,11.797,5000000000,4610225000
2025-12-11,11:09:09,TFIT11090233,102.612,12.650,2000000000,2273678000
2025-12-11,11:17:38,TFIT16181034,72.233,12.625,1000000000,733056000
2025-12-11,11:20:20,TFIT11240135,94.204,12.850,1500000000,1568064000
2025-12-11,11:27:05,TFIT05220829,95.735,12.461,5000000000,4954010000
2025-12-11,11:27:05,TFIT05220829,95.737,12.460,5000000000,4954110000
2025-12-11,11:27:06,TFIT05220829,95.768,12.449,5000000000,4955660000
2025-12-11,11:27:06,TFIT05220829,95.771,12.448,8000000000,7929296000
2025-12-11,11:27:06,TFIT05220829,95.771,12.448,5000000000,4955810000
2025-12-11,11:27:06,TFIT05220829,95.776,12.446,5000000000,4956060000
2025-12-11,11:27:06,TFIT05220829,95.787,12.442,5000000000,4956610000
2025-12-11,11:27:06,TFIT05220829,95.787,12.442,5000000000,4956610000
2025-12-11,11:27:06,TFIT05220829,95.787,12.442,5000000000,4956610000
2025-12-11,11:27:06,TFIT05220829,95.793,12.440,70000000000,69396740000
2025-12-11,11:27:06,TFIT05220829,95.809,12.434,5000000000,4957710000
2025-12-11,11:27:06,TFIT05220829,95.828,12.427,2000000000,1983464000
2025-12-11,11:27:09,TFIT05220829,95.842,12.422,5000000000,4959360000
2025-12-11,11:27:10,TFIT16281140,99.121,12.881,5000000000,4978755000
2025-12-11,11:27:10,TFIT05220829,95.848,12.420,5000000000,4959660000
2025-12-11,11:27:13,TFIT16180930,83.564,12.507,5000000000,4267380000
2025-12-11,11:27:14,TFIT16180930,83.564,12.507,4000000000,3413904000
2025-12-11,11:27:14,TFIT16180930,83.571,12.505,1000000000,853546000
2025-12-11,11:27:15,TFIT16180930,83.571,12.505,4000000000,3414184000
2025-12-11,11:27:15,TFIT16180930,83.583,12.501,5000000000,4268330000
2025-12-11,11:27:15,TFIT16180930,83.586,12.500,5000000000,4268480000
2025-12-11,11:27:16,TFIT16180930,83.668,12.473,5000000000,4272580000
2025-12-11,11:27:16,TFIT16180930,83.671,12.472,15000000000,12818190000
2025-12-11,11:27:16,TFIT16180930,83.678,12.470,10000000000,8546160000
2025-12-11,11:27:37,TFIT21280542,77.355,12.544,5000000000,4117375000
2025-12-11,11:27:38,TFIT21280542,77.356,12.544,5000000000,4117425000
2025-12-11,11:27:39,TFIT21280542,77.369,12.542,5000000000,4118075000
2025-12-11,11:27:39,TFIT11090233,102.840,12.601,5000000000,5695595000
2025-12-11,11:27:42,TFIT11090233,102.844,12.600,1000000000,1139159000
2025-12-11,11:27:44,TFIT21280542,77.436,12.530,5000000000,4121425000
2025-12-11,11:27:44,TFIT16300632,75.986,12.570,6000000000,4747872000
2025-12-11,11:27:46,TFIT16300632,75.993,12.568,10000000000,7913820000
2025-12-11,11:28:00,TFIT16281140,99.193,12.870,50000000000,49823550000
2025-12-11,11:28:21,TFIT16180930,83.678,12.470,20000000000,17092320000
2025-12-11,11:28:24,TFIT16180930,83.678,12.470,30500000000,26065788000
2025-12-11,11:30:36,TFIT34130358,93.015,12.901,5000000000,5099515000
2025-12-11,11:36:00,TFIT10260331,79.517,12.500,5000000000,4225165000
2025-12-11,11:38:58,TFIT16281140,99.160,12.875,2500000000,2490352500
2025-12-11,11:38:58,TFIT16281140,99.193,12.870,6000000000,5978826000
2025-12-11,11:39:14,TFIT10260331,79.501,12.505,6000000000,5069238000
2025-12-11,11:39:32,TFIT05220829,95.896,12.403,10000000000,9924120000
2025-12-11,11:39:33,TFIT05220829,95.897,12.402,10000000000,9924220000
2025-12-11,11:40:25,TFIT16180930,83.831,12.420,5000000000,4280730000
2025-12-11,11:43:04,TFIT21280542,77.604,12.500,1000000000,825965000
2025-12-11,11:51:21,TFIT31261050,60.196,12.500,5000000000,3055485000
2025-12-11,11:58:15,TFIT11240135,94.055,12.880,1000000000,1043886000
2025-12-11,11:58:26,TFIT05220829,95.831,12.426,10000000000,9917620000
2025-12-11,11:58:29,TFIT11240135,94.055,12.880,1000000000,1043886000
2025-12-11,11:58:29,TFIT05220829,95.820,12.430,5000000000,4958260000
2025-12-11,11:58:50,TFIT11240135,94.055,12.880,1000000000,1043886000
2025-12-11,11:58:51,TFIT11240135,94.055,12.880,1000000000,1043886000
2025-12-11,11:58:56,TFIT11240135,94.055,12.880,5000000000,5219430000
2025-12-11,11:59:02,TFIT11240135,94.055,12.880,10000000000,10438860000
2025-12-11,11:59:26,TFIT11240135,93.955,12.900,20000000000,20857720000
2025-12-11,11:59:29,TFIT11240135,94.050,12.881,10000000000,10438360000
2025-12-11,11:59:30,TFIT11240135,94.052,12.880,5000000000,5219280000
2025-12-11,11:59:31,TFIT11240135,94.052,12.880,5000000000,5219280000
2025-12-11,11:59:38,TFIT11240135,94.053,12.880,5000000000,5219330000
2025-12-11,11:59:44,TFIT11240135,94.053,12.880,5000000000,5219330000
2025-12-11,11:59:45,TFIT11240135,94.105,12.870,5000000000,5221930000
2025-12-11,12:02:05,TFIT23250746,89.885,12.898,5000000000,4713225000
2025-12-11,12:02:39,TFIT11240135,94.055,12.880,1000000000,1043886000
2025-12-11,12:02:44,TFIT11240135,94.055,12.880,1000000000,1043886000
2025-12-11,12:02:44,TFIT05220829,95.793,12.440,5000000000,4956910000
2025-12-11,12:02:50,TFIT11240135,94.055,12.880,1000000000,1043886000
2025-12-11,12:02:51,TFIT16090736,63.941,12.585,5000000000,3329755000
2025-12-11,12:02:51,TFIT16090736,63.887,12.598,5000000000,3327055000
2025-12-11,12:02:51,TFIT16090736,63.883,12.599,15000000000,9980565000
2025-12-11,12:02:52,TFIT11240135,94.055,12.880,1000000000,1043886000
2025-12-11,12:03:02,TFIT16281140,98.678,12.950,5000000000,4956605000
2025-12-11,12:03:26,TFIT11240135,93.955,12.900,1000000000,1042886000
2025-12-11,12:03:31,TFIT16090736,63.883,12.599,21500000000,14305476500
2025-12-11,12:03:31,TFIT11240135,93.955,12.900,4000000000,4171544000
2025-12-11,12:03:31,TFIT11240135,93.955,12.900,1000000000,1042886000
2025-12-11,12:03:33,TFIT16181034,72.274,12.615,5000000000,3667330000
2025-12-11,12:03:33,TFIT11240135,93.955,12.900,10000000000,10428860000
2025-12-11,12:03:35,TFIT16181034,72.233,12.625,1000000000,733056000
2025-12-11,12:03:36,TFIT11240135,93.955,12.900,9000000000,9385974000
2025-12-11,12:03:42,TFIT31261050,59.789,12.583,5000000000,3035135000
2025-12-11,12:03:43,TFIT31261050,59.788,12.584,2500000000,1517542500
2025-12-11,12:03:46,TFIT31261050,59.788,12.584,2500000000,1517542500
2025-12-11,12:03:46,TFIT31261050,59.783,12.585,2500000000,1517417500
2025-12-11,12:04:19,TFIT11240135,93.955,12.900,5000000000,5214430000
2025-12-11,12:04:43,TFIT05220829,95.765,12.450,5000000000,4955510000
2025-12-11,12:07:01,TFIT05220829,95.848,12.420,2000000000,1983864000
2025-12-11,12:07:01,TFIT05220829,95.862,12.415,5000000000,4960360000
2025-12-11,12:07:01,TFIT05220829,95.862,12.415,5000000000,4960360000
2025-12-11,12:07:01,TFIT05220829,95.862,12.415,15000000000,14881080000
2025-12-11,12:07:01,TFIT05220829,95.870,12.412,5000000000,4960760000
2025-12-11,12:07:01,TFIT05220829,95.870,12.412,5000000000,4960760000
2025-12-11,12:07:01,TFIT05220829,95.870,12.412,5000000000,4960760000
2025-12-11,12:07:01,TFIT05220829,95.870,12.412,5000000000,4960760000
2025-12-11,12:07:01,TFIT05220829,95.870,12.412,5000000000,4960760000
2025-12-11,12:07:01,TFIT05220829,95.875,12.410,5000000000,4961010000
2025-12-11,12:07:01,TFIT05220829,95.884,12.407,5000000000,4961460000
2025-12-11,12:07:01,TFIT05220829,95.897,12.402,10000000000,9924220000
2025-12-11,12:07:01,TFIT05220829,95.900,12.401,5000000000,4962260000
2025-12-11,12:07:07,TFIT11240135,94.030,12.885,5000000000,5218180000
2025-12-11,12:07:07,TFIT11240135,94.055,12.880,5000000000,5219430000
2025-12-11,12:07:09,TFIT16180930,83.641,12.482,5000000000,4271230000
2025-12-11,12:07:31,TFIT16180930,83.647,12.480,5000000000,4271530000
2025-12-11,12:07:54,TFIT16181034,72.337,12.600,5000000000,3670480000
2025-12-11,12:07:59,TFIT10260331,79.517,12.500,5000000000,4225165000
2025-12-11,12:08:07,TFIT11090233,102.844,12.600,5000000000,5695795000
2025-12-11,12:10:45,TFIT11240135,94.204,12.850,2000000000,2090752000
2025-12-11,12:18:35,TFIT16280428,88.644,11.703,5000000000,4618775000
2025-12-11,12:18:58,TFIT16180930,83.736,12.451,5000000000,4275980000
2025-12-11,12:19:03,TFIT16180930,83.739,12.450,5000000000,4276130000
2025-12-11,12:19:05,TFIT16180930,83.739,12.450,5000000000,4276130000
2025-12-11,12:21:27,TFIT16280428,88.686,11.680,15000000000,13862625000
2025-12-11,12:21:27,TFIT16280428,88.688,11.679,5000000000,4620975000
2025-12-11,12:21:27,TFIT16280428,88.689,11.678,5000000000,4621025000
2025-12-11,12:26:04,TFIT11240135,94.329,12.825,10000000000,10466260000
2025-12-11,12:26:08,TFIT21280542,77.045,12.600,5000000000,4101875000
2025-12-11,12:26:36,TFIT05220829,96.002,12.364,10000000000,9934720000
2025-12-11,12:26:36,TFIT05220829,96.005,12.363,5000000000,4967510000
2025-12-11,12:26:36,TFIT05220829,96.033,12.353,5000000000,4968910000
2025-12-11,12:26:36,TFIT05220829,96.036,12.352,2000000000,1987624000
2025-12-11,12:26:38,TFIT16280428,88.757,11.641,5000000000,4624425000
2025-12-11,12:26:38,TFIT16280428,88.759,11.640,5000000000,4624525000
2025-12-11,12:29:48,TFIT11090233,103.287,12.505,5000000000,5717945000
2025-12-11,12:36:40,TFIT16281140,99.322,12.850,5000000000,4988805000
2025-12-11,12:38:06,TFIT16181034,72.586,12.540,50000000000,36829300000
2025-12-11,12:38:07,TFIT16181034,72.586,12.540,50000000000,36829300000
2025-12-11,12:38:08,TFIT16181034,72.586,12.540,32000000000,23570752000
2025-12-11,12:38:27,TFIT16180930,83.892,12.400,10000000000,8567560000
2025-12-11,12:38:31,TFIT21280542,77.581,12.504,2000000000,1651470000
2025-12-11,12:38:36,TFIT10260331,79.671,12.452,4000000000,3386292000
2025-12-11,12:38:39,TFIT10260331,79.677,12.450,10000000000,8466330000
2025-12-11,12:38:43,TFIT11090233,103.545,12.450,5000000000,5730845000
2025-12-11,12:38:48,TFIT16280428,88.832,11.600,5000000000,4628175000
2025-12-11,12:38:52,TFIT16280428,88.866,11.581,5000000000,4629875000
2025-12-11,12:38:59,TFIT16280428,88.919,11.552,5000000000,4632525000
2025-12-11,12:38:59,TFIT21280542,77.604,12.500,31000000000,25604915000
2025-12-11,12:41:30,TFIT16280428,88.832,11.600,10000000000,9256350000
2025-12-11,12:41:49,TFIT21280542,77.430,12.531,5000000000,4121125000
2025-12-11,12:42:11,TFIT16180930,83.892,12.400,10000000000,8567560000
2025-12-11,12:43:20,TFIT16281140,99.322,12.850,3000000000,2993283000
2025-12-11,12:50:47,TFIT08031127,91.491,10.943,5000000000,4604480000
2025-12-11,12:50:47,TFIT08031127,91.492,10.942,5000000000,4604530000
2025-12-11,12:50:47,TFIT08031127,91.494,10.941,20000000000,18418520000
2025-12-11,12:50:47,TFIT08031127,91.535,10.914,5000000000,4606680000
2025-12-11,12:50:47,TFIT08031127,91.535,10.914,5000000000,4606680000
2025-12-11,12:50:47,TFIT08031127,91.535,10.914,5000000000,4606680000
2025-12-11,12:50:47,TFIT08031127,91.537,10.913,25000000000,23033900000
2025-12-11,12:50:47,TFIT15260826,98.947,9.002,5000000000,5057280000
2025-12-11,12:50:47,TFIT15260826,98.948,9.000,5500000000,5563063000
2025-12-11,12:50:57,TFIT16280428,88.793,11.621,5000000000,4626225000
2025-12-11,12:50:59,TFIT15260826,98.981,8.950,10000000000,10117960000
2025-12-11,12:51:16,TFIT08031127,91.566,10.894,5000000000,4608230000
2025-12-11,12:51:41,TFIT16280428,88.793,11.621,5000000000,4626225000
2025-12-11,12:51:52,TFIT16281140,99.516,12.820,1000000000,999701000
2025-12-11,12:56:59,TFIT08031127,91.587,10.880,5000000000,4609280000
2025-12-11,12:57:47,TFIT16281140,99.581,12.810,2000000000,2000702000
2025-12-11,12:57:47,TFIT16180930,83.957,12.379,5000000000,4287030000
2025-12-11,12:57:49,TFIT16180930,83.960,12.378,5000000000,4287180000
2025-12-11,12:58:55,TFIT05220829,96.097,12.330,3000000000,2983266000
2025-12-11,12:59:04,TFIT16300632,76.328,12.475,2000000000,1589464000
2025-12-11,12:59:34,TFIT08031127,91.557,10.900,5000000000,4607780000
2025-12-11,12:59:55,TFIT08031127,91.534,10.915,15000000000,13819890000
2025-12-12,08:46:07,TFIT05220829,96.098,12.330,5000000000,4973665000
2025-12-12,08:51:19,TFIT23250746,90.482,12.807,5000000000,4744650000
2025-12-12,08:51:19,TFIT23250746,90.495,12.805,5000000000,4745300000
2025-12-12,08:51:19,TFIT23250746,90.515,12.802,5000000000,4746300000
2025-12-12,08:51:31,TFIT23250746,90.713,12.772,5000000000,4756200000
2025-12-12,08:52:59,TFIT21280542,77.911,12.446,5000000000,4146440000
2025-12-12,08:53:08,TFIT21280542,77.990,12.432,5000000000,4150390000
2025-12-12,08:53:09,TFIT21280542,77.990,12.432,5000000000,4150390000
2025-12-12,09:01:42,TFIT08031127,91.493,10.949,5000000000,4605370000
2025-12-12,09:01:42,TFIT08031127,91.493,10.949,5000000000,4605370000
2025-12-12,09:01:42,TFIT08031127,91.491,10.950,5000000000,4605270000
2025-12-12,09:01:42,TFIT08031127,91.490,10.951,5000000000,4605220000
2025-12-12,09:01:49,TFIT08031127,91.460,10.970,5000000000,4603720000
2025-12-12,09:01:50,TFIT08031127,91.415,11.000,5000000000,4601470000
2025-12-12,09:02:19,TFIT16280428,88.882,11.579,5000000000,4631495000
2025-12-12,09:02:19,TFIT16280428,88.880,11.580,5000000000,4631395000
2025-12-12,09:02:19,TFIT16280428,88.843,11.600,5000000000,4629545000
2025-12-12,09:05:55,TFIT21280542,77.719,12.480,5000000000,4136840000
2025-12-12,09:13:35,TFIT16181034,72.965,12.450,1000000000,740575000
2025-12-12,09:20:44,TFIT16280428,88.843,11.600,5000000000,4629545000
2025-12-12,09:20:50,TFIT08031127,91.551,10.911,25000000000,23041350000
2025-12-12,09:21:26,TFIT16280428,88.807,11.620,2000000000,1851098000
2025-12-12,09:23:13,TFIT23250746,90.521,12.801,5000000000,4746600000
2025-12-12,09:23:14,TFIT23250746,90.502,12.804,5000000000,4745650000
2025-12-12,09:23:15,TFIT23250746,90.489,12.806,5000000000,4745000000
2025-12-12,09:35:10,TFIT34130358,93.381,12.850,1000000000,1023892000
2025-12-12,09:35:33,TFIT16280428,88.807,11.620,5000000000,4627745000
2025-12-12,09:35:44,TFIT16180930,83.960,12.380,1000000000,857648000
2025-12-12,09:35:51,TFIT11090233,103.077,12.550,5000000000,5709260000
2025-12-12,09:36:13,TFIT16180930,83.991,12.370,1000000000,857958000
2025-12-12,09:37:00,TFIT11240135,94.207,12.850,1000000000,1045728000
2025-12-12,09:37:35,TFIT16180930,83.991,12.370,5000000000,4289790000
2025-12-12,09:39:39,TFIT16180930,83.899,12.400,5000000000,4285190000
2025-12-12,09:40:33,TFIT16280428,88.771,11.640,5000000000,4625945000
2025-12-12,09:40:47,TFIT16180930,83.960,12.380,1000000000,857648000
2025-12-12,09:40:47,TFIT16180930,83.960,12.380,1000000000,857648000
2025-12-12,09:40:47,TFIT16180930,83.960,12.380,1000000000,857648000
2025-12-12,09:44:32,TFIT16280428,88.807,11.620,1000000000,925549000
2025-12-12,09:45:56,TFIT05220829,96.176,12.302,5000000000,4977565000
2025-12-12,09:45:57,TFIT05220829,96.176,12.302,5000000000,4977565000
2025-12-12,09:46:18,TFIT16180930,83.960,12.380,2000000000,1715296000
2025-12-12,09:46:22,TFIT16300632,76.425,12.450,5000000000,3979470000
2025-12-12,09:46:27,TFIT16180930,83.991,12.370,5000000000,4289790000
2025-12-12,09:48:33,TFIT05220829,96.237,12.280,2000000000,1992246000
2025-12-12,09:51:04,TFIT16090736,64.466,12.461,5000000000,3356860000
2025-12-12,09:51:04,TFIT16090736,64.471,12.460,5000000000,3357110000
2025-12-12,09:51:07,TFIT16281140,99.411,12.836,5000000000,4995000000
2025-12-12,09:51:13,TFIT10260331,79.765,12.425,2000000000,1695410000
2025-12-12,09:51:13,TFIT10260331,79.781,12.420,10000000000,8478650000
2025-12-12,09:51:13,TFIT10260331,79.836,12.403,5000000000,4242075000
2025-12-12,09:51:13,TFIT10260331,79.839,12.402,5000000000,4242225000
2025-12-12,09:51:14,TFIT16281140,99.567,12.812,5000000000,5002800000
2025-12-12,09:51:17,TFIT16180930,84.022,12.360,5000000000,4291340000
2025-12-12,09:51:17,TFIT16280428,88.896,11.571,2000000000,1852878000
2025-12-12,09:51:19,TFIT16180930,84.052,12.350,5000000000,4292840000
2025-12-12,09:51:26,TFIT16281140,99.581,12.810,5000000000,5003500000
2025-12-12,09:51:51,TFIT16280428,88.843,11.600,5000000000,4629545000
2025-12-12,09:51:58,TFIT05220829,96.237,12.280,1500000000,1494184500
2025-12-12,09:52:23,TFIT10260331,79.845,12.400,5000000000,4242525000
2025-12-12,09:52:24,TFIT16281140,99.633,12.802,1000000000,1001220000
2025-12-12,09:56:25,TFIT10260331,79.845,12.400,20000000000,16970100000
2025-12-12,09:56:59,TFIT10260331,79.845,12.400,20000000000,16970100000
2025-12-12,09:57:11,TFIT05220829,96.278,12.265,5000000000,4982665000
2025-12-12,09:57:12,TFIT05220829,96.289,12.261,2000000000,1993286000
2025-12-12,09:57:20,TFIT16280428,88.894,11.572,5000000000,4632095000
2025-12-12,09:57:20,TFIT16280428,88.896,11.571,3000000000,2779317000
2025-12-12,09:57:20,TFIT16280428,88.896,11.571,5000000000,4632195000
2025-12-12,09:57:20,TFIT16280428,88.896,11.571,2000000000,1852878000
2025-12-12,09:57:24,TFIT10260331,79.845,12.400,15000000000,12727575000
2025-12-12,10:04:09,TFIT16180930,83.963,12.379,5000000000,4288390000
2025-12-12,10:04:09,TFIT16180930,83.963,12.379,5000000000,4288390000
2025-12-12,10:04:14,TFIT08031127,91.451,10.976,5000000000,4603270000
2025-12-12,10:04:14,TFIT08031127,91.450,10.977,5000000000,4603220000
2025-12-12,10:04:14,TFIT08031127,91.449,10.977,5000000000,4603170000
2025-12-12,10:04:14,TFIT08031127,91.448,10.978,5000000000,4603120000
2025-12-12,10:04:14,TFIT08031127,91.446,10.979,5000000000,4603020000
2025-12-12,10:04:14,TFIT08031127,91.431,10.989,5000000000,4602270000
2025-12-12,10:04:21,TFIT16280428,88.843,11.600,5000000000,4629545000
2025-12-12,10:04:41,TFIT16280428,88.789,11.630,5000000000,4626845000
2025-12-12,10:06:41,TFIT11090233,103.310,12.500,5000000000,5720910000
2025-12-12,10:07:23,TFIT05220829,96.129,12.319,1000000000,995043000
2025-12-12,10:07:23,TFIT05220829,96.126,12.320,4000000000,3980052000
2025-12-12,10:07:24,TFIT05220829,96.126,12.320,1000000000,995013000
2025-12-12,10:21:05,TFIT08031127,91.475,10.960,1000000000,920894000
2025-12-12,10:27:13,TFIT08031127,91.399,11.010,5000000000,4600670000
2025-12-12,10:29:17,TFIT16090736,64.344,12.490,2000000000,1340304000
2025-12-12,10:34:15,TFIT16090736,64.306,12.499,2000000000,1339544000
2025-12-12,10:37:38,TFIT16090736,64.302,12.500,5000000000,3348660000
2025-12-12,10:39:12,TFIT23250746,90.245,12.843,5000000000,4732800000
2025-12-12,10:39:12,TFIT23250746,90.232,12.845,5000000000,4732150000
2025-12-12,10:39:12,TFIT23250746,90.232,12.845,5000000000,4732150000
2025-12-12,10:39:12,TFIT23250746,90.187,12.851,10000000000,9459800000
2025-12-12,10:39:12,TFIT23250746,90.173,12.854,5000000000,4729200000
2025-12-12,10:39:12,TFIT23250746,90.173,12.854,10000000000,9458400000
2025-12-12,10:39:12,TFIT23250746,90.166,12.855,5000000000,4728850000
2025-12-12,10:39:12,TFIT23250746,90.154,12.856,10000000000,9456500000
2025-12-12,10:39:16,TFIT11090233,103.100,12.545,5000000000,5710410000
2025-12-12,10:39:16,TFIT23250746,90.101,12.865,5000000000,4725600000
2025-12-12,10:39:17,TFIT23250746,90.101,12.865,5000000000,4725600000
2025-12-12,10:39:18,TFIT11240135,94.217,12.848,2000000000,2091656000
2025-12-12,10:39:18,TFIT16281140,99.192,12.870,5000000000,4984050000
2025-12-12,10:39:18,TFIT16281140,99.179,12.872,5000000000,4983400000
2025-12-12,10:39:19,TFIT16281140,99.172,12.873,10000000000,9966100000
2025-12-12,10:39:19,TFIT31261050,59.957,12.549,5000000000,3044530000
2025-12-12,10:39:20,TFIT11240135,94.217,12.848,2000000000,2091656000
2025-12-12,10:39:20,TFIT11240135,94.217,12.848,1000000000,1045828000
2025-12-12,10:39:20,TFIT11240135,94.217,12.848,2000000000,2091656000
2025-12-12,10:39:21,TFIT23250746,89.950,12.888,5000000000,4718050000
2025-12-12,10:39:21,TFIT16280428,88.752,11.650,3000000000,2774997000
2025-12-12,10:39:21,TFIT16090736,64.189,12.527,5000000000,3343010000
2025-12-12,10:39:22,TFIT16090736,64.176,12.530,5000000000,3342360000
2025-12-12,10:39:24,TFIT11090233,103.086,12.548,5000000000,5709710000
2025-12-12,10:39:36,TFIT11090233,103.086,12.548,5000000000,5709710000
2025-12-12,10:39:36,TFIT11090233,103.082,12.549,6000000000,6851412000
2025-12-12,10:39:36,TFIT11090233,103.078,12.550,5000000000,5709310000
2025-12-12,10:39:59,TFIT31261050,59.952,12.550,5000000000,3044280000
2025-12-12,10:40:09,TFIT11240135,94.212,12.849,2000000000,2091556000
2025-12-12,10:40:12,TFIT11240135,94.207,12.850,10000000000,10457280000
2025-12-12,10:40:19,TFIT05220829,96.051,12.347,5000000000,4971315000
2025-12-12,10:40:21,TFIT05220829,96.046,12.349,5000000000,4971065000
2025-12-12,10:40:30,TFIT16180930,83.745,12.450,1000000000,855498000
2025-12-12,10:40:38,TFIT10260331,79.529,12.499,1000000000,845345000
2025-12-12,10:41:10,TFIT05220829,96.046,12.349,1000000000,994213000
2025-12-12,10:41:12,TFIT16181034,72.631,12.530,1000000000,737235000
2025-12-12,10:43:32,TFIT23250746,90.134,12.860,10000000000,9454500000
2025-12-12,10:43:53,TFIT05220829,96.017,12.359,5000000000,4969615000
2025-12-12,10:43:53,TFIT05220829,96.015,12.360,5000000000,4969515000
2025-12-12,10:43:53,TFIT05220829,96.015,12.360,5000000000,4969515000
2025-12-12,10:43:53,TFIT05220829,96.004,12.364,5000000000,4968965000
2025-12-12,10:43:53,TFIT05220829,96.001,12.365,15000000000,14906445000
2025-12-12,10:43:53,TFIT05220829,95.990,12.369,5000000000,4968265000
2025-12-12,10:43:53,TFIT05220829,95.988,12.370,70000000000,69554310000
2025-12-12,10:44:00,TFIT05220829,95.974,12.375,5000000000,4967465000
2025-12-12,10:44:01,TFIT05220829,95.974,12.375,5000000000,4967465000
2025-12-12,10:44:05,TFIT16180930,83.660,12.478,5000000000,4273240000
2025-12-12,10:45:44,TFIT08031127,91.388,11.017,5000000000,4600120000
2025-12-12,10:46:13,TFIT11240135,94.207,12.850,3500000000,3660048000
2025-12-12,10:47:51,TFIT08031127,91.375,11.026,5000000000,4599470000
2025-12-12,10:47:51,TFIT08031127,91.369,11.030,5000000000,4599170000
2025-12-12,10:47:51,TFIT08031127,91.356,11.039,5000000000,4598520000
2025-12-12,10:47:51,TFIT08031127,91.355,11.039,5000000000,4598470000
2025-12-12,10:47:51,TFIT08031127,91.350,11.042,5000000000,4598220000
2025-12-12,10:47:51,TFIT08031127,91.349,11.043,5000000000,4598170000
2025-12-12,10:47:56,TFIT16281140,99.172,12.873,5000000000,4983050000
2025-12-12,10:48:00,TFIT16281140,99.172,12.873,5000000000,4983050000
2025-12-12,10:52:53,TFIT16280428,88.752,11.650,1000000000,924999000
2025-12-12,10:52:55,TFIT05220829,96.043,12.350,1000000000,994183000
2025-12-12,10:53:08,TFIT05220829,96.043,12.350,4000000000,3976732000
2025-12-12,10:53:49,TFIT16090736,64.344,12.490,5000000000,3350760000
2025-12-12,10:53:49,TFIT11240135,94.357,12.820,7000000000,7330596000
2025-12-12,10:53:53,TFIT31261050,60.181,12.503,5000000000,3055730000
2025-12-12,10:54:10,TFIT23250746,90.469,12.809,5000000000,4744000000
2025-12-12,10:54:10,TFIT23250746,90.469,12.809,5000000000,4744000000
2025-12-12,10:54:10,TFIT23250746,90.482,12.807,5000000000,4744650000
2025-12-12,10:54:10,TFIT23250746,90.521,12.801,15000000000,14239800000
2025-12-12,10:54:11,TFIT11090233,103.077,12.550,5000000000,5709260000
2025-12-12,10:54:13,TFIT23250746,90.528,12.800,5000000000,4746950000
2025-12-12,10:54:13,TFIT23250746,90.541,12.798,5000000000,4747600000
2025-12-12,10:54:17,TFIT16181034,72.735,12.505,2000000000,1476550000
2025-12-12,10:54:47,TFIT10260331,79.653,12.460,10000000000,8465850000
2025-12-12,10:54:50,TFIT10260331,79.685,12.450,5000000000,4234525000
2025-12-12,10:58:08,TFIT16281140,99.633,12.802,5000000000,5006100000
2025-12-12,10:58:15,TFIT16281140,99.724,12.788,5000000000,5010650000
2025-12-12,10:58:18,TFIT16281140,99.724,12.788,5000000000,5010650000
2025-12-12,11:01:15,TFIT16281140,99.815,12.774,5000000000,5015200000
2025-12-12,11:01:15,TFIT16281140,99.828,12.772,1000000000,1003170000
2025-12-12,11:01:17,TFIT16281140,99.828,12.772,5000000000,5015850000
2025-12-12,11:01:20,TFIT23250746,90.726,12.770,5000000000,4756850000
2025-12-12,11:01:49,TFIT10260331,79.685,12.450,1000000000,846905000
2025-12-12,11:02:12,TFIT05220829,96.118,12.323,5000000000,4974665000
2025-12-12,11:02:12,TFIT05220829,96.120,12.322,5000000000,4974765000
2025-12-12,11:02:14,TFIT16280428,88.842,11.601,3000000000,2777697000
2025-12-12,11:05:19,TFIT05220829,96.071,12.340,1000000000,994463000
2025-12-12,11:05:19,TFIT05220829,96.043,12.350,1000000000,994183000
2025-12-12,11:05:19,TFIT05220829,96.001,12.365,5000000000,4968815000
2025-12-12,11:05:19,TFIT05220829,95.993,12.368,5000000000,4968415000
2025-12-12,11:05:19,TFIT05220829,95.990,12.369,5000000000,4968265000
2025-12-12,11:05:19,TFIT05220829,95.988,12.370,10000000000,9936330000
2025-12-12,11:05:19,TFIT05220829,95.985,12.371,5000000000,4968015000
2025-12-12,11:05:19,TFIT05220829,95.974,12.375,52500000000,52158382500
2025-12-12,11:05:19,TFIT05220829,95.974,12.375,10500000000,10431676500
2025-12-12,11:05:32,TFIT05220829,95.974,12.375,4500000000,4470718500
2025-12-12,11:09:47,TFIT31261050,60.589,12.420,1500000000,922839000
2025-12-12,11:10:06,TFIT05220829,96.095,12.331,5000000000,4973515000
2025-12-12,11:13:43,TFIT08031127,91.409,11.004,10000000000,9202340000
2025-12-12,11:13:43,TFIT08031127,91.410,11.003,5000000000,4601220000
2025-12-12,11:13:43,TFIT08031127,91.410,11.003,5000000000,4601220000
2025-12-12,11:13:43,TFIT08031127,91.410,11.003,5000000000,4601220000
2025-12-12,11:20:00,TFIT16181034,72.965,12.450,5000000000,3702875000
2025-12-12,11:20:04,TFIT16181034,72.969,12.449,5000000000,3703075000
2025-12-12,11:23:59,TFIT16180930,83.822,12.425,5000000000,4281340000
2025-12-12,11:23:59,TFIT16180930,83.853,12.415,5000000000,4282890000
2025-12-12,11:27:30,TFIT21280542,77.719,12.480,5000000000,4136840000
2025-12-12,11:27:30,TFIT21280542,77.719,12.480,5000000000,4136840000
2025-12-12,11:27:45,TFIT21280542,77.775,12.470,5000000000,4139640000
2025-12-12,11:27:48,TFIT23250746,90.786,12.761,5000000000,4759850000
2025-12-12,11:27:49,TFIT16181034,72.969,12.449,5000000000,3703075000
2025-12-12,11:27:49,TFIT16181034,72.974,12.448,5000000000,3703325000
2025-12-12,11:27:59,TFIT16180930,83.853,12.415,5000000000,4282890000
2025-12-12,11:28:18,TFIT11240135,94.698,12.752,5000000000,5253190000
2025-12-12,11:28:24,TFIT11240135,94.703,12.751,2000000000,2101376000
2025-12-12,11:28:30,TFIT11240135,94.703,12.751,3000000000,3152064000
2025-12-12,11:29:08,TFIT16300632,76.414,12.453,5000000000,3978920000
2025-12-12,11:29:11,TFIT16300632,76.425,12.450,5000000000,3979470000
2025-12-12,11:29:13,TFIT16090736,64.695,12.407,5000000000,3368310000
2025-12-12,11:32:27,TFIT05220829,96.104,12.328,5000000000,4973965000
2025-12-12,11:32:27,TFIT05220829,96.106,12.327,4000000000,3979252000
2025-12-12,11:32:27,TFIT05220829,96.107,12.327,1000000000,994823000
2025-12-12,11:32:27,TFIT05220829,96.112,12.325,5000000000,4974365000
2025-12-12,11:32:31,TFIT05220829,96.120,12.322,15000000000,14924295000
2025-12-12,11:32:33,TFIT05220829,96.125,12.320,10000000000,9950030000
2025-12-12,11:32:37,TFIT05220829,96.167,12.305,2500000000,2488557500
2025-12-12,11:32:41,TFIT10260331,79.810,12.411,1000000000,848155000
2025-12-12,11:32:42,TFIT10260331,79.845,12.400,5000000000,4242525000
2025-12-12,11:32:50,TFIT16180930,83.991,12.370,5000000000,4289790000
2025-12-12,11:34:12,TFIT08031127,91.408,11.004,5000000000,4601120000
2025-12-12,11:34:12,TFIT08031127,91.408,11.004,5000000000,4601120000
2025-12-12,11:34:12,TFIT08031127,91.410,11.003,15000000000,13803660000
2025-12-12,11:34:12,TFIT08031127,91.413,11.001,5000000000,4601370000
2025-12-12,11:34:17,TFIT16280428,88.885,11.577,4000000000,3705316000
2025-12-12,11:34:18,TFIT16280428,88.898,11.570,7000000000,6485213000
2025-12-12,11:34:43,TFIT16300632,76.496,12.430,5000000000,3983020000
2025-12-12,11:34:53,TFIT16300632,76.496,12.430,7000000000,5576228000
2025-12-12,11:36:41,TFIT08031127,91.418,10.998,5000000000,4601620000
2025-12-12,11:40:44,TFIT08031127,91.422,10.995,5000000000,4601820000
2025-12-12,11:40:44,TFIT08031127,91.423,10.994,5000000000,4601870000
2025-12-12,11:40:44,TFIT08031127,91.425,10.993,15000000000,13805910000
2025-12-12,11:40:44,TFIT08031127,91.429,10.991,5000000000,4602170000
2025-12-12,11:40:50,TFIT08031127,91.429,10.991,5000000000,4602170000
2025-12-12,11:40:52,TFIT08031127,91.440,10.983,5000000000,4602720000
2025-12-12,11:40:54,TFIT08031127,91.442,10.982,5000000000,4602820000
2025-12-12,11:42:26,TFIT16180930,84.022,12.360,5000000000,4291340000
2025-12-12,11:42:59,TFIT05220829,96.167,12.305,2500000000,2488557500
2025-12-12,11:47:44,TFIT21280542,77.916,12.445,21500000000,17830767000
2025-12-12,12:02:26,TFIT16090736,64.598,12.430,5000000000,3363460000
2025-12-12,12:07:37,TFIT16300632,76.425,12.450,5000000000,3979470000
2025-12-12,12:17:59,TFIT31261050,60.689,12.400,1000000000,616226000
2025-12-12,12:20:08,TFIT16181034,73.066,12.426,5000000000,3707925000
2025-12-12,12:20:19,TFIT05220829,96.206,12.291,5000000000,4979065000
2025-12-12,12:20:19,TFIT05220829,96.209,12.290,5000000000,4979215000
2025-12-12,12:20:19,TFIT05220829,96.211,12.289,5000000000,4979315000
2025-12-12,12:20:19,TFIT05220829,96.212,12.289,5000000000,4979365000
2025-12-12,12:20:19,TFIT05220829,96.220,12.286,15000000000,14939295000
2025-12-12,12:20:22,TFIT05220829,96.223,12.285,5000000000,4979915000
2025-12-12,12:20:25,TFIT16181034,73.087,12.421,5000000000,3708975000
2025-12-12,12:20:26,TFIT16181034,73.133,12.410,1000000000,742255000
2025-12-12,12:20:29,TFIT16300632,76.421,12.451,5000000000,3979270000
2025-12-12,12:20:29,TFIT16300632,76.425,12.450,2000000000,1591788000
2025-12-12,12:20:32,TFIT16180930,84.083,12.340,5000000000,4294390000
2025-12-12,12:20:33,TFIT16300632,76.425,12.450,5000000000,3979470000
2025-12-12,12:20:33,TFIT16300632,76.425,12.450,5000000000,3979470000
2025-12-12,12:20:35,TFIT16300632,76.425,12.450,7000000000,5571258000
2025-12-12,12:20:35,TFIT16300632,76.425,12.450,18000000000,14326092000
2025-12-12,12:20:38,TFIT21280542,77.945,12.440,3000000000,2488884000
2025-12-12,12:20:42,TFIT16180930,84.089,12.338,5000000000,4294690000
2025-12-12,12:20:43,TFIT16281140,99.972,12.750,1500000000,1506915000
2025-12-12,12:20:53,TFIT16300632,76.425,12.450,7000000000,5571258000
2025-12-12,12:21:19,TFIT16181034,73.175,12.400,5000000000,3713375000
2025-12-12,12:21:22,TFIT16280428,88.980,11.525,10000000000,9272790000
2025-12-12,12:21:23,TFIT16280428,88.988,11.520,5000000000,4636795000
2025-12-12,12:23:08,TFIT16180930,84.083,12.340,10000000000,8588780000
2025-12-12,12:23:09,TFIT16180930,84.089,12.338,5000000000,4294690000
2025-12-12,12:26:15,TFIT05220829,96.289,12.261,5000000000,4983215000
2025-12-12,12:26:15,TFIT05220829,96.289,12.261,5000000000,4983215000
2025-12-12,12:26:20,TFIT16180930,84.082,12.340,10000000000,8588680000
2025-12-12,12:28:22,TFIT08031127,91.475,10.960,15000000000,13813410000
2025-12-12,12:28:22,TFIT08031127,91.483,10.955,5000000000,4604870000
2025-12-12,12:28:22,TFIT08031127,91.486,10.953,5000000000,4605020000
2025-12-12,12:28:33,TFIT08031127,91.486,10.953,5000000000,4605020000
2025-12-12,12:28:35,TFIT08031127,91.486,10.953,5000000000,4605020000
2025-12-12,12:34:20,TFIT11240135,94.658,12.760,2500000000,2625595000
2025-12-12,12:36:06,TFIT11240135,94.808,12.730,2000000000,2103476000
2025-12-12,12:36:06,TFIT11240135,94.829,12.726,5000000000,5259740000
2025-12-12,12:36:06,TFIT11240135,94.834,12.725,5000000000,5259990000
2025-12-12,12:36:06,TFIT11240135,94.854,12.721,5000000000,5260990000
2025-12-12,12:36:06,TFIT11240135,94.919,12.708,5000000000,5264240000
2025-12-12,12:36:06,TFIT11240135,94.923,12.707,5000000000,5264440000
2025-12-12,12:36:06,TFIT11240135,94.929,12.706,5000000000,5264740000
2025-12-12,12:36:06,TFIT11240135,94.943,12.703,5000000000,5265440000
2025-12-12,12:36:06,TFIT11240135,94.944,12.703,5000000000,5265490000
2025-12-12,12:36:06,TFIT11240135,94.949,12.702,5000000000,5265740000
2025-12-12,12:36:06,TFIT11240135,94.949,12.702,5000000000,5265740000
2025-12-12,12:36:06,TFIT11240135,94.949,12.702,5000000000,5265740000
2025-12-12,12:36:06,TFIT11240135,94.954,12.701,3000000000,3159594000
2025-12-12,12:36:07,TFIT16281140,100.064,12.736,4500000000,4524885000
2025-12-12,12:36:10,TFIT16181034,73.230,12.387,5000000000,3716125000
2025-12-12,12:36:10,TFIT16181034,73.230,12.387,5000000000,3716125000
2025-12-12,12:36:10,TFIT16181034,73.234,12.386,5000000000,3716325000
2025-12-12,12:36:11,TFIT23250746,90.912,12.742,1000000000,953230000
2025-12-12,12:36:14,TFIT05220829,96.284,12.263,5000000000,4982965000
2025-12-12,12:36:14,TFIT05220829,96.295,12.259,5000000000,4983515000
2025-12-12,12:36:14,TFIT05220829,96.295,12.259,5000000000,4983515000
2025-12-12,12:36:15,TFIT11090233,103.540,12.451,5000000000,5732410000
2025-12-12,12:36:16,TFIT11090233,103.540,12.451,5000000000,5732410000
2025-12-12,12:36:19,TFIT16180930,84.085,12.339,5000000000,4294490000
2025-12-12,12:36:20,TFIT05220829,96.317,12.251,5000000000,4984615000
2025-12-12,12:36:21,TFIT16181034,73.255,12.381,5000000000,3717375000
2025-12-12,12:36:22,TFIT21280542,77.944,12.440,2000000000,1659236000
2025-12-12,12:36:22,TFIT21280542,77.945,12.440,1500000000,1244442000
2025-12-12,12:38:00,TFIT11090233,103.545,12.450,5000000000,5732660000
2025-12-12,12:38:31,TFIT05220829,96.334,12.245,2000000000,1994186000
2025-12-12,12:38:32,TFIT05220829,96.348,12.240,5000000000,4986165000
2025-12-12,12:38:33,TFIT16280428,89.006,11.511,5000000000,4637695000
2025-12-12,12:38:38,TFIT10260331,80.006,12.350,20000000000,17002300000
2025-12-12,12:39:16,TFIT05220829,96.403,12.220,7500000000,7483372500
2025-12-12,12:39:17,TFIT05220829,96.431,12.210,2500000000,2495157500
2025-12-12,12:39:40,TFIT23250746,90.992,12.730,5000000000,4770150000
2025-12-12,12:39:46,TFIT16281140,100.287,12.702,5000000000,5038800000
2025-12-12,12:39:47,TFIT16281140,100.288,12.701,2000000000,2015540000
2025-12-12,12:39:48,TFIT08031127,91.580,10.892,15000000000,13829160000
2025-12-12,12:39:48,TFIT08031127,91.614,10.869,5000000000,4611420000
2025-12-12,12:39:48,TFIT08031127,91.619,10.866,5000000000,4611670000
2025-12-12,12:39:48,TFIT08031127,91.620,10.865,5000000000,4611720000
2025-12-12,12:39:48,TFIT08031127,91.620,10.865,5000000000,4611720000
2025-12-12,12:39:49,TFIT21280542,78.115,12.410,1000000000,831328000
2025-12-12,12:47:11,TFIT34130358,94.946,12.635,1000000000,1039542000
2025-12-12,12:50:17,TFIT16281140,100.260,12.706,5000000000,5037450000
2025-12-12,12:50:17,TFIT16281140,100.267,12.705,10000000000,10075600000
2025-12-12,12:50:40,TFIT34130358,94.895,12.642,2500000000,2597580000
2025-12-12,12:51:22,TFIT16281140,100.299,12.700,5000000000,5039400000
2025-12-12,12:53:56,TFIT08031127,91.568,10.899,5000000000,4609120000
2025-12-12,12:56:16,TFIT08031127,91.626,10.861,15000000000,13836060000
2025-12-12,12:58:18,TFIT11240135,94.914,12.709,5000000000,5263990000
2025-12-12,12:58:23,TFIT08031127,91.568,10.899,5000000000,4609120000
2025-12-12,12:58:29,TFIT08031127,91.567,10.900,15000000000,13827210000
2025-12-12,12:58:30,TFIT05220829,96.239,12.279,2500000000,2490357500
2025-12-12,12:59:58,TFIT11090233,103.493,12.461,5000000000,5730060000
2025-12-12,12:59:58,TFIT11090233,103.498,12.460,5000000000,5730310000
2025-12-15,09:21:25,TFIT34130358,94.399,12.710,1000000000,1035058000
2025-12-15,09:32:14,TFIT05220829,96.264,12.272,5000000000,4986490000
2025-12-15,09:32:20,TFIT05220829,96.264,12.272,5000000000,4986490000
2025-12-15,09:32:20,TFIT05220829,96.261,12.273,5000000000,4986340000
2025-12-15,09:32:20,TFIT05220829,96.261,12.273,5000000000,4986340000
2025-12-15,09:32:26,TFIT05220829,96.258,12.274,5000000000,4986190000
2025-12-15,09:32:27,TFIT05220829,96.255,12.275,10000000000,9972080000
2025-12-15,09:32:27,TFIT05220829,96.255,12.275,5000000000,4986040000
2025-12-15,09:32:57,TFIT05220829,96.247,12.278,5000000000,4985640000
2025-12-15,09:32:57,TFIT05220829,96.247,12.278,5000000000,4985640000
2025-12-15,09:32:57,TFIT05220829,96.244,12.279,5000000000,4985490000
2025-12-15,09:40:14,TFIT05220829,96.162,12.309,5000000000,4981390000
2025-12-15,09:49:00,TFIT05220829,96.163,12.308,7000000000,6974016000
2025-12-15,09:49:00,TFIT05220829,96.162,12.309,5000000000,4981390000
2025-12-15,09:49:00,TFIT05220829,96.161,12.309,50000000000,49813400000
2025-12-15,09:49:00,TFIT05220829,96.161,12.309,50000000000,49813400000
2025-12-15,09:50:48,TFIT11240135,94.770,12.739,1000000000,1052323000
2025-12-15,09:54:54,TFIT05220829,96.103,12.330,5000000000,4978440000
2025-12-15,09:55:57,TFIT05220829,96.103,12.330,45000000000,44805960000
2025-12-15,10:03:24,TFIT10260331,79.732,12.443,5000000000,4239750000
2025-12-15,10:07:26,TFIT16090736,64.463,12.465,1500000000,1007784000
2025-12-15,10:08:39,TFIT08031127,91.458,10.992,5000000000,4605980000
2025-12-15,10:08:39,TFIT08031127,91.458,10.992,5000000000,4605980000
2025-12-15,10:08:39,TFIT08031127,91.457,10.993,10000000000,9211860000
2025-12-15,10:08:39,TFIT08031127,91.451,10.997,15000000000,13816890000
2025-12-15,10:08:39,TFIT08031127,91.448,10.999,10000000000,9210960000
2025-12-15,10:08:39,TFIT08031127,91.446,11.000,10000000000,9210760000
2025-12-15,10:30:48,TFIT05220829,96.106,12.329,5000000000,4978590000
2025-12-15,10:32:21,TFIT34130358,94.180,12.740,5000000000,5164340000
2025-12-15,10:34:41,TFIT11240135,95.061,12.681,10000000000,10552330000
2025-12-15,10:34:41,TFIT11240135,95.062,12.681,5000000000,5276215000
2025-12-15,10:34:41,TFIT11240135,95.067,12.680,5000000000,5276465000
2025-12-15,10:34:41,TFIT11240135,95.067,12.680,5000000000,5276465000
2025-12-15,10:34:41,TFIT11240135,95.096,12.674,5000000000,5277915000
2025-12-15,10:34:47,TFIT11240135,95.106,12.672,5000000000,5278415000
2025-12-15,10:34:47,TFIT11240135,95.107,12.672,5000000000,5278465000
2025-12-15,10:34:47,TFIT11240135,95.107,12.672,5000000000,5278465000
2025-12-15,10:34:47,TFIT11240135,95.112,12.671,20000000000,21114860000
2025-12-15,10:34:47,TFIT11240135,95.118,12.670,5000000000,5279015000
2025-12-15,10:34:47,TFIT11240135,95.133,12.667,5000000000,5279765000
2025-12-15,10:34:47,TFIT11240135,95.168,12.660,5000000000,5281515000
2025-12-15,10:34:48,TFIT16281140,100.478,12.672,5000000000,5053590000
2025-12-15,10:34:48,TFIT16281140,100.482,12.671,10000000000,10107580000
2025-12-15,10:34:48,TFIT16281140,100.485,12.671,5000000000,5053940000
2025-12-15,10:34:48,TFIT16281140,100.485,12.671,5000000000,5053940000
2025-12-15,10:34:51,TFIT11240135,95.269,12.640,5000000000,5286565000
2025-12-15,10:34:53,TFIT05220829,96.233,12.283,3000000000,2990964000
2025-12-15,10:34:54,TFIT16280428,89.039,11.511,5000000000,4641815000
2025-12-15,10:34:58,TFIT05220829,96.233,12.283,2000000000,1993976000
2025-12-15,10:34:58,TFIT05220829,96.237,12.281,3000000000,2991084000
2025-12-15,10:34:59,TFIT05220829,96.237,12.281,2000000000,1994056000
2025-12-15,10:35:02,TFIT23250746,91.258,12.690,5000000000,4788175000
2025-12-15,10:35:02,TFIT23250746,91.292,12.685,5000000000,4789875000
2025-12-15,10:35:02,TFIT23250746,91.304,12.683,5000000000,4790475000
2025-12-15,10:35:02,TFIT23250746,91.305,12.683,5000000000,4790525000
2025-12-15,10:35:02,TFIT23250746,91.385,12.671,5000000000,4794525000
2025-12-15,10:35:23,TFIT16281140,100.525,12.665,5000000000,5055940000
2025-12-15,10:35:35,TFIT16300632,76.625,12.400,5000000000,3992345000
2025-12-15,10:35:43,TFIT11240135,95.421,12.610,5000000000,5294165000
2025-12-15,10:35:43,TFIT05220829,96.291,12.262,5000000000,4987840000
2025-12-15,10:35:58,TFIT23250746,91.446,12.662,1000000000,959515000
2025-12-15,10:36:05,TFIT11240135,95.290,12.636,5000000000,5287615000
2025-12-15,10:37:16,TFIT15260826,98.910,9.080,5000000000,5059540000
2025-12-15,10:38:00,TFIT05220829,96.242,12.280,3000000000,2991234000
2025-12-15,10:38:02,TFIT05220829,96.242,12.280,5000000000,4985390000
2025-12-15,10:38:04,TFIT05220829,96.214,12.290,5000000000,4983990000
2025-12-15,10:38:23,TFIT16180930,84.101,12.340,5000000000,4298475000
2025-12-15,10:38:23,TFIT16180930,84.104,12.339,5000000000,4298625000
2025-12-15,10:38:23,TFIT16180930,84.223,12.300,6000000000,5165490000
2025-12-15,10:38:36,TFIT16180930,84.194,12.310,4000000000,3442500000
2025-12-15,10:41:53,TFIT10260331,79.934,12.380,5000000000,4249850000
2025-12-15,10:41:59,TFIT11240135,95.269,12.640,5000000000,5286565000
2025-12-15,10:42:00,TFIT10260331,79.998,12.360,20000000000,17012200000
2025-12-15,10:48:42,TFIT21280542,78.273,12.383,1000000000,833668000
2025-12-15,10:48:42,TFIT21280542,78.284,12.381,5000000000,4168890000
2025-12-15,10:48:42,TFIT21280542,78.284,12.381,5000000000,4168890000
2025-12-15,10:48:42,TFIT21280542,78.284,12.381,4000000000,3335112000
2025-12-15,10:49:22,TFIT21280542,78.283,12.381,1000000000,833768000
2025-12-15,10:49:24,TFIT21280542,78.283,12.381,1000000000,833768000
2025-12-15,11:06:19,TFIT05220829,96.287,12.263,5000000000,4987640000
2025-12-15,11:06:21,TFIT05220829,96.289,12.263,5000000000,4987740000
2025-12-15,11:06:24,TFIT05220829,96.289,12.263,5000000000,4987740000
2025-12-15,11:10:17,TFIT05220829,96.294,12.261,5000000000,4987990000
2025-12-15,11:10:17,TFIT05220829,96.297,12.260,5000000000,4988140000
2025-12-15,11:10:19,TFIT05220829,96.297,12.260,5000000000,4988140000
2025-12-15,11:10:30,TFIT10260331,79.998,12.360,5000000000,4253050000
2025-12-15,11:10:31,TFIT10260331,79.998,12.360,30000000000,25518300000
2025-12-15,11:10:35,TFIT16180930,84.186,12.312,5000000000,4302725000
2025-12-15,11:10:35,TFIT16180930,84.187,12.312,5000000000,4302775000
2025-12-15,11:13:36,TFIT10260331,79.998,12.360,5000000000,4253050000
2025-12-15,11:14:00,TFIT10260331,79.998,12.360,5000000000,4253050000
2025-12-15,11:14:23,TFIT10260331,79.998,12.360,5000000000,4253050000
2025-12-15,11:15:05,TFIT08031127,91.556,10.928,5000000000,4610880000
2025-12-15,11:15:05,TFIT08031127,91.556,10.928,5000000000,4610880000
2025-12-15,11:15:05,TFIT08031127,91.556,10.928,5000000000,4610880000
2025-12-15,11:15:05,TFIT08031127,91.557,10.927,10000000000,9221860000
2025-12-15,11:15:05,TFIT08031127,91.559,10.926,10000000000,9222060000
2025-12-15,11:15:05,TFIT08031127,91.563,10.923,5000000000,4611230000
2025-12-15,11:15:05,TFIT08031127,91.568,10.920,15000000000,13834440000
2025-12-15,11:15:11,TFIT16180930,84.224,12.300,5000000000,4304625000
2025-12-15,11:15:13,TFIT10260331,79.998,12.360,5000000000,4253050000
2025-12-15,11:15:14,TFIT16280428,89.073,11.492,5000000000,4643515000
2025-12-15,11:15:22,TFIT23250746,91.526,12.650,10000000000,9603150000
2025-12-15,11:24:53,TFIT11240135,95.320,12.630,1000000000,1057823000
2025-12-15,11:24:56,TFIT11240135,95.168,12.660,5000000000,5281515000
2025-12-15,11:24:56,TFIT11240135,95.168,12.660,5000000000,5281515000
2025-12-15,11:24:59,TFIT11240135,95.320,12.630,5000000000,5289115000
2025-12-15,11:25:01,TFIT11240135,95.334,12.627,10000000000,10579630000
2025-12-15,11:25:01,TFIT11240135,95.345,12.625,5000000000,5290365000
2025-12-15,11:25:01,TFIT11240135,95.380,12.618,5000000000,5292115000
2025-12-15,11:25:01,TFIT11240135,95.381,12.618,5000000000,5292165000
2025-12-15,11:25:01,TFIT11240135,95.381,12.618,5000000000,5292165000
2025-12-15,11:25:43,TFIT21280542,78.289,12.380,5000000000,4169140000
2025-12-15,11:31:50,TFIT21280542,78.404,12.360,1000000000,834978000
2025-12-15,11:35:21,TFIT23250746,91.611,12.637,5000000000,4805825000
2025-12-15,11:35:26,TFIT23250746,91.613,12.637,5000000000,4805925000
2025-12-15,11:35:26,TFIT23250746,91.614,12.637,5500000000,5286572500
2025-12-15,11:35:26,TFIT23250746,91.654,12.631,5000000000,4807975000
2025-12-15,11:35:26,TFIT23250746,91.661,12.630,4000000000,3846660000
2025-12-15,11:35:27,TFIT23250746,91.661,12.630,1000000000,961665000
2025-12-15,11:35:27,TFIT23250746,91.676,12.627,4000000000,3847260000
2025-12-15,11:41:56,TFIT16280428,89.028,11.517,5000000000,4641265000
2025-12-15,11:41:56,TFIT16280428,89.028,11.517,5000000000,4641265000
2025-12-15,11:41:56,TFIT16280428,89.026,11.518,5000000000,4641165000
2025-12-15,11:41:56,TFIT16280428,89.024,11.519,5000000000,4641065000
2025-12-15,11:41:56,TFIT16280428,89.024,11.519,5000000000,4641065000
2025-12-15,11:41:56,TFIT16280428,89.024,11.519,10000000000,9282130000
2025-12-15,11:41:56,TFIT16280428,89.022,11.520,5000000000,4640965000
2025-12-15,11:41:56,TFIT16280428,89.017,11.523,5000000000,4640715000
2025-12-15,11:41:56,TFIT16280428,89.013,11.525,5000000000,4640515000
2025-12-15,11:41:56,TFIT16280428,89.013,11.525,5000000000,4640515000
2025-12-15,11:41:56,TFIT16280428,89.004,11.530,5000000000,4640065000
2025-12-15,11:41:57,TFIT05220829,96.311,12.255,5000000000,4988840000
2025-12-15,11:41:57,TFIT05220829,96.300,12.259,5000000000,4988290000
2025-12-15,11:41:57,TFIT05220829,96.297,12.260,5000000000,4988140000
2025-12-15,11:41:57,TFIT05220829,96.283,12.265,5000000000,4987440000
2025-12-15,11:41:57,TFIT05220829,96.269,12.270,5000000000,4986740000
2025-12-15,11:41:57,TFIT05220829,96.264,12.272,5000000000,4986490000
2025-12-15,11:41:57,TFIT05220829,96.264,12.272,5000000000,4986490000
2025-12-15,11:41:57,TFIT05220829,96.261,12.273,5000000000,4986340000
2025-12-15,11:41:57,TFIT16300632,76.625,12.400,10000000000,7984690000
2025-12-15,11:41:57,TFIT16300632,76.625,12.400,5000000000,3992345000
2025-12-15,11:41:58,TFIT16180930,84.166,12.319,5000000000,4301725000
2025-12-15,11:41:58,TFIT16180930,84.163,12.320,5000000000,4301575000
2025-12-15,11:41:58,TFIT16180930,84.163,12.320,5000000000,4301575000
2025-12-15,11:41:58,TFIT16180930,84.157,12.322,5000000000,4301275000
2025-12-15,11:41:58,TFIT16180930,84.135,12.329,5000000000,4300175000
2025-12-15,11:41:58,TFIT16180930,84.126,12.332,15000000000,12899175000
2025-12-15,11:42:00,TFIT16180930,84.117,12.335,5000000000,4299275000
2025-12-15,11:42:02,TFIT05220829,96.258,12.274,5000000000,4986190000
2025-12-15,11:42:08,TFIT16280428,89.004,11.530,5000000000,4640065000
2025-12-15,11:42:12,TFIT16280428,89.004,11.530,15000000000,13920195000
2025-12-15,11:42:26,TFIT08031127,91.507,10.960,40000000000,36867440000
2025-12-15,11:42:28,TFIT08031127,91.507,10.960,5000000000,4608430000
2025-12-15,11:42:30,TFIT08031127,91.507,10.960,5000000000,4608430000
2025-12-15,11:42:32,TFIT05220829,96.246,12.278,5000000000,4985590000
2025-12-15,11:50:00,TFIT16280428,88.986,11.540,5000000000,4639165000
2025-12-15,11:53:01,TFIT08031127,91.454,10.995,6000000000,5526936000
2025-12-15,11:55:18,TFIT05220829,96.217,12.289,5000000000,4984140000
2025-12-15,11:55:18,TFIT05220829,96.217,12.289,5000000000,4984140000
2025-12-15,11:55:18,TFIT05220829,96.214,12.290,5000000000,4983990000
2025-12-15,11:55:18,TFIT05220829,96.192,12.298,5000000000,4982890000
2025-12-15,11:55:18,TFIT05220829,96.161,12.309,50000000000,49813400000
2025-12-15,11:55:18,TFIT05220829,96.161,12.309,5000000000,4981340000
2025-12-15,11:55:22,TFIT16180930,84.040,12.360,5000000000,4295425000
2025-12-15,11:55:22,TFIT16180930,84.040,12.360,5000000000,4295425000
2025-12-15,11:56:00,TFIT16280428,88.968,11.550,5000000000,4638265000
2025-12-15,12:01:36,TFIT10260331,79.870,12.400,25500000000,21657915000
2025-12-15,12:04:18,TFIT16180930,84.101,12.340,5000000000,4298475000
2025-12-15,12:05:43,TFIT16180930,84.040,12.360,5000000000,4295425000
2025-12-15,12:07:51,TFIT16181034,73.591,12.304,1000000000,747431000
2025-12-15,12:08:39,TFIT10260331,79.870,12.400,5000000000,4246650000
2025-12-15,12:08:50,TFIT10260331,79.870,12.400,5000000000,4246650000
2025-12-15,12:08:53,TFIT16180930,84.040,12.360,5000000000,4295425000
2025-12-15,12:09:10,TFIT05220829,96.186,12.300,5000000000,4982590000
2025-12-15,12:09:10,TFIT05220829,96.175,12.304,2500000000,2491020000
2025-12-15,12:09:10,TFIT05220829,96.164,12.308,5000000000,4981490000
2025-12-15,12:09:10,TFIT05220829,96.161,12.309,45000000000,44832060000
2025-12-15,12:23:15,TFIT23250746,91.198,12.699,5000000000,4785175000
2025-12-15,12:23:16,TFIT23250746,91.192,12.700,10000000000,9569750000
2025-12-15,12:23:21,TFIT16281140,100.360,12.690,6500000000,6561997000
2025-12-15,12:23:23,TFIT16281140,100.360,12.690,5000000000,5047690000
2025-12-15,12:23:24,TFIT16281140,100.360,12.690,6000000000,6057228000
2025-12-15,12:23:29,TFIT16281140,100.360,12.690,7500000000,7571535000
2025-12-15,12:23:46,TFIT16181034,73.271,12.380,5000000000,3721155000
2025-12-15,12:23:46,TFIT16181034,73.182,12.401,1000000000,743341000
2025-12-15,12:23:55,TFIT11240135,95.178,12.658,5000000000,5282015000
2025-12-15,12:24:12,TFIT23250746,91.192,12.700,5000000000,4784875000
2025-12-15,12:31:31,TFIT16280428,88.893,11.591,5000000000,4634515000
2025-12-15,12:31:31,TFIT16280428,88.890,11.593,5000000000,4634365000
2025-12-15,12:31:31,TFIT16280428,88.888,11.594,20000000000,18537060000
2025-12-15,12:31:31,TFIT16280428,88.886,11.595,5000000000,4634165000
2025-12-15,12:31:31,TFIT16280428,88.884,11.596,10000000000,9268130000
2025-12-15,12:31:31,TFIT11240135,95.244,12.645,10000000000,10570630000
2025-12-15,12:31:36,TFIT16281140,100.327,12.695,15000000000,15138120000
2025-12-15,12:31:38,TFIT11240135,95.133,12.667,5000000000,5279765000
2025-12-15,12:31:38,TFIT11240135,95.128,12.668,5000000000,5279515000
2025-12-15,12:31:43,TFIT05220829,96.109,12.328,1000000000,995748000
2025-12-15,12:31:43,TFIT05220829,96.104,12.330,5000000000,4978490000
2025-12-15,12:31:43,TFIT05220829,96.078,12.339,4000000000,3981752000
2025-12-15,12:31:44,TFIT11240135,95.119,12.669,5000000000,5279065000
2025-12-15,12:31:44,TFIT11240135,95.118,12.670,5000000000,5279015000
2025-12-15,12:31:45,TFIT11090233,103.537,12.452,5000000000,5737705000
2025-12-15,12:34:53,TFIT05220829,96.131,12.320,2000000000,1991936000
2025-12-15,12:44:45,TFIT16280428,88.877,11.600,50000000000,46337150000
2025-12-15,12:45:05,TFIT05220829,96.104,12.330,10000000000,9956980000
2025-12-15,12:45:05,TFIT05220829,96.103,12.330,10000000000,9956880000
2025-12-15,12:50:25,TFIT05220829,96.103,12.330,10000000000,9956880000
2025-12-15,12:50:25,TFIT05220829,96.103,12.330,10000000000,9956880000
2025-12-15,12:51:40,TFIT16300632,76.444,12.450,5000000000,3983295000
2025-12-15,12:51:54,TFIT16090736,64.569,12.440,1500000000,1009374000
2025-12-15,12:51:54,TFIT16090736,64.552,12.444,3000000000,2018238000
2025-12-15,12:51:54,TFIT16090736,64.506,12.455,5000000000,3361430000
2025-12-15,12:51:54,TFIT16090736,64.485,12.460,5000000000,3360380000
2025-12-15,12:51:54,TFIT31261050,60.595,12.418,5000000000,3079410000
2025-12-15,12:51:55,TFIT34130358,94.432,12.705,1000000000,1035388000
2025-12-15,12:51:55,TFIT34130358,94.430,12.705,5000000000,5176840000
2025-12-15,12:52:03,TFIT10260331,79.806,12.420,5000000000,4243450000
2025-12-15,12:52:06,TFIT23250746,91.104,12.713,5000000000,4780475000
2025-12-15,12:52:12,TFIT16280428,88.877,11.600,10000000000,9267430000
2025-12-15,12:52:13,TFIT16280428,88.877,11.600,15000000000,13901145000
2025-12-15,12:52:25,TFIT31261050,60.594,12.419,5000000000,3079360000
2025-12-15,12:52:34,TFIT23250746,90.779,12.762,2000000000,1905690000
2025-12-15,12:55:48,TFIT08031127,91.446,11.000,5000000000,4605380000
2025-12-15,12:55:56,TFIT08031127,91.446,11.000,45000000000,41448420000
2025-12-15,12:56:03,TFIT31261050,60.554,12.427,1000000000,615472000
2025-12-15,12:56:45,TFIT11090233,103.312,12.500,5000000000,5726455000
2025-12-15,12:58:46,TFIT16281140,100.360,12.690,5000000000,5047690000
2025-12-15,12:59:03,TFIT16181034,73.144,12.410,5000000000,3714805000
2025-12-15,12:59:12,TFIT11240135,95.168,12.660,5000000000,5281515000
2025-12-15,12:59:14,TFIT11240135,95.168,12.660,5000000000,5281515000
2025-12-15,12:59:48,TFIT31261050,60.737,12.390,5000000000,3086510000
2025-12-15,12:59:56,TFIT10260331,79.924,12.383,5000000000,4249350000
2025-12-15,12:59:56,TFIT10260331,79.931,12.381,5000000000,4249700000
2025-12-15,12:59:56,TFIT10260331,79.934,12.380,10000000000,8499700000
2025-12-16,08:31:30,TFIT11240135,95.267,12.641,4000000000,4230460000
2025-12-16,08:57:34,TFIT11240135,95.095,12.675,5000000000,5279475000
2025-12-16,08:57:34,TFIT11240135,95.115,12.671,5000000000,5280475000
2025-12-16,08:57:34,TFIT11240135,95.119,12.670,5000000000,5280675000
2025-12-16,08:57:34,TFIT11240135,95.145,12.665,5000000000,5281975000
2025-12-16,08:57:34,TFIT11240135,95.145,12.665,5000000000,5281975000
2025-12-16,09:03:34,TFIT23250746,91.299,12.684,5000000000,4791800000
2025-12-16,09:03:59,TFIT31261050,60.828,12.372,5000000000,3092050000
2025-12-16,09:03:59,TFIT31261050,60.828,12.372,5000000000,3092050000
2025-12-16,09:03:59,TFIT31261050,60.828,12.372,5000000000,3092050000
2025-12-16,09:11:03,TFIT05220829,96.050,12.350,5000000000,4977295000
2025-12-16,09:15:37,TFIT15260826,98.957,9.012,5000000000,5062920000
2025-12-16,09:15:37,TFIT15260826,98.957,9.012,5000000000,5062920000
2025-12-16,09:15:37,TFIT15260826,98.958,9.011,4000000000,4050376000
2025-12-16,09:19:26,TFIT05220829,96.050,12.350,5000000000,4977295000
2025-12-16,09:27:34,TFIT16280428,88.803,11.647,5000000000,4630835000
2025-12-16,09:27:35,TFIT16280428,88.802,11.648,5000000000,4630785000
2025-12-16,09:27:36,TFIT16280428,88.799,11.649,5000000000,4630635000
2025-12-16,09:35:25,TFIT31261050,60.689,12.400,5000000000,3085100000
2025-12-16,09:35:38,TFIT16090736,64.540,12.448,5000000000,3363985000
2025-12-16,09:35:45,TFIT23250746,90.958,12.735,1000000000,954950000
2025-12-16,09:35:49,TFIT11240135,95.024,12.689,2000000000,2110370000
2025-12-16,09:35:49,TFIT11240135,95.024,12.689,2000000000,2110370000
2025-12-16,09:35:49,TFIT11240135,94.984,12.697,5000000000,5273925000
2025-12-16,09:35:49,TFIT11240135,94.984,12.697,5000000000,5273925000
2025-12-16,09:35:49,TFIT11240135,94.984,12.697,5000000000,5273925000
2025-12-16,09:35:49,TFIT11240135,94.979,12.698,10000000000,10547350000
2025-12-16,09:35:49,TFIT11240135,94.979,12.698,5000000000,5273675000
2025-12-16,09:35:49,TFIT11240135,94.975,12.698,5000000000,5273475000
2025-12-16,09:35:53,TFIT34130358,94.203,12.737,1000000000,1033427000
2025-12-16,09:35:57,TFIT16180930,83.927,12.399,5000000000,4290835000
2025-12-16,09:36:13,TFIT23250746,90.925,12.740,4000000000,3818480000
2025-12-16,09:36:17,TFIT11240135,94.954,12.703,1000000000,1054485000
2025-12-16,09:36:50,TFIT11240135,94.954,12.703,4000000000,4217940000
2025-12-16,09:36:50,TFIT11240135,94.948,12.704,6000000000,6326550000
2025-12-16,09:37:18,TFIT11240135,94.948,12.704,4000000000,4217700000
2025-12-16,09:37:18,TFIT11240135,94.924,12.709,1000000000,1054185000
2025-12-16,09:47:20,TFIT23250746,90.858,12.750,1000000000,953950000
2025-12-16,09:47:31,TFIT16281140,99.964,12.750,7500000000,7544460000
2025-12-16,09:47:31,TFIT16281140,99.919,12.756,2500000000,2513695000
2025-12-16,09:54:47,TFIT08031127,91.385,11.047,5000000000,4603120000
2025-12-16,09:55:01,TFIT08031127,91.382,11.049,5000000000,4602970000
2025-12-16,09:55:01,TFIT08031127,91.381,11.050,5000000000,4602920000
2025-12-16,09:59:26,TFIT31261050,60.656,12.406,5000000000,3083450000
2025-12-16,09:59:27,TFIT31261050,60.689,12.400,5000000000,3085100000
2025-12-16,09:59:28,TFIT11240135,94.973,12.699,10000000000,10546750000
2025-12-16,09:59:28,TFIT11240135,94.979,12.698,5000000000,5273675000
2025-12-16,09:59:28,TFIT11240135,95.044,12.685,5000000000,5276925000
2025-12-16,09:59:28,TFIT11240135,95.064,12.681,10000000000,10555850000
2025-12-16,09:59:28,TFIT11240135,95.070,12.680,5000000000,5278225000
2025-12-16,09:59:28,TFIT11240135,95.070,12.680,5000000000,5278225000
2025-12-16,09:59:29,TFIT34130358,94.539,12.691,5000000000,5183935000
2025-12-16,09:59:31,TFIT16281140,100.087,12.731,10000000000,10071580000
2025-12-16,09:59:31,TFIT16281140,100.088,12.731,5000000000,5035840000
2025-12-16,09:59:31,TFIT16281140,100.095,12.730,5000000000,5036190000
2025-12-16,09:59:31,TFIT16281140,100.115,12.727,5000000000,5037190000
2025-12-16,09:59:31,TFIT16281140,100.115,12.727,5000000000,5037190000
2025-12-16,09:59:31,TFIT16281140,100.121,12.726,5000000000,5037490000
2025-12-16,09:59:31,TFIT16281140,100.121,12.726,5000000000,5037490000
2025-12-16,09:59:31,TFIT23250746,91.031,12.724,5000000000,4778400000
2025-12-16,09:59:31,TFIT23250746,91.031,12.724,5000000000,4778400000
2025-12-16,09:59:32,TFIT16281140,100.121,12.726,5000000000,5037490000
2025-12-16,09:59:32,TFIT16281140,100.128,12.725,5000000000,5037840000
2025-12-16,09:59:32,TFIT16281140,100.128,12.725,5000000000,5037840000
2025-12-16,09:59:36,TFIT11240135,95.120,12.670,5000000000,5280725000
2025-12-16,09:59:39,TFIT11240135,95.145,12.665,5000000000,5281975000
2025-12-16,09:59:49,TFIT16281140,100.226,12.710,2000000000,2017096000
2025-12-16,10:00:01,TFIT23250746,91.051,12.721,10000000000,9558800000
2025-12-16,10:00:03,TFIT16281140,100.292,12.700,3000000000,3027624000
2025-12-16,10:00:48,TFIT23250746,91.071,12.718,10000000000,9560800000
2025-12-16,10:03:29,TFIT05220829,96.146,12.315,1000000000,996419000
2025-12-16,10:03:50,TFIT16280428,88.851,11.621,1000000000,926647000
2025-12-16,10:07:31,TFIT16281140,100.358,12.690,1000000000,1009868000
2025-12-16,10:20:19,TFIT31261050,60.733,12.391,5000000000,3087300000
2025-12-16,10:20:19,TFIT31261050,60.738,12.390,5000000000,3087550000
2025-12-16,10:20:19,TFIT31261050,60.788,12.380,5000000000,3090050000
2025-12-16,10:20:48,TFIT16280428,88.829,11.633,5000000000,4632135000
2025-12-16,10:20:48,TFIT16280428,88.843,11.625,5000000000,4632835000
2025-12-16,10:20:48,TFIT16280428,88.845,11.624,5000000000,4632935000
2025-12-16,10:20:48,TFIT16280428,88.849,11.622,1000000000,926627000
2025-12-16,10:20:48,TFIT16280428,88.851,11.621,5000000000,4633235000
2025-12-16,10:20:48,TFIT16280428,88.851,11.621,5000000000,4633235000
2025-12-16,10:20:48,TFIT16280428,88.852,11.620,5000000000,4633285000
2025-12-16,10:20:48,TFIT16280428,88.863,11.614,25000000000,23169175000
2025-12-16,10:20:48,TFIT16280428,88.863,11.614,5000000000,4633835000
2025-12-16,10:20:48,TFIT16280428,88.865,11.613,5000000000,4633935000
2025-12-16,10:20:48,TFIT16280428,88.865,11.613,5000000000,4633935000
2025-12-16,10:20:48,TFIT16280428,88.871,11.610,1500000000,1390270500
2025-12-16,10:20:53,TFIT11090233,103.541,12.451,5000000000,5739720000
2025-12-16,10:20:54,TFIT05220829,96.130,12.321,1000000000,996259000
2025-12-16,10:20:54,TFIT05220829,96.144,12.316,4000000000,3985596000
2025-12-16,10:20:55,TFIT05220829,96.144,12.316,1000000000,996399000
2025-12-16,10:20:55,TFIT05220829,96.152,12.313,9000000000,8968311000
2025-12-16,10:20:55,TFIT16280428,88.871,11.610,5000000000,4634235000
2025-12-16,10:20:57,TFIT16090736,64.786,12.390,5000000000,3376285000
2025-12-16,10:20:57,TFIT16281140,100.384,12.686,5000000000,5050640000
2025-12-16,10:20:58,TFIT05220829,96.160,12.310,5000000000,4982795000
2025-12-16,10:21:00,TFIT05220829,96.160,12.310,5000000000,4982795000
2025-12-16,10:21:11,TFIT16280428,88.871,11.610,5000000000,4634235000
2025-12-16,10:21:18,TFIT16280428,88.871,11.610,5000000000,4634235000
2025-12-16,10:21:24,TFIT16280428,88.871,11.610,5000000000,4634235000
2025-12-16,10:23:12,TFIT05220829,96.166,12.308,5000000000,4983095000
2025-12-16,10:23:12,TFIT05220829,96.182,12.302,5000000000,4983895000
2025-12-16,10:23:12,TFIT05220829,96.185,12.301,15000000000,14952135000
2025-12-16,10:23:26,TFIT11240135,95.171,12.660,5000000000,5283275000
2025-12-16,10:23:48,TFIT23250746,91.258,12.690,5000000000,4789750000
2025-12-16,10:23:48,TFIT23250746,91.271,12.688,5000000000,4790400000
2025-12-16,10:23:48,TFIT23250746,91.278,12.687,5000000000,4790750000
2025-12-16,10:23:48,TFIT23250746,91.278,12.687,5000000000,4790750000
2025-12-16,10:23:48,TFIT23250746,91.278,12.687,5000000000,4790750000
2025-12-16,10:23:48,TFIT23250746,91.285,12.686,5000000000,4791100000
2025-12-16,10:23:48,TFIT23250746,91.292,12.685,5000000000,4791450000
2025-12-16,10:23:50,TFIT10260331,79.941,12.380,10000000000,8502320000
2025-12-16,10:23:52,TFIT23250746,91.339,12.678,5000000000,4793800000
2025-12-16,10:23:52,TFIT23250746,91.352,12.676,2000000000,1917780000
2025-12-16,10:23:53,TFIT05220829,96.249,12.278,2000000000,1994898000
2025-12-16,10:24:05,TFIT11240135,95.222,12.650,5000000000,5285825000
2025-12-16,10:25:57,TFIT16181034,73.191,12.400,1000000000,743629000
2025-12-16,10:36:35,TFIT31261050,60.838,12.370,1000000000,618510000
2025-12-16,10:43:31,TFIT11240135,95.226,12.649,5000000000,5286025000
2025-12-16,10:43:31,TFIT11240135,95.231,12.648,4000000000,4229020000
2025-12-16,10:51:38,TFIT31261050,60.803,12.377,5000000000,3090800000
2025-12-16,10:51:38,TFIT31261050,60.793,12.379,5000000000,3090300000
2025-12-16,10:51:38,TFIT31261050,60.793,12.379,5000000000,3090300000
2025-12-16,10:51:43,TFIT16180930,83.988,12.379,5000000000,4293885000
2025-12-16,10:51:43,TFIT16180930,83.988,12.379,5000000000,4293885000
2025-12-16,10:51:45,TFIT31261050,60.788,12.380,2000000000,1236020000
2025-12-16,10:51:45,TFIT31261050,60.753,12.387,5000000000,3088300000
2025-12-16,10:51:45,TFIT31261050,60.749,12.387,5000000000,3088100000
2025-12-16,10:51:45,TFIT31261050,60.748,12.388,5000000000,3088050000
2025-12-16,10:51:52,TFIT23250746,91.158,12.705,5000000000,4784750000
2025-12-16,10:51:52,TFIT23250746,91.118,12.711,5000000000,4782750000
2025-12-16,10:51:52,TFIT23250746,91.111,12.712,5000000000,4782400000
2025-12-16,10:51:52,TFIT05220829,96.105,12.330,3000000000,2988027000
2025-12-16,10:51:55,TFIT31261050,60.748,12.388,5000000000,3088050000
2025-12-16,10:51:55,TFIT11240135,95.064,12.681,5000000000,5277925000
2025-12-16,10:51:56,TFIT11240135,95.054,12.683,5000000000,5277425000
2025-12-16,10:52:00,TFIT23250746,91.099,12.713,5000000000,4781800000
2025-12-16,10:52:00,TFIT23250746,91.079,12.716,5000000000,4780800000
2025-12-16,10:52:00,TFIT23250746,91.071,12.718,5000000000,4780400000
2025-12-16,10:52:02,TFIT11240135,95.054,12.683,5000000000,5277425000
2025-12-16,10:52:06,TFIT05220829,96.088,12.336,5000000000,4979195000
2025-12-16,10:52:15,TFIT05220829,96.077,12.340,1000000000,995729000
2025-12-16,10:52:15,TFIT05220829,96.075,12.341,4000000000,3982836000
2025-12-16,10:52:19,TFIT23250746,91.058,12.720,5000000000,4779750000
2025-12-16,11:03:49,TFIT16280428,88.847,11.623,5000000000,4633035000
2025-12-16,11:03:50,TFIT16280428,88.845,11.624,5000000000,4632935000
2025-12-16,11:03:59,TFIT34130358,94.399,12.710,5000000000,5176935000
2025-12-16,11:03:59,TFIT34130358,94.326,12.720,5000000000,5173285000
2025-12-16,11:03:59,TFIT34130358,94.326,12.720,3000000000,3103971000
2025-12-16,11:04:01,TFIT34130358,94.326,12.720,2000000000,2069314000
2025-12-16,11:04:01,TFIT34130358,94.290,12.725,3000000000,3102891000
2025-12-16,11:04:02,TFIT16180930,83.960,12.388,20000000000,17169940000
2025-12-16,11:04:03,TFIT11240135,95.039,12.686,5000000000,5276675000
2025-12-16,11:04:03,TFIT11240135,95.039,12.686,5000000000,5276675000
2025-12-16,11:04:04,TFIT16180930,83.957,12.389,5000000000,4292335000
2025-12-16,11:04:04,TFIT31261050,60.703,12.397,5000000000,3085800000
2025-12-16,11:04:04,TFIT31261050,60.703,12.397,5000000000,3085800000
2025-12-16,11:04:04,TFIT31261050,60.699,12.398,5000000000,3085600000
2025-12-16,11:04:04,TFIT31261050,60.699,12.398,5000000000,3085600000
2025-12-16,11:04:05,TFIT16181034,73.048,12.434,5000000000,3710995000
2025-12-16,11:04:05,TFIT16181034,73.047,12.434,5000000000,3710945000
2025-12-16,11:04:08,TFIT31261050,60.699,12.398,5000000000,3085600000
2025-12-16,11:04:08,TFIT31261050,60.694,12.399,3500000000,2159745000
2025-12-16,11:04:14,TFIT31261050,60.694,12.399,1500000000,925605000
2025-12-16,11:04:14,TFIT31261050,60.689,12.400,3500000000,2159570000
2025-12-16,11:04:17,TFIT21280542,77.780,12.470,5000000000,4144960000
2025-12-16,11:04:19,TFIT34130358,94.290,12.725,2000000000,2068594000
2025-12-16,11:04:20,TFIT11090233,103.296,12.503,5000000000,5727470000
2025-12-16,11:04:21,TFIT11090233,103.296,12.503,5000000000,5727470000
2025-12-16,11:04:21,TFIT31261050,60.689,12.400,1500000000,925530000
2025-12-16,11:04:27,TFIT10260331,79.832,12.414,5000000000,4245710000
2025-12-16,11:04:29,TFIT10260331,79.830,12.415,5000000000,4245610000
2025-12-16,11:08:37,TFIT31261050,60.639,12.410,5000000000,3082600000
2025-12-16,11:09:32,TFIT31261050,60.614,12.415,2000000000,1232540000
2025-12-16,11:16:03,TFIT16280428,88.825,11.635,5000000000,4631935000
2025-12-16,11:16:03,TFIT16280428,88.823,11.636,5000000000,4631835000
2025-12-16,11:16:03,TFIT16280428,88.823,11.636,5000000000,4631835000
2025-12-16,11:16:03,TFIT16280428,88.823,11.636,5000000000,4631835000
2025-12-16,11:16:03,TFIT16280428,88.823,11.636,25000000000,23159175000
2025-12-16,11:16:03,TFIT16280428,88.823,11.636,20000000000,18527340000
2025-12-16,11:16:03,TFIT16280428,88.822,11.637,15000000000,13895355000
2025-12-16,11:16:03,TFIT16280428,88.807,11.645,5000000000,4631035000
2025-12-16,11:16:03,TFIT16280428,88.805,11.646,5000000000,4630935000
2025-12-16,11:16:12,TFIT16280428,88.780,11.660,5000000000,4629685000
2025-12-16,11:16:17,TFIT16180930,83.923,12.400,5000000000,4290635000
2025-12-16,11:16:17,TFIT16180930,83.923,12.400,5000000000,4290635000
2025-12-16,11:16:31,TFIT16090736,64.705,12.409,5000000000,3372235000
2025-12-16,11:16:32,TFIT34130358,94.268,12.728,5000000000,5170385000
2025-12-16,11:16:36,TFIT08031127,91.369,11.058,1000000000,920464000
2025-12-16,11:16:51,TFIT31261050,60.500,12.438,5000000000,3075650000
2025-12-16,11:16:51,TFIT31261050,60.496,12.439,5000000000,3075450000
2025-12-16,11:17:12,TFIT05220829,96.053,12.349,5000000000,4977445000
2025-12-16,11:17:12,TFIT05220829,96.050,12.350,5000000000,4977295000
2025-12-16,11:17:34,TFIT08031127,91.361,11.063,5000000000,4601920000
2025-12-16,11:17:34,TFIT08031127,91.361,11.063,5000000000,4601920000
2025-12-16,11:17:34,TFIT08031127,91.360,11.064,25000000000,23009350000
2025-12-16,11:17:34,TFIT08031127,91.360,11.064,25000000000,23009350000
2025-12-16,11:17:34,TFIT08031127,91.360,11.064,25000000000,23009350000
2025-12-16,11:17:34,TFIT08031127,91.360,11.064,5000000000,4601870000
2025-12-16,11:17:34,TFIT08031127,91.360,11.064,5000000000,4601870000
2025-12-16,11:17:34,TFIT08031127,91.355,11.067,5000000000,4601620000
2025-12-16,11:17:37,TFIT08031127,91.352,11.069,5000000000,4601470000
2025-12-16,11:18:09,TFIT16090736,64.680,12.415,5000000000,3370985000
2025-12-16,11:18:09,TFIT16090736,64.663,12.419,5000000000,3370135000
2025-12-16,11:21:36,TFIT16280428,88.780,11.660,5000000000,4629685000
2025-12-16,11:22:33,TFIT16280428,88.780,11.660,5000000000,4629685000
2025-12-16,11:31:40,TFIT16280428,88.798,11.650,1000000000,926117000
2025-12-16,11:33:16,TFIT16090736,64.807,12.385,5000000000,3377335000
2025-12-16,11:33:25,TFIT31261050,60.674,12.403,3500000000,2159045000
2025-12-16,11:33:25,TFIT31261050,60.689,12.400,10000000000,6170200000
2025-12-16,11:33:34,TFIT31261050,60.738,12.390,5000000000,3087550000
2025-12-16,11:33:34,TFIT31261050,60.738,12.390,5000000000,3087550000
2025-12-16,11:33:36,TFIT31261050,60.738,12.390,5000000000,3087550000
2025-12-16,11:33:42,TFIT23250746,91.085,12.716,1000000000,956220000
2025-12-16,11:33:42,TFIT23250746,91.090,12.715,5000000000,4781350000
2025-12-16,11:33:42,TFIT23250746,91.091,12.715,5000000000,4781400000
2025-12-16,11:33:53,TFIT16280428,88.816,11.640,5000000000,4631485000
2025-12-16,11:33:53,TFIT16280428,88.822,11.637,30000000000,27790710000
2025-12-16,11:34:05,TFIT16280428,88.822,11.637,5000000000,4631785000
2025-12-16,11:34:22,TFIT23250746,91.091,12.715,1000000000,956280000
2025-12-16,11:34:31,TFIT23250746,91.131,12.709,5000000000,4783400000
2025-12-16,11:37:27,TFIT23250746,91.011,12.727,5000000000,4777400000
2025-12-16,11:37:27,TFIT23250746,91.011,12.727,5000000000,4777400000
2025-12-16,11:37:27,TFIT23250746,91.005,12.728,5000000000,4777100000
2025-12-16,11:37:27,TFIT23250746,90.998,12.729,5000000000,4776750000
2025-12-16,11:37:30,TFIT23250746,90.932,12.739,5000000000,4773450000
2025-12-16,11:37:33,TFIT23250746,90.925,12.740,10000000000,9546200000
2025-12-16,11:38:56,TFIT23250746,90.893,12.744,5000000000,4771500000
2025-12-16,11:39:03,TFIT16090736,64.709,12.408,5000000000,3372435000
2025-12-16,11:39:03,TFIT16090736,64.701,12.410,5000000000,3372035000
2025-12-16,11:39:03,TFIT16090736,64.680,12.415,5000000000,3370985000
2025-12-16,11:39:03,TFIT16090736,64.680,12.415,5000000000,3370985000
2025-12-16,11:40:32,TFIT16280428,88.780,11.660,5000000000,4629685000
2025-12-16,11:40:35,TFIT23250746,90.958,12.735,1000000000,954950000
2025-12-16,11:40:36,TFIT11240135,95.004,12.693,5000000000,5274925000
2025-12-16,11:40:36,TFIT11240135,94.994,12.695,5000000000,5274425000
2025-12-16,11:40:36,TFIT11240135,94.984,12.697,5000000000,5273925000
2025-12-16,11:40:36,TFIT11240135,94.979,12.698,5000000000,5273675000
2025-12-16,11:40:36,TFIT11240135,94.970,12.699,5000000000,5273225000
2025-12-16,11:40:36,TFIT11240135,94.969,12.700,6000000000,6327810000
2025-12-16,11:40:36,TFIT11240135,94.969,12.700,9000000000,9491715000
2025-12-16,11:40:40,TFIT11240135,94.969,12.700,5000000000,5273175000
2025-12-16,11:40:51,TFIT21280542,77.723,12.480,1000000000,828422000
2025-12-16,11:40:55,TFIT16281140,99.997,12.745,10000000000,10062580000
2025-12-16,11:40:55,TFIT11240135,94.943,12.705,5000000000,5271875000
2025-12-16,11:41:05,TFIT34130358,94.253,12.730,5000000000,5169635000
2025-12-16,11:41:19,TFIT11240135,94.943,12.705,5000000000,5271875000
2025-12-16,11:44:47,TFIT31261050,60.446,12.449,5000000000,3072950000
2025-12-16,11:44:47,TFIT31261050,60.446,12.449,5000000000,3072950000
2025-12-16,11:44:47,TFIT31261050,60.446,12.449,5000000000,3072950000
2025-12-16,11:44:47,TFIT31261050,60.441,12.450,5000000000,3072700000
2025-12-16,11:44:47,TFIT31261050,60.441,12.450,5000000000,3072700000
2025-12-16,11:44:47,TFIT31261050,60.441,12.450,5000000000,3072700000
2025-12-16,11:44:47,TFIT31261050,60.407,12.457,5000000000,3071000000
2025-12-16,11:44:47,TFIT31261050,60.407,12.457,5000000000,3071000000
2025-12-16,11:44:52,TFIT11090233,103.290,12.505,5000000000,5727170000
2025-12-16,11:44:55,TFIT11090233,103.248,12.514,5000000000,5725070000
2025-12-16,11:44:55,TFIT23250746,90.892,12.745,25000000000,23857250000
2025-12-16,11:44:55,TFIT23250746,90.885,12.746,3000000000,2862660000
2025-12-16,11:44:55,TFIT34130358,94.144,12.745,5000000000,5164185000
2025-12-16,11:44:56,TFIT23250746,90.885,12.746,5000000000,4771100000
2025-12-16,11:44:56,TFIT11240135,94.833,12.727,1000000000,1053275000
2025-12-16,11:44:57,TFIT23250746,90.885,12.746,5000000000,4771100000
2025-12-16,11:44:59,TFIT23250746,90.885,12.746,5000000000,4771100000
2025-12-16,11:45:17,TFIT05220829,96.050,12.350,5000000000,4977295000
2025-12-16,11:45:26,TFIT31261050,60.392,12.460,1000000000,614050000
2025-12-16,11:45:44,TFIT16090736,64.658,12.420,5000000000,3369885000
2025-12-16,11:47:47,TFIT34130358,93.933,12.774,1000000000,1030727000
2025-12-16,11:47:55,TFIT31261050,60.392,12.460,4000000000,2456200000
2025-12-16,11:47:59,TFIT34130358,93.897,12.779,5000000000,5151835000
2025-12-16,11:50:32,TFIT08031127,91.352,11.069,1000000000,920294000
2025-12-16,11:51:12,TFIT10260331,79.743,12.442,5000000000,4241260000
2025-12-16,11:54:26,TFIT23250746,90.858,12.750,10000000000,9539500000
2025-12-16,11:59:02,TFIT31261050,60.441,12.450,3000000000,1843620000
2025-12-16,12:01:21,TFIT16280428,88.744,11.680,1500000000,1388365500
2025-12-16,12:03:04,TFIT11090233,103.253,12.513,5000000000,5725320000
2025-12-16,12:03:07,TFIT11090233,103.226,12.518,5000000000,5723970000
2025-12-16,12:03:14,TFIT11090233,103.225,12.519,5000000000,5723920000
2025-12-16,12:03:18,TFIT11090233,103.225,12.519,5000000000,5723920000
2025-12-16,12:03:25,TFIT11090233,103.229,12.518,5000000000,5724120000
2025-12-16,12:03:28,TFIT11090233,103.225,12.519,5000000000,5723920000
2025-12-16,12:16:34,TFIT23250746,90.944,12.737,5000000000,4774050000
2025-12-16,12:16:34,TFIT23250746,90.945,12.737,5000000000,4774100000
2025-12-16,12:16:34,TFIT23250746,90.952,12.736,5000000000,4774450000
2025-12-16,12:16:34,TFIT23250746,90.952,12.736,5000000000,4774450000
2025-12-16,12:16:34,TFIT23250746,90.958,12.735,5000000000,4774750000
2025-12-16,12:16:34,TFIT23250746,90.958,12.735,5000000000,4774750000
2025-12-16,12:16:34,TFIT23250746,90.958,12.735,5000000000,4774750000
2025-12-16,12:16:34,TFIT23250746,90.965,12.734,5000000000,4775100000
2025-12-16,12:16:34,TFIT23250746,90.971,12.733,5000000000,4775400000
2025-12-16,12:16:34,TFIT23250746,90.978,12.732,5000000000,4775750000
2025-12-16,12:16:34,TFIT23250746,90.978,12.732,5000000000,4775750000
2025-12-16,12:16:34,TFIT23250746,90.978,12.732,5000000000,4775750000
2025-12-16,12:16:34,TFIT23250746,90.985,12.731,5000000000,4776100000
2025-12-16,12:16:34,TFIT23250746,90.985,12.731,10000000000,9552200000
2025-12-16,12:16:34,TFIT23250746,90.985,12.731,5000000000,4776100000
2025-12-16,12:16:34,TFIT23250746,90.988,12.730,5000000000,4776250000
2025-12-16,12:16:37,TFIT16281140,100.102,12.729,5000000000,5036540000
2025-12-16,12:16:38,TFIT16281140,100.108,12.728,5000000000,5036840000
2025-12-16,12:16:38,TFIT16281140,100.115,12.727,5000000000,5037190000
2025-12-16,12:16:39,TFIT16281140,100.101,12.729,10000000000,10072980000
2025-12-16,12:16:39,TFIT16281140,100.120,12.726,5000000000,5037440000
2025-12-16,12:16:40,TFIT05220829,96.130,12.321,3000000000,2988777000
2025-12-16,12:16:40,TFIT11240135,94.969,12.700,5000000000,5273175000
2025-12-16,12:16:40,TFIT11240135,94.994,12.695,5000000000,5274425000
2025-12-16,12:16:40,TFIT11240135,94.994,12.695,10000000000,10548850000
2025-12-16,12:16:41,TFIT11090233,103.281,12.507,10000000000,11453440000
2025-12-16,12:16:42,TFIT23250746,91.125,12.710,5000000000,4783100000
2025-12-16,12:16:44,TFIT10260331,79.845,12.410,20000000000,16985440000
2025-12-16,12:16:45,TFIT05220829,96.130,12.321,2000000000,1992518000
2025-12-16,12:16:48,TFIT16281140,100.126,12.725,5000000000,5037740000
2025-12-16,12:16:48,TFIT11240135,94.994,12.695,4000000000,4219540000
2025-12-16,12:16:48,TFIT11240135,95.053,12.683,1000000000,1055475000
2025-12-16,12:16:52,TFIT16281140,100.126,12.725,5000000000,5037740000
2025-12-16,12:16:55,TFIT23250746,91.125,12.710,5000000000,4783100000
2025-12-16,12:17:13,TFIT05220829,96.137,12.318,5000000000,4981645000
2025-12-16,12:17:21,TFIT11090233,103.379,12.486,5000000000,5731620000
2025-12-16,12:17:23,TFIT16281140,100.167,12.719,5000000000,5039790000
2025-12-16,12:17:23,TFIT16281140,100.167,12.719,5000000000,5039790000
2025-12-16,12:17:33,TFIT16181034,73.246,12.387,5000000000,3720895000
2025-12-16,12:17:36,TFIT11240135,94.969,12.700,5000000000,5273175000
2025-12-16,12:17:47,TFIT23250746,91.058,12.720,5000000000,4779750000
2025-12-16,12:17:52,TFIT23250746,91.158,12.705,1000000000,956950000
2025-12-16,12:17:53,TFIT23250746,91.178,12.702,5000000000,4785750000
2025-12-16,12:17:57,TFIT11240135,94.999,12.694,5000000000,5274675000
2025-12-16,12:18:01,TFIT11240135,95.067,12.680,1000000000,1055615000
2025-12-16,12:18:02,TFIT11240135,95.067,12.680,1000000000,1055615000
2025-12-16,12:18:44,TFIT11240135,95.019,12.690,2000000000,2110270000
2025-12-16,12:19:00,TFIT10260331,79.845,12.410,6500000000,5520268000
2025-12-16,12:19:04,TFIT11240135,95.019,12.690,5000000000,5275675000
2025-12-16,12:19:33,TFIT16281140,100.167,12.719,5000000000,5039790000
2025-12-16,12:21:44,TFIT08031127,91.351,11.070,5000000000,4601420000
2025-12-16,12:21:46,TFIT08031127,91.345,11.074,5000000000,4601120000
2025-12-16,12:21:50,TFIT08031127,91.334,11.081,5000000000,4600570000
2025-12-16,12:23:22,TFIT08031127,91.328,11.085,5000000000,4600270000
2025-12-16,12:23:23,TFIT08031127,91.328,11.085,5000000000,4600270000
2025-12-16,12:25:02,TFIT11090233,103.267,12.510,5000000000,5726020000
2025-12-16,12:25:02,TFIT11090233,103.243,12.515,10000000000,11449640000
2025-12-16,12:26:30,TFIT16180930,83.780,12.447,5500000000,4711833500
2025-12-16,12:26:30,TFIT16180930,83.755,12.455,10000000000,8564470000
2025-12-16,12:26:33,TFIT10260331,79.743,12.442,5000000000,4241260000
2025-12-16,12:26:33,TFIT10260331,79.739,12.443,5000000000,4241060000
2025-12-16,12:26:38,TFIT10260331,79.730,12.446,5000000000,4240610000
2025-12-16,12:26:39,TFIT10260331,79.720,12.449,5000000000,4240110000
2025-12-16,12:26:43,TFIT11090233,103.178,12.529,3500000000,4005099000
2025-12-16,12:26:44,TFIT10260331,79.714,12.451,1000000000,847962000
2025-12-16,12:26:46,TFIT34130358,93.904,12.778,5000000000,5152185000
2025-12-16,12:26:47,TFIT11090233,103.178,12.529,1500000000,1716471000
2025-12-16,12:26:47,TFIT11090233,103.173,12.530,3500000000,4004924000
2025-12-16,12:26:47,TFIT10260331,79.714,12.451,7000000000,5935734000
2025-12-16,12:26:51,TFIT10260331,79.708,12.453,1000000000,847902000
2025-12-16,12:27:02,TFIT16281140,100.003,12.744,5000000000,5031590000
2025-12-16,12:27:03,TFIT16281140,99.971,12.749,25000000000,25149950000
2025-12-16,12:27:08,TFIT16090736,64.701,12.410,2000000000,1348814000
2025-12-16,12:27:20,TFIT08031127,91.351,11.070,5000000000,4601420000
2025-12-16,12:28:01,TFIT08031127,91.351,11.070,5000000000,4601420000
2025-12-16,12:29:03,TFIT08031127,91.366,11.060,15000000000,13806510000
2025-12-16,12:33:17,TFIT08031127,91.366,11.060,5000000000,4602170000
2025-12-16,12:40:30,TFIT11240135,95.019,12.690,8500000000,8968647500
2025-12-16,12:41:53,TFIT11240135,95.019,12.690,6000000000,6330810000
2025-12-16,12:45:02,TFIT08031127,91.336,11.080,10000000000,9201340000
2025-12-16,12:47:23,TFIT16280428,88.789,11.655,5000000000,4630135000
2025-12-16,12:47:23,TFIT16280428,88.791,11.654,5000000000,4630235000
2025-12-16,12:47:23,TFIT16280428,88.793,11.653,5000000000,4630335000
2025-12-16,12:47:23,TFIT16280428,88.793,11.653,20000000000,18521340000
2025-12-16,12:47:23,TFIT05220829,96.124,12.323,5000000000,4980995000
2025-12-16,12:47:23,TFIT05220829,96.129,12.321,5000000000,4981245000
2025-12-16,12:47:29,TFIT05220829,96.129,12.321,5000000000,4981245000
2025-12-16,12:47:37,TFIT11240135,95.019,12.690,5500000000,5803242500
2025-12-16,12:47:41,TFIT16180930,83.920,12.401,5000000000,4290485000
2025-12-16,12:54:40,TFIT23250746,90.925,12.740,5000000000,4773100000
2025-12-16,12:54:41,TFIT23250746,90.925,12.740,5000000000,4773100000
2025-12-16,12:54:41,TFIT23250746,90.839,12.753,5000000000,4768800000
2025-12-16,12:54:44,TFIT23250746,90.832,12.754,5000000000,4768450000
2025-12-16,12:56:29,TFIT16181034,73.149,12.410,2000000000,1486418000
2025-12-16,12:57:09,TFIT16300632,76.263,12.502,1000000000,795041000
2025-12-16,12:57:24,TFIT05220829,95.967,12.380,5000000000,4973145000
2025-12-16,12:57:56,TFIT23250746,90.792,12.760,5000000000,4766450000
2025-12-16,12:58:13,TFIT16181034,73.065,12.430,1000000000,742369000
2025-12-16,12:59:19,TFIT16181034,73.149,12.410,1000000000,743209000
2025-12-16,12:59:20,TFIT16181034,73.149,12.410,1000000000,743209000
2025-12-17,08:49:50,TFIT11240135,94.484,12.797,5000000000,5250535000
2025-12-17,08:50:14,TFIT16090736,64.325,12.500,5000000000,3354090000
2025-12-17,08:50:21,TFIT31261050,59.855,12.570,5000000000,3044395000
2025-12-17,08:50:26,TFIT31261050,59.806,12.580,5000000000,3041945000
2025-12-17,08:53:56,TFIT05220829,95.667,12.490,5000000000,4959650000
2025-12-17,08:54:09,TFIT16090736,64.325,12.500,5000000000,3354090000
2025-12-17,08:54:12,TFIT34130358,93.259,12.867,5000000000,5121580000
2025-12-17,09:10:54,TFIT05220829,95.723,12.469,5000000000,4962450000
2025-12-17,09:19:36,TFIT31261050,60.015,12.537,5000000000,3052395000
2025-12-17,09:19:36,TFIT31261050,60.025,12.535,5000000000,3052895000
2025-12-17,09:19:36,TFIT31261050,60.025,12.535,5000000000,3052895000
2025-12-17,09:20:41,TFIT31261050,60.029,12.534,5000000000,3053095000
2025-12-17,09:35:55,TFIT11240135,94.429,12.808,5000000000,5247785000
2025-12-17,09:35:55,TFIT11240135,94.424,12.809,5000000000,5247535000
2025-12-17,09:35:56,TFIT11240135,94.419,12.810,5000000000,5247285000
2025-12-17,09:35:56,TFIT11240135,94.414,12.811,5000000000,5247035000
2025-12-17,09:35:56,TFIT11240135,94.370,12.819,5000000000,5244835000
2025-12-17,09:35:56,TFIT11240135,94.369,12.820,5000000000,5244785000
2025-12-17,09:35:56,TFIT11240135,94.369,12.820,5000000000,5244785000
2025-12-17,09:35:56,TFIT11240135,94.359,12.822,10000000000,10488570000
2025-12-17,09:35:56,TFIT11240135,94.354,12.823,5000000000,5244035000
2025-12-17,09:35:56,TFIT11240135,94.349,12.824,5000000000,5243785000
2025-12-17,09:35:56,TFIT11240135,94.344,12.825,5000000000,5243535000
2025-12-17,09:35:56,TFIT11240135,94.344,12.825,5000000000,5243535000
2025-12-17,09:35:56,TFIT11240135,94.344,12.825,5000000000,5243535000
2025-12-17,09:35:58,TFIT05220829,95.724,12.469,5000000000,4962500000
2025-12-17,09:35:58,TFIT05220829,95.722,12.470,70000000000,69473600000
2025-12-17,09:36:01,TFIT05220829,95.722,12.470,5000000000,4962400000
2025-12-17,09:36:06,TFIT31261050,59.811,12.579,5000000000,3042195000
2025-12-17,09:36:06,TFIT31261050,59.811,12.579,5000000000,3042195000
2025-12-17,09:36:07,TFIT23250746,90.073,12.869,5000000000,4732075000
2025-12-17,09:36:07,TFIT16181034,72.631,12.535,1000000000,738228000
2025-12-17,09:36:07,TFIT16181034,72.361,12.600,4000000000,2942112000
2025-12-17,09:36:15,TFIT34130358,93.123,12.887,1000000000,1022956000
2025-12-17,09:36:15,TFIT34130358,93.122,12.887,5000000000,5114730000
2025-12-17,09:36:15,TFIT34130358,93.037,12.899,4000000000,4088384000
2025-12-17,09:36:17,TFIT34130358,93.037,12.899,6000000000,6132576000
2025-12-17,09:36:17,TFIT34130358,93.037,12.899,4000000000,4088384000
2025-12-17,09:36:24,TFIT21280542,76.998,12.610,5000000000,4107125000
2025-12-17,09:36:25,TFIT21280542,76.970,12.615,5000000000,4105725000
2025-12-17,09:36:26,TFIT21280542,76.953,12.618,5000000000,4104875000
2025-12-17,09:36:29,TFIT16281140,98.995,12.899,5000000000,4982935000
2025-12-17,09:36:33,TFIT16090736,64.350,12.494,5000000000,3355340000
2025-12-17,09:37:16,TFIT21280542,76.885,12.630,5000000000,4101475000
2025-12-17,09:37:21,TFIT23250746,89.943,12.889,5000000000,4725575000
2025-12-17,09:37:26,TFIT11240135,94.217,12.850,5000000000,5237185000
2025-12-17,09:40:55,TFIT05220829,95.672,12.488,5000000000,4959900000
2025-12-17,09:40:55,TFIT05220829,95.667,12.490,5000000000,4959650000
2025-12-17,09:40:55,TFIT05220829,95.664,12.491,5000000000,4959500000
2025-12-17,09:40:55,TFIT05220829,95.664,12.491,5000000000,4959500000
2025-12-17,09:42:37,TFIT05220829,95.664,12.491,1000000000,991900000
2025-12-17,10:11:56,TFIT16090736,64.532,12.451,5000000000,3364440000
2025-12-17,10:12:16,TFIT11240135,94.314,12.831,5000000000,5242035000
2025-12-17,10:12:16,TFIT11240135,94.314,12.831,5000000000,5242035000
2025-12-17,10:12:16,TFIT11240135,94.314,12.831,5000000000,5242035000
2025-12-17,10:12:16,TFIT11240135,94.319,12.830,5000000000,5242285000
2025-12-17,11:06:52,TFIT05220829,95.673,12.487,30000000000,29759700000
2025-12-17,11:06:52,TFIT05220829,95.668,12.489,5000000000,4959700000
2025-12-17,11:06:52,TFIT05220829,95.667,12.490,35000000000,34717550000
2025-12-17,11:07:00,TFIT16090736,64.409,12.480,5000000000,3358290000
2025-12-17,11:08:26,TFIT11240135,94.329,12.828,2000000000,2097114000
2025-12-17,11:20:03,TFIT23250746,90.198,12.850,5000000000,4738325000
2025-12-17,11:20:03,TFIT11090233,102.673,12.638,2000000000,2279254000
2025-12-17,11:22:57,TFIT16280428,88.675,11.724,1000000000,925051000
2025-12-17,11:23:59,TFIT16180930,83.405,12.572,1000000000,853160000
2025-12-17,11:24:00,TFIT16280428,88.670,11.727,1000000000,925001000
2025-12-17,11:24:00,TFIT16280428,88.672,11.726,1000000000,925021000
2025-12-17,11:24:00,TFIT16280428,88.672,11.726,1000000000,925021000
2025-12-17,11:24:19,TFIT16180930,83.502,12.540,1000000000,854130000
2025-12-17,11:26:21,TFIT16090736,64.409,12.480,5000000000,3358290000
2025-12-17,11:30:38,TFIT10260331,79.283,12.589,5000000000,4219220000
2025-12-17,11:32:55,TFIT23250746,90.113,12.863,5000000000,4734075000
2025-12-17,11:34:35,TFIT08031127,91.286,11.120,5000000000,4598960000
2025-12-17,11:35:24,TFIT05220829,95.667,12.490,5000000000,4959650000
2025-12-17,11:35:28,TFIT08031127,91.286,11.120,20000000000,18395840000
2025-12-17,11:36:48,TFIT05220829,95.667,12.490,5000000000,4959650000
2025-12-17,11:36:52,TFIT05220829,95.667,12.490,5000000000,4959650000
2025-12-17,11:36:56,TFIT16090736,64.409,12.480,5000000000,3358290000
2025-12-17,11:37:12,TFIT16280428,88.655,11.736,1000000000,924851000
2025-12-17,11:37:21,TFIT16180930,83.405,12.572,2000000000,1706320000
2025-12-17,11:40:10,TFIT11090233,102.691,12.634,13000000000,14817491000
2025-12-17,11:40:10,TFIT11090233,102.687,12.635,5000000000,5698835000
2025-12-17,11:40:10,TFIT11090233,102.664,12.640,5000000000,5697685000
2025-12-17,11:40:10,TFIT11090233,102.664,12.640,5000000000,5697685000
2025-12-17,11:40:10,TFIT11090233,102.664,12.640,5000000000,5697685000
2025-12-17,11:40:10,TFIT11090233,102.664,12.640,5000000000,5697685000
2025-12-17,11:40:10,TFIT11090233,102.663,12.640,5000000000,5697635000
2025-12-17,11:40:10,TFIT11090233,102.663,12.640,5000000000,5697635000
2025-12-17,11:40:10,TFIT11090233,102.659,12.641,10000000000,11394870000
2025-12-17,11:40:10,TFIT11090233,102.654,12.642,1000000000,1139437000
2025-12-17,11:40:11,TFIT05220829,95.667,12.490,5000000000,4959650000
2025-12-17,11:40:15,TFIT16090736,64.409,12.480,5000000000,3358290000
2025-12-17,11:40:21,TFIT11090233,102.654,12.642,1000000000,1139437000
2025-12-17,11:40:28,TFIT11090233,102.654,12.642,3000000000,3418311000
2025-12-17,11:40:32,TFIT11090233,102.654,12.642,5000000000,5697185000
2025-12-17,11:40:40,TFIT16181034,72.369,12.598,10000000000,7356080000
2025-12-17,11:40:41,TFIT16181034,72.365,12.599,2000000000,1471136000
2025-12-17,11:40:45,TFIT11090233,102.654,12.642,4000000000,4557748000
2025-12-17,11:41:01,TFIT05220829,95.646,12.497,5000000000,4958600000
2025-12-17,11:41:07,TFIT16090736,64.334,12.498,5000000000,3354540000
2025-12-17,11:45:28,TFIT11090233,102.663,12.640,5000000000,5697635000
2025-12-17,11:45:29,TFIT11240135,94.319,12.830,10000000000,10484570000
2025-12-17,11:55:25,TFIT11240135,94.294,12.835,4000000000,4192828000
2025-12-17,11:55:27,TFIT11240135,94.294,12.835,1000000000,1048207000
2025-12-17,12:05:15,TFIT05220829,95.612,12.510,1000000000,991380000
2025-12-17,12:07:19,TFIT05220829,95.612,12.510,5000000000,4956900000
2025-12-17,12:07:25,TFIT11240135,94.294,12.835,5000000000,5241035000
2025-12-17,12:09:10,TFIT11240135,94.294,12.835,5000000000,5241035000
2025-12-17,12:09:14,TFIT23250746,90.067,12.870,5000000000,4731775000
2025-12-17,12:09:15,TFIT11090233,102.640,12.645,3000000000,3417891000
2025-12-17,12:09:35,TFIT05220829,95.582,12.521,5000000000,4955400000
2025-12-17,12:09:35,TFIT05220829,95.579,12.522,5000000000,4955250000
2025-12-17,12:10:36,TFIT11240135,94.274,12.839,1000000000,1048007000
2025-12-17,12:11:15,TFIT11090233,102.628,12.647,5000000000,5695885000
2025-12-17,12:12:29,TFIT08031127,91.241,11.150,5000000000,4596710000
2025-12-17,12:12:30,TFIT08031127,91.238,11.152,5000000000,4596560000
2025-12-17,12:13:06,TFIT11240135,94.160,12.862,2000000000,2093734000
2025-12-17,12:17:28,TFIT11090233,102.612,12.651,5000000000,5695085000
2025-12-17,12:17:28,TFIT11090233,102.608,12.652,5000000000,5694885000
2025-12-17,12:17:28,TFIT11090233,102.603,12.653,5000000000,5694635000
2025-12-17,12:26:43,TFIT23250746,90.198,12.850,5000000000,4738325000
2025-12-17,12:26:46,TFIT23250746,90.231,12.845,5000000000,4739975000
2025-12-17,12:26:49,TFIT31261050,60.049,12.530,5000000000,3054095000
2025-12-17,12:26:53,TFIT11090233,102.700,12.632,5000000000,5699485000
2025-12-17,12:26:53,TFIT11090233,102.700,12.632,5000000000,5699485000
2025-12-17,12:26:59,TFIT34130358,93.523,12.831,5000000000,5134780000
2025-12-17,12:27:05,TFIT05220829,95.664,12.491,2000000000,1983800000
2025-12-17,12:41:59,TFIT05220829,95.584,12.520,5000000000,4955500000
2025-12-17,12:41:59,TFIT05220829,95.579,12.522,5000000000,4955250000
2025-12-17,12:41:59,TFIT05220829,95.579,12.522,5000000000,4955250000
2025-12-17,12:41:59,TFIT05220829,95.565,12.527,1000000000,990910000
2025-12-17,12:41:59,TFIT05220829,95.565,12.527,5000000000,4954550000
2025-12-17,12:41:59,TFIT05220829,95.564,12.527,10000000000,9909000000
2025-12-17,12:41:59,TFIT05220829,95.563,12.528,5000000000,4954450000
2025-12-17,12:42:11,TFIT05220829,95.505,12.549,10000000000,9903100000
2025-12-17,12:42:27,TFIT16281140,98.931,12.909,5000000000,4979735000
2025-12-17,12:42:33,TFIT16280428,88.511,11.815,11000000000,10157521000
2025-12-17,12:42:33,TFIT16280428,88.508,11.817,2000000000,1846762000
2025-12-17,12:42:33,TFIT16280428,88.503,11.820,5000000000,4616655000
2025-12-17,12:42:33,TFIT16280428,88.502,11.820,3000000000,2769963000
2025-12-17,12:42:42,TFIT16280428,88.468,11.839,5000000000,4614905000
2025-12-17,12:43:06,TFIT10260331,79.280,12.590,3000000000,2531442000
2025-12-17,12:43:28,TFIT23250746,90.080,12.868,5000000000,4732425000
2025-12-17,12:43:35,TFIT05220829,95.530,12.540,5000000000,4952800000
2025-12-17,12:45:03,TFIT21280542,76.998,12.610,2500000000,2053562500
2025-12-17,12:45:03,TFIT21280542,76.989,12.611,2500000000,2053337500
2025-12-17,12:45:38,TFIT21280542,76.998,12.610,5000000000,4107125000
2025-12-17,12:45:39,TFIT16090736,64.325,12.500,5000000000,3354090000
2025-12-17,12:45:39,TFIT16090736,64.258,12.516,1500000000,1005222000
2025-12-17,12:50:06,TFIT16300632,75.829,12.625,5000000000,3954465000
2025-12-17,12:50:32,TFIT21280542,76.990,12.611,1000000000,821345000
2025-12-17,12:50:32,TFIT21280542,76.990,12.611,2000000000,1642690000
2025-12-17,12:50:32,TFIT21280542,76.989,12.611,2500000000,2053337500
2025-12-17,12:50:32,TFIT21280542,76.953,12.618,5000000000,4104875000
2025-12-17,12:50:32,TFIT21280542,76.948,12.619,5000000000,4104625000
2025-12-17,12:50:32,TFIT21280542,76.944,12.619,5000000000,4104425000
2025-12-17,12:50:32,TFIT21280542,76.937,12.621,4500000000,3693667500
2025-12-17,12:50:35,TFIT31261050,59.903,12.560,5000000000,3046795000
2025-12-17,12:50:35,TFIT31261050,59.879,12.565,5000000000,3045595000
2025-12-17,12:50:36,TFIT31261050,59.879,12.565,5000000000,3045595000
2025-12-17,12:50:36,TFIT31261050,59.874,12.566,5000000000,3045345000
2025-12-17,12:50:36,TFIT31261050,59.865,12.568,5000000000,3044895000
2025-12-17,12:50:36,TFIT31261050,59.860,12.569,5000000000,3044645000
2025-12-17,12:50:38,TFIT31261050,59.860,12.569,5000000000,3044645000
2025-12-17,12:50:38,TFIT31261050,59.860,12.569,5000000000,3044645000
2025-12-17,12:50:40,TFIT31261050,59.840,12.573,5000000000,3043645000
2025-12-17,12:50:48,TFIT10260331,79.264,12.595,1000000000,843654000
2025-12-17,12:50:52,TFIT16281140,98.931,12.909,2000000000,1991894000
2025-12-17,12:50:57,TFIT05220829,95.505,12.549,1000000000,990310000
2025-12-17,12:50:57,TFIT05220829,95.502,12.550,4000000000,3961120000
2025-12-17,12:50:59,TFIT16181034,72.365,12.599,7500000000,5516760000
2025-12-17,12:51:02,TFIT16181034,72.303,12.614,10000000000,7349480000
2025-12-17,12:51:03,TFIT16181034,72.299,12.615,7500000000,5511810000
2025-12-17,12:51:37,TFIT31261050,59.840,12.573,5000000000,3043645000
2025-12-17,12:53:34,TFIT10260331,79.280,12.590,1000000000,843814000
2025-12-17,12:55:24,TFIT16090736,64.405,12.481,5000000000,3358090000
2025-12-17,12:56:37,TFIT16090736,64.397,12.483,5000000000,3357690000
2025-12-17,12:56:37,TFIT16090736,64.401,12.482,5000000000,3357890000
2025-12-17,12:57:08,TFIT10260331,79.264,12.595,5000000000,4218270000
2025-12-17,12:57:08,TFIT10260331,79.264,12.595,5000000000,4218270000
2025-12-17,12:57:08,TFIT10260331,79.264,12.595,5000000000,4218270000
2025-12-17,12:57:08,TFIT10260331,79.264,12.595,5000000000,4218270000
2025-12-17,12:57:09,TFIT16180930,83.320,12.600,2000000000,1704620000
2025-12-17,12:57:22,TFIT16300632,75.782,12.638,10000000000,7904230000
2025-12-17,12:57:24,TFIT11090233,102.552,12.664,5000000000,5692085000
2025-12-17,12:57:24,TFIT11090233,102.548,12.665,3000000000,3415131000
2025-12-17,12:57:25,TFIT16180930,83.168,12.650,5000000000,4253950000
2025-12-17,12:57:26,TFIT34130358,93.037,12.899,5000000000,5110480000
2025-12-17,12:57:34,TFIT11240135,94.125,12.869,5000000000,5232585000
2025-12-17,12:59:10,TFIT11090233,102.548,12.665,2000000000,2276754000
2025-12-17,12:59:32,TFIT31261050,59.806,12.580,5000000000,3041945000
2025-12-17,12:59:32,TFIT31261050,59.787,12.584,5000000000,3040995000
2025-12-18,08:39:51,TFIT16280428,88.463,11.849,5000000000,4615480000
2025-12-18,08:39:51,TFIT16280428,88.462,11.849,5000000000,4615430000
2025-12-18,08:39:51,TFIT16280428,88.460,11.850,5000000000,4615330000
2025-12-18,08:40:04,TFIT16280428,88.460,11.850,5000000000,4615330000
2025-12-18,08:40:06,TFIT16280428,88.460,11.850,5000000000,4615330000
2025-12-18,08:40:08,TFIT16280428,88.460,11.850,5000000000,4615330000
2025-12-18,08:40:46,TFIT16280428,88.460,11.850,5000000000,4615330000
2025-12-18,08:40:46,TFIT16280428,88.460,11.850,5000000000,4615330000
2025-12-18,08:40:46,TFIT16280428,88.460,11.850,5000000000,4615330000
2025-12-18,08:40:46,TFIT16280428,88.460,11.850,5000000000,4615330000
2025-12-18,08:42:43,TFIT16280428,88.460,11.850,5000000000,4615330000
2025-12-18,08:42:43,TFIT16280428,88.460,11.850,5000000000,4615330000
2025-12-18,08:42:43,TFIT16280428,88.460,11.850,5000000000,4615330000
2025-12-18,08:42:43,TFIT16280428,88.460,11.850,5000000000,4615330000
2025-12-18,08:42:46,TFIT16280428,88.460,11.850,10000000000,9230660000
2025-12-18,08:42:47,TFIT05220829,95.525,12.542,5000000000,4954060000
2025-12-18,08:42:47,TFIT05220829,95.523,12.543,5000000000,4953960000
2025-12-18,08:42:47,TFIT05220829,95.520,12.544,5000000000,4953810000
2025-12-18,08:42:47,TFIT05220829,95.520,12.544,5000000000,4953810000
2025-12-18,08:42:47,TFIT05220829,95.520,12.544,5000000000,4953810000
2025-12-18,08:42:47,TFIT05220829,95.517,12.545,5000000000,4953660000
2025-12-18,08:42:47,TFIT05220829,95.506,12.549,5000000000,4953110000
2025-12-18,08:42:55,TFIT05220829,95.503,12.550,1000000000,990592000
2025-12-18,08:42:56,TFIT16280428,88.425,11.870,3000000000,2768148000
2025-12-18,08:43:04,TFIT16280428,88.392,11.888,5000000000,4611930000
2025-12-18,08:43:04,TFIT16280428,88.390,11.889,10000000000,9223660000
2025-12-18,08:43:06,TFIT08031127,91.198,11.186,5000000000,4595345000
2025-12-18,08:43:06,TFIT08031127,91.196,11.187,5000000000,4595245000
2025-12-18,08:43:06,TFIT08031127,91.192,11.190,1000000000,919009000
2025-12-18,08:48:17,TFIT16280428,88.371,11.900,2000000000,1844352000
2025-12-18,08:51:16,TFIT21280542,76.618,12.679,1000000000,817879000
2025-12-18,08:53:22,TFIT16280428,88.371,11.900,1000000000,922176000
2025-12-18,08:58:33,TFIT05220829,95.495,12.553,1000000000,990512000
2025-12-18,09:03:53,TFIT16180930,83.086,12.679,5000000000,4250910000
2025-12-18,09:12:43,TFIT16280428,88.335,11.920,1000000000,921816000
2025-12-18,09:14:34,TFIT16180930,83.083,12.680,1000000000,850152000
2025-12-18,09:17:22,TFIT16181034,72.286,12.619,1000000000,734976000
2025-12-18,09:18:20,TFIT23250746,89.918,12.892,10000000000,9451800000
2025-12-18,09:18:20,TFIT23250746,89.911,12.894,10000000000,9451100000
2025-12-18,09:18:20,TFIT23250746,89.911,12.894,5000000000,4725550000
2025-12-18,09:18:20,TFIT23250746,89.911,12.894,5000000000,4725550000
2025-12-18,09:18:20,TFIT23250746,89.897,12.896,5000000000,4724850000
2025-12-18,09:18:20,TFIT23250746,89.897,12.896,5000000000,4724850000
2025-12-18,09:18:20,TFIT23250746,89.892,12.896,5000000000,4724600000
2025-12-18,09:18:20,TFIT23250746,89.891,12.897,5000000000,4724550000
2025-12-18,09:18:20,TFIT23250746,89.884,12.898,2000000000,1889680000
2025-12-18,09:18:20,TFIT23250746,89.871,12.900,5000000000,4723550000
2025-12-18,09:18:20,TFIT23250746,89.871,12.900,5000000000,4723550000
2025-12-18,09:18:20,TFIT23250746,89.858,12.902,5000000000,4722900000
2025-12-18,09:18:20,TFIT23250746,89.858,12.902,8000000000,7556640000
2025-12-18,09:18:20,TFIT11240135,94.227,12.849,5000000000,5239295000
2025-12-18,09:18:20,TFIT11240135,94.227,12.849,5000000000,5239295000
2025-12-18,09:18:20,TFIT11240135,94.227,12.849,5000000000,5239295000
2025-12-18,09:18:20,TFIT11240135,94.172,12.860,5000000000,5236545000
2025-12-18,09:18:20,TFIT11240135,94.152,12.864,5000000000,5235545000
2025-12-18,09:18:24,TFIT16280428,88.335,11.920,35000000000,32263560000
2025-12-18,09:18:25,TFIT11090233,102.443,12.688,5000000000,5688450000
2025-12-18,09:18:25,TFIT11090233,102.443,12.688,5000000000,5688450000
2025-12-18,09:18:26,TFIT05220829,95.367,12.600,5000000000,4946160000
2025-12-18,09:18:27,TFIT31261050,59.763,12.589,5000000000,3040785000
2025-12-18,09:18:27,TFIT31261050,59.753,12.591,1000000000,608057000
2025-12-18,09:18:28,TFIT16281140,98.736,12.939,5000000000,4971730000
2025-12-18,09:18:28,TFIT16281140,98.731,12.939,8000000000,7954368000
2025-12-18,09:18:29,TFIT34130358,93.216,12.874,5000000000,5121075000
2025-12-18,09:18:29,TFIT34130358,93.216,12.874,5000000000,5121075000
2025-12-18,09:18:31,TFIT16090736,64.250,12.519,5000000000,3351200000
2025-12-18,09:18:34,TFIT16180930,83.026,12.699,5000000000,4247910000
2025-12-18,09:18:39,TFIT16090736,64.204,12.530,5000000000,3348900000
2025-12-18,09:18:40,TFIT16090736,64.187,12.534,5000000000,3348050000
2025-12-18,09:19:03,TFIT31261050,59.753,12.591,4000000000,2432228000
2025-12-18,09:19:03,TFIT31261050,59.710,12.600,1000000000,607627000
2025-12-18,09:19:05,TFIT34130358,93.216,12.874,10000000000,10242150000
2025-12-18,09:19:05,TFIT31261050,59.710,12.600,4000000000,2430508000
2025-12-18,09:19:08,TFIT16281140,98.730,12.940,5000000000,4971430000
2025-12-18,09:19:44,TFIT16280428,88.281,11.950,2000000000,1842552000
2025-12-18,09:20:45,TFIT16280428,88.281,11.950,3000000000,2763828000
2025-12-18,09:29:17,TFIT23250746,89.761,12.917,1000000000,943610000
2025-12-18,09:29:22,TFIT23250746,89.741,12.920,2000000000,1886820000
2025-12-18,09:33:10,TFIT08031127,91.057,11.280,5000000000,4588295000
2025-12-18,09:59:58,TFIT16280428,88.199,11.996,2000000000,1840912000
2025-12-18,09:59:58,TFIT16280428,88.199,11.996,5000000000,4602280000
2025-12-18,09:59:58,TFIT16280428,88.197,11.997,5000000000,4602180000
2025-12-18,09:59:58,TFIT16280428,88.161,12.017,1000000000,920076000
2025-12-18,09:59:58,TFIT16280428,88.111,12.045,5000000000,4597880000
2025-12-18,09:59:58,TFIT16280428,88.109,12.046,5000000000,4597780000
2025-12-18,09:59:58,TFIT16280428,88.105,12.048,5000000000,4597580000
2025-12-18,09:59:58,TFIT16280428,88.104,12.049,5000000000,4597530000
2025-12-18,09:59:58,TFIT16280428,88.104,12.049,1000000000,919506000
2025-12-18,09:59:58,TFIT16280428,88.104,12.049,5000000000,4597530000
2025-12-18,09:59:58,TFIT16280428,88.102,12.050,5000000000,4597430000
2025-12-18,09:59:58,TFIT16280428,88.100,12.051,5000000000,4597330000
2025-12-18,09:59:58,TFIT16280428,88.096,12.053,5000000000,4597130000
2025-12-18,09:59:58,TFIT16280428,88.095,12.054,5000000000,4597080000
2025-12-18,09:59:58,TFIT16280428,88.050,12.079,5000000000,4594830000
2025-12-18,10:00:04,TFIT31261050,59.255,12.695,5000000000,3015385000
2025-12-18,10:00:04,TFIT31261050,59.231,12.700,5000000000,3014185000
2025-12-18,10:00:05,TFIT16090736,63.832,12.619,5000000000,3330300000
2025-12-18,10:00:05,TFIT16090736,63.828,12.620,5000000000,3330100000
2025-12-18,10:00:05,TFIT16090736,63.790,12.629,5000000000,3328200000
2025-12-18,10:00:05,TFIT16090736,63.703,12.650,5000000000,3323850000
2025-12-18,10:00:05,TFIT16090736,63.662,12.660,5000000000,3321800000
2025-12-18,10:00:05,TFIT16090736,63.584,12.678,5000000000,3317900000
2025-12-18,10:00:11,TFIT34130358,92.535,12.970,1000000000,1017405000
2025-12-18,10:00:12,TFIT16180930,82.581,12.847,2000000000,1690264000
2025-12-18,10:00:12,TFIT08031127,91.030,11.298,5000000000,4586945000
2025-12-18,10:00:12,TFIT08031127,91.027,11.300,5000000000,4586795000
2025-12-18,10:20:20,TFIT05220829,95.258,12.640,1000000000,988142000
2025-12-18,10:22:31,TFIT16280428,88.014,12.099,7000000000,6430242000
2025-12-18,10:22:31,TFIT16280428,88.013,12.100,5000000000,4592980000
2025-12-18,10:22:42,TFIT05220829,95.095,12.700,5000000000,4932560000
2025-12-18,10:34:54,TFIT05220829,95.176,12.670,5000000000,4936610000
2025-12-18,10:40:21,TFIT05220829,95.144,12.682,5000000000,4935010000
2025-12-18,10:40:21,TFIT05220829,95.146,12.681,5000000000,4935110000
2025-12-18,10:40:22,TFIT05220829,95.149,12.680,3000000000,2961156000
2025-12-18,10:40:23,TFIT05220829,95.081,12.705,3000000000,2959116000
2025-12-18,10:47:51,TFIT16280428,88.118,12.041,5000000000,4598230000
2025-12-18,10:47:51,TFIT16280428,88.120,12.040,5000000000,4598330000
2025-12-18,10:47:51,TFIT16280428,88.120,12.040,5000000000,4598330000
2025-12-18,10:47:51,TFIT16280428,88.120,12.040,5000000000,4598330000
2025-12-18,10:47:51,TFIT16280428,88.138,12.030,5000000000,4599230000
2025-12-18,10:48:14,TFIT05220829,95.146,12.681,1000000000,987022000
2025-12-18,10:49:11,TFIT23250746,89.624,12.938,4000000000,3768960000
2025-12-18,10:49:11,TFIT23250746,89.839,12.905,1000000000,944390000
2025-12-18,10:49:33,TFIT16280428,88.120,12.040,4000000000,3678664000
2025-12-18,10:50:13,TFIT11090233,102.438,12.689,5000000000,5688200000
2025-12-18,10:56:16,TFIT16280428,88.150,12.023,7000000000,6439762000
2025-12-18,10:56:20,TFIT16280428,88.152,12.022,20000000000,18399720000
2025-12-18,10:59:47,TFIT16180930,82.902,12.740,2000000000,1696684000
2025-12-18,10:59:49,TFIT16180930,82.932,12.730,2000000000,1697284000
2025-12-18,11:03:22,TFIT05220829,95.203,12.660,2000000000,1975184000
2025-12-18,11:03:37,TFIT16090736,64.212,12.528,5000000000,3349300000
2025-12-18,11:18:42,TFIT05220829,95.203,12.660,2000000000,1975184000
2025-12-18,11:20:37,TFIT16280428,88.154,12.021,10000000000,9200060000
2025-12-18,11:20:52,TFIT05220829,95.285,12.630,5000000000,4942060000
2025-12-18,11:30:42,TFIT16280428,88.170,12.012,5000000000,4600830000
2025-12-18,11:30:42,TFIT16280428,88.172,12.011,1000000000,920186000
2025-12-18,11:30:43,TFIT16280428,88.172,12.011,5000000000,4600930000
2025-12-18,11:31:02,TFIT05220829,95.285,12.630,5000000000,4942060000
2025-12-18,11:46:41,TFIT16280428,88.191,12.000,5000000000,4601880000
2025-12-18,11:46:44,TFIT16280428,88.215,11.987,5000000000,4603080000
2025-12-18,11:46:45,TFIT16280428,88.216,11.986,5000000000,4603130000
2025-12-18,11:46:46,TFIT16180930,82.902,12.740,2000000000,1696684000
2025-12-18,11:46:47,TFIT16280428,88.220,11.984,3000000000,2761998000
2025-12-18,11:46:47,TFIT16280428,88.224,11.982,2000000000,1841412000
2025-12-18,11:46:48,TFIT16280428,88.224,11.982,3000000000,2762118000
2025-12-18,11:46:48,TFIT16280428,88.227,11.980,2000000000,1841472000
2025-12-18,11:46:51,TFIT05220829,95.285,12.630,5000000000,4942060000
2025-12-18,11:46:52,TFIT16180930,82.932,12.730,2000000000,1697284000
2025-12-18,11:46:53,TFIT05220829,95.299,12.625,10000000000,9885520000
2025-12-18,11:48:03,TFIT11240135,94.212,12.852,5000000000,5238545000
2025-12-18,11:48:03,TFIT11240135,94.217,12.851,5000000000,5238795000
2025-12-18,11:50:11,TFIT05220829,95.299,12.625,5000000000,4942760000
2025-12-18,11:53:07,TFIT23250746,89.839,12.905,1000000000,944390000
2025-12-18,11:53:46,TFIT11240135,94.217,12.851,15000000000,15716385000
2025-12-18,11:53:49,TFIT34130358,93.352,12.855,15000000000,15383625000
2025-12-18,11:53:50,TFIT34130358,93.379,12.851,5000000000,5129225000
2025-12-18,11:54:01,TFIT16280428,88.254,11.965,1000000000,921006000
2025-12-18,11:54:04,TFIT16280428,88.254,11.965,4000000000,3684024000
2025-12-18,11:54:30,TFIT16180930,82.993,12.710,1000000000,849252000
2025-12-18,11:54:30,TFIT16180930,83.008,12.705,1000000000,849402000
2025-12-18,11:54:30,TFIT16180930,83.023,12.700,1000000000,849552000
2025-12-18,11:54:30,TFIT16180930,83.023,12.700,20000000000,16991040000
2025-12-18,11:54:56,TFIT11090233,102.479,12.680,1000000000,1138050000
2025-12-18,11:55:02,TFIT11090233,102.480,12.680,3000000000,3414180000
2025-12-18,11:56:23,TFIT05220829,95.430,12.577,5000000000,4949310000
2025-12-18,11:56:23,TFIT05220829,95.459,12.566,5000000000,4950760000
2025-12-18,11:56:23,TFIT05220829,95.460,12.566,5000000000,4950810000
2025-12-18,11:56:23,TFIT05220829,95.462,12.565,10000000000,9901820000
2025-12-18,11:56:23,TFIT05220829,95.465,12.564,2000000000,1980424000
2025-12-18,11:56:23,TFIT05220829,95.468,12.563,7000000000,6931694000
2025-12-18,11:56:23,TFIT05220829,95.471,12.562,5000000000,4951360000
2025-12-18,11:56:24,TFIT05220829,95.471,12.562,5000000000,4951360000
2025-12-18,11:56:24,TFIT05220829,95.476,12.560,5000000000,4951610000
2025-12-18,11:56:26,TFIT05220829,95.482,12.558,5000000000,4951910000
2025-12-18,11:56:41,TFIT11240135,94.217,12.851,1000000000,1047759000
2025-12-18,11:56:42,TFIT11240135,94.222,12.850,15000000000,15717135000
2025-12-18,12:01:03,TFIT23250746,90.002,12.880,5000000000,4730100000
2025-12-18,12:01:07,TFIT16280428,88.308,11.935,5000000000,4607730000
2025-12-18,12:01:07,TFIT16280428,88.328,11.924,5000000000,4608730000
2025-12-18,12:01:07,TFIT16280428,88.333,11.921,5000000000,4608980000
2025-12-18,12:01:07,TFIT16280428,88.343,11.915,5000000000,4609480000
2025-12-18,12:01:07,TFIT16280428,88.351,11.911,5000000000,4609880000
2025-12-18,12:01:07,TFIT16280428,88.351,11.911,5000000000,4609880000
2025-12-18,12:01:07,TFIT16280428,88.353,11.910,5000000000,4609980000
2025-12-18,12:01:13,TFIT16180930,83.129,12.665,5000000000,4253060000
2025-12-18,12:01:13,TFIT16180930,83.144,12.660,55000000000,46791910000
2025-12-18,12:01:20,TFIT23250746,90.067,12.870,5000000000,4733350000
2025-12-18,12:01:21,TFIT05220829,95.490,12.555,4000000000,3961848000
2025-12-18,12:01:21,TFIT05220829,95.490,12.555,1000000000,990462000
2025-12-18,12:01:21,TFIT05220829,95.501,12.551,1000000000,990572000
2025-12-18,12:01:21,TFIT05220829,95.503,12.550,2000000000,1981184000
2025-12-18,12:01:25,TFIT05220829,95.503,12.550,2000000000,1981184000
2025-12-18,12:02:21,TFIT16181034,72.801,12.495,5000000000,3700630000
2025-12-18,12:02:22,TFIT16181034,72.889,12.474,5000000000,3705030000
2025-12-18,12:02:23,TFIT16181034,72.889,12.474,5000000000,3705030000
2025-12-18,12:14:51,TFIT16300632,76.032,12.570,5000000000,3965575000
2025-12-18,12:20:29,TFIT16280428,88.299,11.940,5000000000,4607280000
2025-12-18,12:21:52,TFIT05220829,95.462,12.565,1000000000,990182000
2025-12-18,12:22:41,TFIT16280428,88.317,11.930,1000000000,921636000
2025-12-18,12:34:02,TFIT05220829,95.370,12.599,1000000000,989262000
2025-12-18,12:41:34,TFIT16180930,83.102,12.674,1500000000,1275513000
2025-12-18,12:41:34,TFIT16180930,83.038,12.695,5000000000,4248510000
2025-12-18,12:41:34,TFIT16180930,83.023,12.700,25000000000,21238800000
2025-12-18,12:44:43,TFIT10260331,79.035,12.670,1000000000,841555000
2025-12-18,12:49:34,TFIT16180930,82.923,12.733,2000000000,1697104000
2025-12-18,12:53:33,TFIT16181034,72.406,12.590,2000000000,1472352000
2025-12-18,12:53:38,TFIT16280428,88.245,11.970,5000000000,4604580000
2025-12-18,12:53:42,TFIT05220829,95.449,12.570,5000000000,4950260000
2025-12-18,12:56:53,TFIT05220829,95.449,12.570,5000000000,4950260000
2025-12-18,12:57:22,TFIT11090233,102.678,12.637,5000000000,5700200000
2025-12-18,12:57:22,TFIT11090233,102.739,12.624,2000000000,2281300000
2025-12-18,12:57:29,TFIT16280428,88.285,11.948,5000000000,4606580000
2025-12-18,12:57:35,TFIT08031127,91.169,11.205,11000000000,10106569000
2025-12-18,12:57:35,TFIT08031127,91.170,11.204,5000000000,4593945000
2025-12-18,12:57:35,TFIT08031127,91.170,11.204,5000000000,4593945000
2025-12-18,12:57:35,TFIT08031127,91.170,11.204,5000000000,4593945000
2025-12-18,12:57:35,TFIT08031127,91.170,11.204,5000000000,4593945000
2025-12-18,12:57:35,TFIT08031127,91.170,11.204,5000000000,4593945000
2025-12-18,12:57:35,TFIT08031127,91.171,11.204,5000000000,4593995000
2025-12-18,12:57:35,TFIT08031127,91.174,11.202,5000000000,4594145000
2025-12-18,12:57:35,TFIT08031127,91.176,11.200,5000000000,4594245000
2025-12-18,12:57:35,TFIT08031127,91.177,11.200,5000000000,4594295000
2025-12-18,12:57:35,TFIT08031127,91.177,11.200,5000000000,4594295000
2025-12-18,12:57:35,TFIT08031127,91.177,11.200,7500000000,6891442500
2025-12-18,12:57:35,TFIT08031127,91.177,11.200,1500000000,1378288500
2025-12-18,12:57:38,TFIT05220829,95.471,12.562,2000000000,1980544000
2025-12-18,12:57:46,TFIT16280428,88.302,11.938,10000000000,9214860000
2025-12-18,12:57:49,TFIT08031127,91.178,11.199,2000000000,1837738000
2025-12-18,12:58:00,TFIT05220829,95.476,12.560,1000000000,990322000
2025-12-18,12:58:31,TFIT08031127,91.252,11.150,3000000000,2758827000
2025-12-18,12:59:10,TFIT31261050,59.952,12.550,5000000000,3050235000
2025-12-18,12:59:37,TFIT15260826,98.979,8.988,5000000000,5066075000
2025-12-18,12:59:37,TFIT15260826,98.983,8.982,5000000000,5066275000
2025-12-18,12:59:37,TFIT15260826,98.983,8.982,5000000000,5066275000
2025-12-18,12:59:37,TFIT15260826,98.984,8.981,25000000000,25331625000
2025-12-18,12:59:37,TFIT15260826,99.002,8.952,2000000000,2026890000
2025-12-18,12:59:37,TFIT15260826,99.004,8.949,5000000000,5067325000
2025-12-18,12:59:37,TFIT15260826,99.017,8.929,3000000000,3040785000
2025-12-18,12:59:38,TFIT16181034,72.191,12.642,5000000000,3670130000
2025-12-18,12:59:56,TFIT15260826,99.017,8.929,2000000000,2027190000
2025-12-18,12:59:59,TFIT10260331,79.035,12.670,1000000000,841555000
2025-12-19,08:40:47,TFIT23250746,90.493,12.805,5000000000,4756225000
2025-12-19,09:16:50,TFIT05220829,95.527,12.542,5000000000,4955665000
2025-12-19,09:16:50,TFIT05220829,95.527,12.542,5000000000,4955665000
2025-12-19,09:16:50,TFIT05220829,95.530,12.541,5000000000,4955815000
2025-12-19,09:16:50,TFIT05220829,95.533,12.540,9000000000,8920737000
2025-12-19,09:16:56,TFIT05220829,95.533,12.540,16000000000,15859088000
2025-12-19,09:17:00,TFIT23250746,90.382,12.822,5000000000,4750675000
2025-12-19,09:17:00,TFIT23250746,90.388,12.821,5000000000,4750975000
2025-12-19,09:17:00,TFIT23250746,90.388,12.821,5000000000,4750975000
2025-12-19,09:17:03,TFIT23250746,90.395,12.820,5000000000,4751325000
2025-12-19,09:17:03,TFIT23250746,90.388,12.821,5000000000,4750975000
2025-12-19,09:17:04,TFIT23250746,90.408,12.818,5000000000,4751975000
2025-12-19,09:17:14,TFIT23250746,90.395,12.820,5000000000,4751325000
2025-12-19,09:17:43,TFIT05220829,95.533,12.540,5000000000,4955965000
2025-12-19,09:21:34,TFIT16180930,83.539,12.532,1000000000,854924000
2025-12-19,09:21:34,TFIT16180930,83.572,12.521,1000000000,855254000
2025-12-19,09:21:40,TFIT05220829,95.533,12.540,15000000000,14867895000
2025-12-19,09:21:45,TFIT23250746,90.388,12.821,10000000000,9501950000
2025-12-19,09:21:59,TFIT16180930,83.572,12.521,2000000000,1710508000
2025-12-19,09:22:02,TFIT23250746,90.394,12.820,5000000000,4751275000
2025-12-19,09:22:02,TFIT23250746,90.395,12.820,5000000000,4751325000
2025-12-19,09:22:02,TFIT23250746,90.395,12.820,5000000000,4751325000
2025-12-19,09:22:04,TFIT23250746,90.395,12.820,5000000000,4751325000
2025-12-19,09:22:04,TFIT23250746,90.421,12.816,5000000000,4752625000
2025-12-19,09:22:43,TFIT23250746,90.461,12.810,5000000000,4754625000
2025-12-19,09:22:52,TFIT23250746,90.461,12.810,2000000000,1901850000
2025-12-19,09:24:16,TFIT16281140,99.593,12.806,5000000000,5016330000
2025-12-19,09:25:19,TFIT16181034,72.780,12.501,5000000000,3700575000
2025-12-19,09:29:13,TFIT05220829,95.637,12.502,1000000000,992233000
2025-12-19,09:29:13,TFIT05220829,95.642,12.500,1000000000,992283000
2025-12-19,09:29:13,TFIT05220829,95.694,12.481,5000000000,4964015000
2025-12-19,09:29:14,TFIT16281140,99.658,12.796,1500000000,1505874000
2025-12-19,09:29:14,TFIT16281140,99.678,12.793,1000000000,1004116000
2025-12-19,09:29:14,TFIT16281140,99.704,12.789,5000000000,5021880000
2025-12-19,09:29:14,TFIT16281140,99.709,12.788,2500000000,2511065000
2025-12-19,09:29:15,TFIT23250746,90.626,12.785,1000000000,952575000
2025-12-19,09:29:15,TFIT23250746,90.646,12.782,5000000000,4763875000
2025-12-19,09:29:15,TFIT23250746,90.652,12.781,1000000000,952835000
2025-12-19,09:29:15,TFIT23250746,90.692,12.775,5000000000,4766175000
2025-12-19,09:29:15,TFIT23250746,90.724,12.770,5000000000,4767775000
2025-12-19,09:29:15,TFIT23250746,90.725,12.770,5000000000,4767825000
2025-12-19,09:29:15,TFIT23250746,90.725,12.770,5000000000,4767825000
2025-12-19,09:29:15,TFIT23250746,90.725,12.770,5000000000,4767825000
2025-12-19,09:29:16,TFIT16180930,83.572,12.521,2000000000,1710508000
2025-12-19,09:29:16,TFIT16180930,83.576,12.520,5000000000,4276470000
2025-12-19,09:29:16,TFIT16180930,83.629,12.502,1000000000,855824000
2025-12-19,09:29:16,TFIT16180930,83.629,12.502,1000000000,855824000
2025-12-19,09:29:16,TFIT16180930,83.630,12.502,1000000000,855834000
2025-12-19,09:29:16,TFIT16180930,83.633,12.501,5000000000,4279320000
2025-12-19,09:29:16,TFIT16180930,83.652,12.495,5000000000,4280270000
2025-12-19,09:29:16,TFIT31261050,60.490,12.440,5000000000,3078130000
2025-12-19,09:29:16,TFIT31261050,60.589,12.420,5000000000,3083080000
2025-12-19,09:29:19,TFIT11240135,94.909,12.713,5000000000,5275005000
2025-12-19,09:29:20,TFIT11240135,94.955,12.704,5000000000,5277305000
2025-12-19,09:29:20,TFIT31261050,60.688,12.400,5000000000,3088030000
2025-12-19,09:29:21,TFIT11240135,94.972,12.700,5000000000,5278155000
2025-12-19,09:29:21,TFIT11240135,94.973,12.700,5000000000,5278205000
2025-12-19,09:29:24,TFIT34130358,94.585,12.685,5000000000,5191170000
2025-12-19,09:29:24,TFIT16281140,99.710,12.788,5000000000,5022180000
2025-12-19,09:29:25,TFIT16281140,99.710,12.788,1000000000,1004436000
2025-12-19,09:29:25,TFIT16281140,99.828,12.770,4000000000,4022464000
2025-12-19,09:29:26,TFIT16281140,99.828,12.770,1000000000,1005616000
2025-12-19,09:30:45,TFIT08031127,91.335,11.102,10000000000,9205970000
2025-12-19,09:30:47,TFIT08031127,91.458,11.020,5000000000,4609135000
2025-12-19,09:32:22,TFIT11240135,94.975,12.700,1000000000,1055661000
2025-12-19,09:32:51,TFIT31261050,60.937,12.350,5000000000,3100480000
2025-12-19,09:37:02,TFIT16090736,65.182,12.300,5000000000,3398655000
2025-12-19,09:38:00,TFIT16090736,65.182,12.300,5000000000,3398655000
2025-12-19,09:46:34,TFIT34130358,94.696,12.670,5000000000,5196720000
2025-12-19,09:56:54,TFIT16090736,64.969,12.350,1000000000,677601000
2025-12-19,10:14:41,TFIT16180930,83.636,12.500,5000000000,4279470000
2025-12-19,10:14:44,TFIT16180930,83.725,12.471,5000000000,4283920000
2025-12-19,10:14:44,TFIT05220829,95.752,12.460,5000000000,4966915000
2025-12-19,10:14:44,TFIT05220829,95.779,12.450,5000000000,4968265000
2025-12-19,10:14:47,TFIT31261050,60.932,12.351,5000000000,3100230000
2025-12-19,10:14:47,TFIT31261050,60.937,12.350,5000000000,3100480000
2025-12-19,10:14:48,TFIT23250746,91.124,12.710,10000000000,9575550000
2025-12-19,10:14:48,TFIT23250746,91.151,12.706,5000000000,4789125000
2025-12-19,10:14:48,TFIT23250746,91.164,12.704,5000000000,4789775000
2025-12-19,10:14:48,TFIT23250746,91.191,12.700,5000000000,4791125000
2025-12-19,10:14:48,TFIT23250746,91.191,12.700,5000000000,4791125000
2025-12-19,10:14:51,TFIT16090736,65.182,12.300,1000000000,679731000
2025-12-19,10:14:58,TFIT31261050,60.937,12.350,5000000000,3100480000
2025-12-19,10:14:59,TFIT08031127,91.413,11.050,5000000000,4606885000
2025-12-19,10:18:21,TFIT05220829,95.903,12.405,5000000000,4974465000
2025-12-19,10:18:21,TFIT05220829,95.906,12.404,5000000000,4974615000
2025-12-19,10:18:21,TFIT05220829,95.906,12.404,8000000000,7959384000
2025-12-19,10:18:21,TFIT05220829,95.911,12.402,5000000000,4974865000
2025-12-19,10:18:21,TFIT05220829,95.914,12.401,15000000000,14925045000
2025-12-19,10:18:21,TFIT05220829,95.917,12.400,1000000000,995033000
2025-12-19,10:18:21,TFIT05220829,95.917,12.400,5000000000,4975165000
2025-12-19,10:18:21,TFIT05220829,95.917,12.400,5000000000,4975165000
2025-12-19,10:18:21,TFIT05220829,95.950,12.388,5000000000,4976815000
2025-12-19,10:18:27,TFIT05220829,96.024,12.361,5000000000,4980515000
2025-12-19,10:18:28,TFIT23250746,91.392,12.670,10000000000,9602350000
2025-12-19,10:18:29,TFIT10260331,79.574,12.502,5000000000,4235685000
2025-12-19,10:18:31,TFIT16180930,83.728,12.470,5000000000,4284070000
2025-12-19,10:18:34,TFIT16180930,83.728,12.470,5000000000,4284070000
2025-12-19,10:18:46,TFIT11090233,103.301,12.503,5000000000,5733165000
2025-12-19,10:52:51,TFIT05220829,95.996,12.371,5000000000,4979115000
2025-12-19,10:52:51,TFIT05220829,95.999,12.370,5000000000,4979265000
2025-12-19,10:52:51,TFIT05220829,96.007,12.367,10000000000,9959330000
2025-12-19,10:52:51,TFIT05220829,96.010,12.366,5000000000,4979815000
2025-12-19,10:52:51,TFIT05220829,96.013,12.365,16500000000,16433884500
2025-12-19,10:52:51,TFIT05220829,96.013,12.365,25000000000,24899825000
2025-12-19,10:52:51,TFIT05220829,96.016,12.364,3500000000,3486080500
2025-12-19,10:52:52,TFIT16180930,83.728,12.470,5000000000,4284070000
2025-12-19,10:52:52,TFIT16180930,83.752,12.462,5000000000,4285270000
2025-12-19,10:52:52,TFIT16180930,83.752,12.462,5000000000,4285270000
2025-12-19,10:52:52,TFIT16180930,83.755,12.461,10000000000,8570840000
2025-12-19,10:52:54,TFIT05220829,96.016,12.364,1500000000,1494034500
2025-12-19,10:53:00,TFIT23250746,91.392,12.670,2000000000,1920470000
2025-12-19,10:53:02,TFIT05220829,96.131,12.322,2000000000,1994346000
2025-12-19,10:53:02,TFIT05220829,96.134,12.321,2000000000,1994406000
2025-12-19,10:53:02,TFIT05220829,96.192,12.300,1000000000,997783000
2025-12-19,10:53:04,TFIT16181034,73.371,12.360,1000000000,746025000
2025-12-19,10:53:19,TFIT16180930,83.755,12.461,13000000000,11142092000
2025-12-19,10:53:21,TFIT05220829,96.027,12.360,5000000000,4980665000
2025-12-19,10:54:20,TFIT16280428,88.629,11.763,5000000000,4624600000
2025-12-19,10:54:22,TFIT31261050,61.365,12.265,7000000000,4370632000
2025-12-19,10:54:26,TFIT31261050,61.441,12.250,5000000000,3125680000
2025-12-19,10:54:37,TFIT05220829,96.109,12.330,5000000000,4984765000
2025-12-19,10:54:37,TFIT05220829,96.109,12.330,5000000000,4984765000
2025-12-19,10:56:12,TFIT23250746,91.647,12.632,2000000000,1925570000
2025-12-19,10:56:12,TFIT23250746,91.654,12.631,1000000000,962855000
2025-12-19,10:56:24,TFIT16300632,76.832,12.350,2000000000,1602612000
2025-12-19,11:03:34,TFIT31261050,61.588,12.221,5000000000,3133030000
2025-12-19,11:04:07,TFIT05220829,96.107,12.331,5000000000,4984665000
2025-12-19,11:04:07,TFIT05220829,96.109,12.330,5000000000,4984765000
2025-12-19,11:04:07,TFIT05220829,96.109,12.330,5000000000,4984765000
2025-12-19,11:04:24,TFIT16280428,88.631,11.762,1000000000,924940000
2025-12-19,11:06:02,TFIT08031127,91.511,10.985,5000000000,4611785000
2025-12-19,11:06:02,TFIT08031127,91.513,10.984,6000000000,5534262000
2025-12-19,11:06:02,TFIT08031127,91.516,10.982,4000000000,3689628000
2025-12-19,11:06:10,TFIT08031127,91.474,11.010,4000000000,3687948000
2025-12-19,11:06:20,TFIT16280428,88.613,11.772,1000000000,924760000
2025-12-19,11:07:12,TFIT16280428,88.613,11.772,3000000000,2774280000
2025-12-19,11:07:12,TFIT16280428,88.649,11.752,5000000000,4625600000
2025-12-19,11:07:12,TFIT16280428,88.653,11.750,10000000000,9251600000
2025-12-19,11:07:12,TFIT16280428,88.653,11.750,10000000000,9251600000
2025-12-19,11:07:12,TFIT16280428,88.653,11.750,5000000000,4625800000
2025-12-19,11:07:12,TFIT16280428,88.653,11.750,5000000000,4625800000
2025-12-19,11:07:12,TFIT16280428,88.653,11.750,5000000000,4625800000
2025-12-19,11:07:18,TFIT16090736,65.311,12.270,1000000000,681021000
2025-12-19,11:07:18,TFIT16090736,65.324,12.267,5000000000,3405755000
2025-12-19,11:07:18,TFIT16090736,65.388,12.252,5000000000,3408955000
2025-12-19,11:07:18,TFIT16090736,65.393,12.251,10000000000,6818410000
2025-12-19,11:07:18,TFIT16090736,65.397,12.250,5000000000,3409405000
2025-12-19,11:07:24,TFIT11240135,95.091,12.677,5000000000,5284105000
2025-12-19,11:07:24,TFIT11240135,95.100,12.675,5000000000,5284555000
2025-12-19,11:07:24,TFIT11240135,95.131,12.669,5000000000,5286105000
2025-12-19,11:07:24,TFIT11240135,95.157,12.664,5000000000,5287405000
2025-12-19,11:07:24,TFIT11240135,95.172,12.661,5000000000,5288155000
2025-12-19,11:07:24,TFIT11240135,95.223,12.651,5000000000,5290705000
2025-12-19,11:07:24,TFIT11240135,95.225,12.650,5000000000,5290805000
2025-12-19,11:07:24,TFIT11240135,95.225,12.650,5000000000,5290805000
2025-12-19,11:07:24,TFIT11240135,95.225,12.650,5000000000,5290805000
2025-12-19,11:07:24,TFIT11240135,95.225,12.650,5000000000,5290805000
2025-12-19,11:07:33,TFIT34130358,95.132,12.611,5000000000,5218520000
2025-12-19,11:07:33,TFIT16180930,83.774,12.455,2000000000,1714548000
2025-12-19,11:07:33,TFIT16180930,83.780,12.453,5000000000,4286670000
2025-12-19,11:07:33,TFIT16180930,83.847,12.431,13000000000,11154052000
2025-12-19,11:07:34,TFIT34130358,95.139,12.610,5000000000,5218870000
2025-12-19,11:07:35,TFIT05220829,96.244,12.281,10000000000,9983030000
2025-12-19,11:07:37,TFIT11240135,95.225,12.650,5000000000,5290805000
2025-12-19,11:07:37,TFIT11240135,95.225,12.650,5000000000,5290805000
2025-12-19,11:07:49,TFIT16180930,83.881,12.420,14000000000,12016816000
2025-12-19,11:07:53,TFIT11240135,95.225,12.650,5000000000,5290805000
2025-12-19,11:07:57,TFIT11240135,95.225,12.650,5000000000,5290805000
2025-12-19,11:07:58,TFIT11240135,95.225,12.650,5000000000,5290805000
2025-12-19,11:09:32,TFIT11240135,95.278,12.640,5000000000,5293455000
2025-12-19,11:09:33,TFIT08031127,91.508,10.987,25000000000,23058175000
2025-12-19,11:09:33,TFIT08031127,91.510,10.986,6000000000,5534082000
2025-12-19,11:12:36,TFIT11090233,103.409,12.480,5000000000,5738565000
2025-12-19,11:15:01,TFIT11090233,103.409,12.480,15000000000,17215695000
2025-12-19,11:15:13,TFIT21280542,78.409,12.360,1000000000,836042000
2025-12-19,11:15:13,TFIT21280542,78.569,12.332,5000000000,4188210000
2025-12-19,11:15:13,TFIT21280542,78.609,12.325,5000000000,4190210000
2025-12-19,11:15:13,TFIT21280542,78.653,12.317,5000000000,4192410000
2025-12-19,11:15:13,TFIT21280542,78.746,12.301,5000000000,4197060000
2025-12-19,11:15:13,TFIT21280542,78.747,12.301,5000000000,4197110000
2025-12-19,11:15:13,TFIT21280542,78.753,12.300,5000000000,4197410000
2025-12-19,11:15:13,TFIT21280542,78.753,12.300,5000000000,4197410000
2025-12-19,11:15:13,TFIT21280542,78.753,12.300,5000000000,4197410000
2025-12-19,11:15:14,TFIT08031127,91.510,10.986,6000000000,5534082000
2025-12-19,11:15:14,TFIT08031127,91.519,10.980,14000000000,12914118000
2025-12-19,11:15:19,TFIT08031127,91.519,10.980,11000000000,10146807000
2025-12-19,11:15:19,TFIT08031127,91.525,10.976,14000000000,12914958000
2025-12-19,11:15:21,TFIT23250746,91.654,12.631,4000000000,3851420000
2025-12-19,11:15:21,TFIT23250746,91.863,12.600,1000000000,964945000
2025-12-19,11:15:24,TFIT08031127,91.525,10.976,11000000000,10147467000
2025-12-19,11:15:25,TFIT23250746,91.863,12.600,4000000000,3859780000
2025-12-19,11:22:43,TFIT34130358,95.280,12.591,6000000000,6271104000
2025-12-19,11:22:43,TFIT34130358,95.325,12.585,5000000000,5228170000
2025-12-19,11:22:43,TFIT34130358,95.325,12.585,5000000000,5228170000
2025-12-19,11:30:52,TFIT11090233,103.525,12.455,10000000000,11488730000
2025-12-19,11:30:53,TFIT10260331,79.806,12.430,5000000000,4247285000
2025-12-19,11:30:53,TFIT10260331,79.902,12.400,5000000000,4252085000
2025-12-19,11:30:53,TFIT10260331,79.902,12.400,5000000000,4252085000
2025-12-19,11:33:08,TFIT16180930,83.881,12.420,1000000000,858344000
2025-12-19,11:34:20,TFIT11240135,95.491,12.598,5000000000,5304105000
2025-12-19,11:37:15,TFIT16180930,83.636,12.500,15000000000,12838410000
2025-12-19,11:37:17,TFIT10260331,79.624,12.487,1500000000,1271455500
2025-12-19,11:37:17,TFIT10260331,79.621,12.488,5000000000,4238035000
2025-12-19,11:37:17,TFIT10260331,79.621,12.488,5000000000,4238035000
2025-12-19,11:37:23,TFIT16180930,83.606,12.510,5000000000,4277970000
2025-12-19,11:37:33,TFIT16300632,76.506,12.440,5000000000,3990230000
2025-12-19,11:37:33,TFIT16300632,76.470,12.450,5000000000,3988430000
2025-12-19,11:37:35,TFIT16180930,83.576,12.520,5000000000,4276470000
2025-12-19,11:37:37,TFIT11240135,95.223,12.651,5000000000,5290705000
2025-12-19,11:37:40,TFIT05220829,96.027,12.360,5000000000,4980665000
2025-12-19,11:37:48,TFIT16280428,88.651,11.751,2000000000,1850280000
2025-12-19,11:37:58,TFIT16280428,88.651,11.751,3000000000,2775420000
2025-12-19,11:41:26,TFIT16300632,76.466,12.451,5000000000,3988230000
2025-12-19,11:41:26,TFIT16300632,76.470,12.450,5000000000,3988430000
2025-12-19,11:46:35,TFIT16300632,76.502,12.441,5000000000,3990030000
2025-12-19,11:46:35,TFIT16300632,76.506,12.440,15000000000,11970690000
2025-12-19,11:56:07,TFIT05220829,95.969,12.381,15000000000,14933295000
2025-12-19,11:56:07,TFIT05220829,95.939,12.392,5000000000,4976265000
2025-12-19,11:56:07,TFIT05220829,95.928,12.396,5000000000,4975715000
2025-12-19,11:56:07,TFIT05220829,95.925,12.397,3000000000,2985339000
2025-12-19,11:56:09,TFIT05220829,95.925,12.397,2000000000,1990226000
2025-12-19,11:56:09,TFIT05220829,95.919,12.399,1000000000,995053000
2025-12-19,11:56:09,TFIT05220829,95.919,12.399,2000000000,1990106000
2025-12-19,11:56:13,TFIT05220829,95.919,12.399,5000000000,4975265000
2025-12-19,11:56:18,TFIT05220829,95.919,12.399,5000000000,4975265000
2025-12-19,12:08:20,TFIT11240135,95.213,12.653,4500000000,4761184500
2025-12-19,12:16:27,TFIT16280428,88.689,11.730,20500000000,18973160000
2025-12-19,12:16:27,TFIT16280428,88.701,11.723,5000000000,4628200000
2025-12-19,12:16:27,TFIT16280428,88.705,11.721,5000000000,4628400000
2025-12-19,12:16:27,TFIT16280428,88.705,11.721,5000000000,4628400000
2025-12-19,12:16:35,TFIT05220829,96.051,12.351,3000000000,2989119000
2025-12-19,12:17:11,TFIT16180930,83.847,12.431,5000000000,4290020000
2025-12-19,12:17:11,TFIT16180930,83.847,12.431,5000000000,4290020000
2025-12-19,12:18:50,TFIT34130358,95.444,12.569,5000000000,5234120000
2025-12-19,12:19:24,TFIT23250746,91.762,12.615,5000000000,4819675000
2025-12-19,12:19:24,TFIT23250746,91.782,12.612,6000000000,5784810000
2025-12-19,12:24:48,TFIT05220829,96.082,12.340,5000000000,4983415000
2025-12-19,12:24:50,TFIT05220829,95.923,12.398,5000000000,4975465000
2025-12-19,12:24:50,TFIT05220829,95.922,12.398,5000000000,4975415000
2025-12-19,12:24:50,TFIT05220829,95.919,12.399,8000000000,7960424000
2025-12-19,12:24:50,TFIT05220829,95.917,12.400,5000000000,4975165000
2025-12-19,12:24:50,TFIT05220829,95.914,12.401,5000000000,4975015000
2025-12-19,12:24:50,TFIT05220829,95.895,12.408,2000000000,1989626000
2025-12-19,12:24:58,TFIT31261050,61.238,12.290,1000000000,623106000
2025-12-19,12:36:49,TFIT16281140,100.352,12.690,5000000000,5054280000
2025-12-19,12:39:56,TFIT05220829,96.163,12.310,1000000000,997493000
2025-12-19,12:45:46,TFIT16180930,83.697,12.480,5000000000,4282520000
2025-12-19,12:45:46,TFIT16180930,83.667,12.490,10000000000,8562040000
2025-12-19,12:54:26,TFIT16181034,73.413,12.350,5000000000,3732225000
2025-12-19,12:54:26,TFIT11090233,103.483,12.464,3500000000,4019585500
2025-12-19,12:54:26,TFIT11090233,103.488,12.463,5000000000,5742515000
2025-12-19,12:54:26,TFIT11090233,103.497,12.461,5000000000,5742965000
2025-12-19,12:54:26,TFIT11090233,103.516,12.457,5000000000,5743915000
2025-12-19,12:54:45,TFIT10260331,79.777,12.439,7000000000,5944169000
2025-12-19,12:54:46,TFIT05220829,96.134,12.321,5000000000,4986015000
2025-12-19,12:54:48,TFIT05220829,96.134,12.321,5000000000,4986015000
2025-12-19,12:54:50,TFIT05220829,96.134,12.321,5000000000,4986015000
2025-12-19,12:54:59,TFIT16180930,83.835,12.435,5000000000,4289420000
2025-12-19,12:55:27,TFIT16281140,100.616,12.650,1000000000,1013496000
2025-12-19,12:55:34,TFIT16280428,88.725,11.710,1000000000,925880000
2025-12-19,12:57:14,TFIT08031127,91.563,10.951,5000000000,4614385000
2025-12-19,12:57:14,TFIT08031127,91.563,10.951,5000000000,4614385000
2025-12-19,12:57:14,TFIT08031127,91.564,10.950,5000000000,4614435000
2025-12-19,12:58:32,TFIT21280542,78.638,12.320,5000000000,4191660000
2025-12-19,12:59:17,TFIT05220829,95.999,12.370,10000000000,9958530000
2025-12-19,12:59:25,TFIT16280428,88.689,11.730,5000000000,4627600000
2025-12-19,12:59:42,TFIT16180930,83.673,12.488,5000000000,4281320000
2025-12-19,12:59:43,TFIT16180930,83.673,12.488,5000000000,4281320000
2025-12-19,12:59:46,TFIT05220829,95.999,12.370,14000000000,13941942000
2025-12-22,08:15:50,TFIT08031127,91.714,10.872,5000000000,4624295000
2025-12-22,08:15:50,TFIT08031127,91.714,10.872,5000000000,4624295000
2025-12-22,08:15:50,TFIT08031127,91.715,10.871,5000000000,4624345000
2025-12-22,08:15:50,TFIT08031127,91.715,10.871,5000000000,4624345000
2025-12-22,08:15:50,TFIT08031127,91.715,10.871,5000000000,4624345000
2025-12-22,08:15:50,TFIT08031127,91.717,10.870,5000000000,4624445000
2025-12-22,08:16:20,TFIT11240135,95.738,12.551,5000000000,5321285000
2025-12-22,08:16:20,TFIT11240135,95.738,12.551,5000000000,5321285000
2025-12-22,08:16:20,TFIT11240135,95.743,12.550,5000000000,5321535000
2025-12-22,08:16:20,TFIT11240135,96.013,12.497,5000000000,5335035000
2025-12-22,08:16:20,TFIT11240135,96.024,12.495,5000000000,5335585000
2025-12-22,08:16:20,TFIT11240135,96.029,12.494,5000000000,5335835000
2025-12-22,08:16:20,TFIT11240135,96.029,12.494,5000000000,5335835000
2025-12-22,08:16:20,TFIT11240135,96.041,12.491,5000000000,5336435000
2025-12-22,08:16:20,TFIT11240135,96.042,12.491,5000000000,5336485000
2025-12-22,08:16:20,TFIT11240135,96.042,12.491,10000000000,10672970000
2025-12-22,08:16:20,TFIT11240135,96.044,12.491,5000000000,5336585000
2025-12-22,08:16:20,TFIT11240135,96.049,12.490,5000000000,5336835000
2025-12-22,08:16:20,TFIT16090736,65.895,12.138,5000000000,3436875000
2025-12-22,08:16:20,TFIT16090736,65.895,12.138,5000000000,3436875000
2025-12-22,08:16:20,TFIT16090736,65.899,12.137,5000000000,3437075000
2025-12-22,08:16:20,TFIT16090736,65.907,12.135,5000000000,3437475000
2025-12-22,08:16:20,TFIT16090736,65.908,12.135,5000000000,3437525000
2025-12-22,08:16:20,TFIT16090736,65.911,12.134,5000000000,3437675000
2025-12-22,08:16:20,TFIT16090736,65.916,12.133,5000000000,3437925000
2025-12-22,08:18:03,TFIT11090233,104.176,12.317,5000000000,5782360000
2025-12-22,08:18:29,TFIT16181034,73.814,12.258,5000000000,3755255000
2025-12-22,08:19:00,TFIT05220829,96.401,12.226,2000000000,2001554000
2025-12-22,08:19:00,TFIT05220829,96.432,12.215,15000000000,15016305000
2025-12-22,08:19:00,TFIT05220829,96.542,12.175,16000000000,16034992000
2025-12-22,08:19:00,TFIT05220829,96.551,12.172,5000000000,5011385000
2025-12-22,08:19:00,TFIT05220829,96.556,12.170,10000000000,10023270000
2025-12-22,08:19:00,TFIT05220829,96.559,12.169,10000000000,10023570000
2025-12-22,08:19:00,TFIT05220829,96.562,12.168,5000000000,5011935000
2025-12-22,08:19:00,TFIT05220829,96.565,12.167,5000000000,5012085000
2025-12-22,08:19:00,TFIT05220829,96.565,12.167,5000000000,5012085000
2025-12-22,08:19:00,TFIT05220829,96.583,12.160,5000000000,5012985000
2025-12-22,08:19:00,TFIT05220829,96.583,12.160,5000000000,5012985000
2025-12-22,08:19:00,TFIT05220829,96.583,12.160,5000000000,5012985000
2025-12-22,08:19:00,TFIT05220829,96.583,12.160,5000000000,5012985000
2025-12-22,08:19:00,TFIT05220829,96.584,12.160,5000000000,5013035000
2025-12-22,08:19:00,TFIT05220829,96.639,12.140,5000000000,5015785000
2025-12-22,08:19:06,TFIT16280428,88.939,11.610,5000000000,4642565000
2025-12-22,08:19:10,TFIT16280428,88.939,11.610,5000000000,4642565000
2025-12-22,08:19:34,TFIT16180930,84.160,12.335,2000000000,1723542000
2025-12-22,08:19:59,TFIT11090233,104.180,12.316,5000000000,5782560000
2025-12-22,08:21:15,TFIT16280428,89.064,11.541,2000000000,1859526000
2025-12-22,08:22:03,TFIT08031127,91.821,10.801,5000000000,4629645000
2025-12-22,08:22:34,TFIT16180930,84.163,12.334,3000000000,2585403000
2025-12-22,08:24:04,TFIT16281140,101.368,12.536,5000000000,5110320000
2025-12-22,08:24:04,TFIT16281140,101.375,12.535,5000000000,5110670000
2025-12-22,08:24:04,TFIT16281140,101.375,12.535,5000000000,5110670000
2025-12-22,08:24:04,TFIT16281140,101.395,12.532,5000000000,5111670000
2025-12-22,08:24:04,TFIT16281140,101.395,12.532,5000000000,5111670000
2025-12-22,08:24:04,TFIT16281140,101.401,12.531,5000000000,5111970000
2025-12-22,08:24:04,TFIT16281140,101.401,12.531,1000000000,1022394000
2025-12-22,08:24:04,TFIT16281140,101.594,12.502,4000000000,4097296000
2025-12-22,08:24:04,TFIT16281140,101.594,12.502,5000000000,5121620000
2025-12-22,08:24:04,TFIT16281140,101.595,12.502,5000000000,5121670000
2025-12-22,08:24:04,TFIT16281140,101.596,12.502,5000000000,5121720000
2025-12-22,08:24:08,TFIT16281140,101.596,12.502,5000000000,5121720000
2025-12-22,08:24:09,TFIT23250746,92.647,12.485,5000000000,4868650000
2025-12-22,08:24:12,TFIT34130358,96.345,12.450,5000000000,5284100000
2025-12-22,08:24:13,TFIT34130358,96.520,12.427,5000000000,5292850000
2025-12-22,08:24:14,TFIT11240135,96.249,12.451,5000000000,5346835000
2025-12-22,08:24:29,TFIT34130358,96.527,12.426,5000000000,5293200000
2025-12-22,08:24:48,TFIT23250746,92.667,12.482,5000000000,4869650000
2025-12-22,08:24:48,TFIT23250746,92.674,12.481,5000000000,4870000000
2025-12-22,08:25:47,TFIT23250746,92.881,12.451,1000000000,976070000
2025-12-22,08:26:08,TFIT16300632,77.397,12.200,1000000000,807532000
2025-12-22,08:26:27,TFIT16180930,84.461,12.237,5000000000,4323905000
2025-12-22,08:29:20,TFIT23250746,92.881,12.451,5000000000,4880350000
2025-12-22,08:29:20,TFIT23250746,92.888,12.450,1000000000,976140000
2025-12-22,08:29:20,TFIT23250746,93.026,12.430,5000000000,4887600000
2025-12-22,08:29:20,TFIT23250746,93.116,12.417,5000000000,4892100000
2025-12-22,08:29:20,TFIT23250746,93.136,12.414,5000000000,4893100000
2025-12-22,08:29:20,TFIT23250746,93.143,12.413,5000000000,4893450000
2025-12-22,08:29:20,TFIT23250746,93.149,12.412,5000000000,4893750000
2025-12-22,08:29:20,TFIT23250746,93.149,12.412,5000000000,4893750000
2025-12-22,08:29:20,TFIT23250746,93.150,12.412,5000000000,4893800000
2025-12-22,08:29:20,TFIT23250746,93.150,12.412,5000000000,4893800000
2025-12-22,08:29:20,TFIT23250746,93.233,12.400,1000000000,979590000
2025-12-22,08:29:45,TFIT34130358,96.726,12.400,3500000000,3712205000
2025-12-22,08:29:49,TFIT05220829,96.692,12.121,5000000000,5018435000
2025-12-22,08:29:53,TFIT16180930,84.472,12.233,5000000000,4324455000
2025-12-22,08:29:53,TFIT16180930,84.473,12.233,5000000000,4324505000
2025-12-22,08:29:53,TFIT16180930,84.473,12.233,5000000000,4324505000
2025-12-22,08:29:53,TFIT16180930,84.477,12.232,5000000000,4324705000
2025-12-22,08:29:55,TFIT11090233,104.730,12.200,5000000000,5810060000
2025-12-22,08:30:06,TFIT11240135,96.507,12.400,2000000000,2143894000
2025-12-22,08:30:46,TFIT05220829,96.714,12.113,6000000000,6023442000
2025-12-22,08:30:46,TFIT05220829,96.714,12.113,6000000000,6023442000
2025-12-22,08:30:46,TFIT05220829,96.715,12.113,6000000000,6023502000
2025-12-22,08:30:46,TFIT05220829,96.717,12.112,5000000000,5019685000
2025-12-22,08:30:46,TFIT05220829,96.717,12.112,5000000000,5019685000
2025-12-22,08:30:46,TFIT05220829,96.719,12.111,10000000000,10039570000
2025-12-22,08:30:46,TFIT05220829,96.720,12.111,10500000000,10541653500
2025-12-22,08:30:46,TFIT05220829,96.736,12.105,5000000000,5020635000
2025-12-22,08:30:46,TFIT05220829,96.736,12.105,10000000000,10041270000
2025-12-22,08:30:46,TFIT05220829,96.739,12.104,9500000000,9539491500
2025-12-22,08:31:09,TFIT16280428,89.501,11.300,1000000000,934133000
2025-12-22,08:31:29,TFIT16280428,89.501,11.300,4000000000,3736532000
2025-12-22,08:34:49,TFIT11240135,96.449,12.412,5000000000,5356835000
2025-12-22,08:34:49,TFIT11240135,96.455,12.411,3000000000,3214281000
2025-12-22,08:34:49,TFIT11240135,96.459,12.410,10000000000,10714670000
2025-12-22,08:34:49,TFIT11240135,96.460,12.410,10000000000,10714770000
2025-12-22,08:34:49,TFIT11240135,96.714,12.360,5000000000,5370085000
2025-12-22,08:34:49,TFIT11240135,96.769,12.350,5000000000,5372835000
2025-12-22,08:38:41,TFIT16280428,89.138,11.500,10000000000,9305030000
2025-12-22,08:38:50,TFIT05220829,96.723,12.110,20000000000,20079940000
2025-12-22,08:38:50,TFIT05220829,96.739,12.104,5000000000,5020785000
2025-12-22,08:38:50,TFIT05220829,96.778,12.090,1000000000,1004547000
2025-12-22,08:38:50,TFIT05220829,96.845,12.066,5000000000,5026085000
2025-12-22,08:38:50,TFIT05220829,96.847,12.065,5000000000,5026185000
2025-12-22,08:38:50,TFIT05220829,96.848,12.065,3500000000,3518364500
2025-12-22,08:38:50,TFIT05220829,96.850,12.064,5000000000,5026335000
2025-12-22,08:38:50,TFIT05220829,96.852,12.063,5000000000,5026435000
2025-12-22,08:38:50,TFIT05220829,96.853,12.063,5000000000,5026485000
2025-12-22,08:38:50,TFIT05220829,96.853,12.063,5000000000,5026485000
2025-12-22,08:38:50,TFIT05220829,96.856,12.062,6000000000,6031962000
2025-12-22,08:38:50,TFIT05220829,96.873,12.056,20000000000,20109940000
2025-12-22,08:39:42,TFIT16280428,89.047,11.550,5000000000,4647965000
2025-12-22,08:41:42,TFIT11240135,96.711,12.361,8500000000,9128889500
2025-12-22,08:41:42,TFIT11240135,96.712,12.361,5000000000,5369985000
2025-12-22,08:41:42,TFIT11240135,96.718,12.360,10000000000,10740570000
2025-12-22,08:41:42,TFIT11240135,96.769,12.350,10000000000,10745670000
2025-12-22,08:41:42,TFIT11240135,96.769,12.350,16000000000,17193072000
2025-12-22,08:41:42,TFIT11240135,96.821,12.340,10000000000,10750870000
2025-12-22,08:41:42,TFIT11240135,96.872,12.330,5000000000,5377985000
2025-12-22,08:41:43,TFIT11240135,96.872,12.330,5000000000,5377985000
2025-12-22,08:41:43,TFIT11240135,96.872,12.330,5000000000,5377985000
2025-12-22,08:41:43,TFIT11240135,97.018,12.302,5000000000,5385285000
2025-12-22,08:41:43,TFIT11240135,97.023,12.301,10000000000,10771070000
2025-12-22,08:41:43,TFIT11240135,97.023,12.301,5000000000,5385535000
2025-12-22,08:41:43,TFIT11240135,97.028,12.300,5000000000,5385785000
2025-12-22,08:44:06,TFIT05220829,96.887,12.051,15000000000,15084555000
2025-12-22,08:44:06,TFIT05220829,96.888,12.050,5000000000,5028235000
2025-12-22,08:44:06,TFIT05220829,96.888,12.050,40000000000,40225880000
2025-12-22,08:44:06,TFIT05220829,96.889,12.050,2000000000,2011314000
2025-12-22,08:44:06,TFIT05220829,96.917,12.040,1000000000,1005937000
2025-12-22,08:44:06,TFIT05220829,97.026,12.001,5000000000,5035135000
2025-12-22,08:44:06,TFIT05220829,97.028,12.000,1000000000,1007047000
2025-12-22,08:44:06,TFIT05220829,97.028,12.000,5000000000,5035235000
2025-12-22,08:44:06,TFIT05220829,97.028,12.000,5000000000,5035235000
2025-12-22,08:44:13,TFIT16280428,89.410,11.350,5000000000,4666115000
2025-12-22,08:44:17,TFIT11240135,97.028,12.300,4000000000,4308628000
2025-12-22,08:44:37,TFIT11240135,97.132,12.280,3000000000,3234591000
2025-12-22,08:45:44,TFIT16281140,102.617,12.351,5000000000,5172770000
2025-12-22,08:45:44,TFIT16281140,102.624,12.350,5000000000,5173120000
2025-12-22,08:45:44,TFIT16281140,102.965,12.300,5000000000,5190170000
2025-12-22,08:45:44,TFIT16281140,102.966,12.300,5000000000,5190220000
2025-12-22,08:45:52,TFIT16281140,103.096,12.281,5000000000,5196720000
2025-12-22,08:48:20,TFIT05220829,97.029,12.000,15000000000,15105855000
2025-12-22,08:49:26,TFIT05220829,97.029,12.000,15000000000,15105855000
2025-12-22,08:49:26,TFIT05220829,97.084,11.980,10000000000,10076070000
2025-12-22,08:51:08,TFIT11240135,96.769,12.350,5000000000,5372835000
2025-12-22,08:53:47,TFIT16181034,74.322,12.139,5000000000,3780655000
2025-12-22,08:53:47,TFIT16181034,74.593,12.076,5000000000,3794205000
2025-12-22,08:55:04,TFIT34130358,97.653,12.280,5000000000,5349500000
2025-12-22,08:55:40,TFIT05220829,96.889,12.050,5000000000,5028285000
2025-12-22,09:10:07,TFIT31261050,62.209,12.100,5000000000,3167060000
2025-12-22,09:10:36,TFIT11240135,96.408,12.420,5000000000,5354785000
2025-12-22,09:28:24,TFIT16281140,102.474,12.372,5000000000,5165620000
2025-12-22,09:28:24,TFIT16281140,102.480,12.371,9000000000,9298656000
2025-12-22,09:28:25,TFIT16281140,102.488,12.370,5000000000,5166320000
2025-12-22,09:28:25,TFIT16281140,102.488,12.370,5000000000,5166320000
2025-12-22,09:28:25,TFIT16281140,102.556,12.360,5000000000,5169720000
2025-12-22,09:28:25,TFIT16281140,102.590,12.355,5000000000,5171420000
2025-12-22,09:28:25,TFIT16281140,102.624,12.350,5000000000,5173120000
2025-12-22,09:28:25,TFIT16281140,102.657,12.345,8000000000,8279632000
2025-12-22,09:28:25,TFIT16281140,102.658,12.345,10000000000,10349640000
2025-12-22,09:28:25,TFIT16281140,102.692,12.340,10000000000,10353040000
2025-12-22,09:28:25,TFIT16281140,102.747,12.332,10000000000,10358540000
2025-12-22,09:28:25,TFIT16281140,102.754,12.331,5000000000,5179620000
2025-12-22,09:28:25,TFIT16281140,102.767,12.329,5000000000,5180270000
2025-12-22,09:28:25,TFIT16281140,102.828,12.320,5000000000,5183320000
2025-12-22,09:28:25,TFIT16281140,102.966,12.300,3000000000,3114132000
2025-12-22,09:28:28,TFIT11240135,96.511,12.400,5000000000,5359935000
2025-12-22,09:28:28,TFIT11240135,96.589,12.385,5000000000,5363835000
2025-12-22,09:28:28,TFIT11240135,96.609,12.381,5000000000,5364835000
2025-12-22,09:28:28,TFIT11240135,96.612,12.380,5000000000,5364985000
2025-12-22,09:28:28,TFIT11240135,96.614,12.380,5000000000,5365085000
2025-12-22,09:28:28,TFIT11240135,96.718,12.360,10000000000,10740570000
2025-12-22,09:28:28,TFIT11240135,96.738,12.356,10000000000,10742570000
2025-12-22,09:28:28,TFIT11240135,96.742,12.355,5000000000,5371485000
2025-12-22,09:28:28,TFIT11240135,96.743,12.355,5000000000,5371535000
2025-12-22,09:28:28,TFIT11240135,96.743,12.355,5000000000,5371535000
2025-12-22,09:28:28,TFIT11240135,96.743,12.355,5000000000,5371535000
2025-12-22,09:28:28,TFIT11240135,96.759,12.352,5000000000,5372335000
2025-12-22,09:28:28,TFIT11240135,96.759,12.352,5000000000,5372335000
2025-12-22,09:28:28,TFIT11240135,96.764,12.351,5000000000,5372585000
2025-12-22,09:28:28,TFIT11240135,96.764,12.351,5000000000,5372585000
2025-12-22,09:28:29,TFIT11240135,96.816,12.341,6000000000,6450222000
2025-12-22,09:28:29,TFIT11240135,96.842,12.336,9000000000,9677673000
2025-12-22,09:28:29,TFIT23250746,93.574,12.351,5000000000,4915000000
2025-12-22,09:28:29,TFIT23250746,93.686,12.335,5000000000,4920600000
2025-12-22,09:28:32,TFIT05220829,96.775,12.091,5000000000,5022585000
2025-12-22,09:28:32,TFIT05220829,96.789,12.086,5000000000,5023285000
2025-12-22,09:28:32,TFIT05220829,96.789,12.086,5000000000,5023285000
2025-12-22,09:28:33,TFIT23250746,93.721,12.330,5000000000,4922350000
2025-12-22,09:28:36,TFIT05220829,96.789,12.086,5000000000,5023285000
2025-12-22,09:28:46,TFIT16090736,66.274,12.051,5000000000,3455825000
2025-12-22,09:28:46,TFIT16090736,66.279,12.050,10000000000,6912150000
2025-12-22,09:28:46,TFIT16090736,66.388,12.025,5000000000,3461525000
2025-12-22,09:28:47,TFIT05220829,96.843,12.066,5000000000,5025985000
2025-12-22,09:29:12,TFIT11240135,96.873,12.330,5000000000,5378035000
2025-12-22,09:29:12,TFIT11240135,96.873,12.330,5000000000,5378035000
2025-12-22,09:29:12,TFIT11240135,96.899,12.325,1000000000,1075867000
2025-12-22,09:29:12,TFIT11240135,96.914,12.322,1500000000,1614025500
2025-12-22,09:29:12,TFIT11240135,96.951,12.315,5000000000,5381935000
2025-12-22,09:29:12,TFIT11240135,96.977,12.310,5000000000,5383235000
2025-12-22,09:29:12,TFIT11240135,97.018,12.302,5000000000,5385285000
2025-12-22,09:29:12,TFIT11240135,97.028,12.300,5000000000,5385785000
2025-12-22,09:29:12,TFIT11240135,97.028,12.300,1000000000,1077157000
2025-12-22,09:29:16,TFIT05220829,96.839,12.068,15000000000,15077355000
2025-12-22,09:29:46,TFIT05220829,96.847,12.065,15000000000,15078555000
2025-12-22,09:29:46,TFIT05220829,96.856,12.062,1000000000,1005327000
2025-12-22,09:29:46,TFIT05220829,96.939,12.032,5000000000,5030785000
2025-12-22,09:29:46,TFIT05220829,96.939,12.032,10000000000,10061570000
2025-12-22,09:29:46,TFIT05220829,96.945,12.030,5000000000,5031085000
2025-12-22,09:29:46,TFIT05220829,96.959,12.025,10000000000,10063570000
2025-12-22,09:29:46,TFIT05220829,96.973,12.020,10000000000,10064970000
2025-12-22,09:29:46,TFIT05220829,96.992,12.013,5000000000,5033435000
2025-12-22,09:29:46,TFIT05220829,96.995,12.012,5000000000,5033585000
2025-12-22,09:29:46,TFIT05220829,97.015,12.005,2000000000,2013834000
2025-12-22,09:29:46,TFIT05220829,97.025,12.001,1000000000,1007017000
2025-12-22,09:29:46,TFIT05220829,97.026,12.001,11000000000,11077297000
2025-12-22,09:29:55,TFIT05220829,97.025,12.001,9000000000,9063153000
2025-12-22,09:29:55,TFIT05220829,97.026,12.001,9000000000,9063243000
2025-12-22,09:29:57,TFIT05220829,97.022,12.002,5000000000,5034935000
2025-12-22,09:29:58,TFIT05220829,97.023,12.002,4000000000,4027988000
2025-12-22,09:30:00,TFIT05220829,97.023,12.002,1000000000,1006997000
2025-12-22,09:30:17,TFIT08031127,91.913,10.740,5000000000,4634245000
2025-12-22,09:31:15,TFIT10260331,80.552,12.205,5000000000,4287465000
2025-12-22,09:31:15,TFIT10260331,80.568,12.200,5000000000,4288265000
2025-12-22,09:31:41,TFIT11240135,96.977,12.310,10000000000,10766470000
2025-12-22,09:31:41,TFIT11240135,97.023,12.301,1500000000,1615660500
2025-12-22,09:31:41,TFIT11240135,97.028,12.300,5000000000,5385785000
2025-12-22,09:31:41,TFIT11240135,97.028,12.300,48500000000,52242114500
2025-12-22,09:35:06,TFIT10260331,80.617,12.185,5000000000,4290715000
2025-12-22,09:37:19,TFIT31261050,61.818,12.176,5000000000,3147510000
2025-12-22,09:37:51,TFIT16180930,84.789,12.131,2000000000,1736122000
2025-12-22,09:37:56,TFIT08031127,91.921,10.735,5000000000,4634645000
2025-12-22,09:37:57,TFIT08031127,91.921,10.735,5000000000,4634645000
2025-12-22,09:42:28,TFIT11240135,96.769,12.350,5000000000,5372835000
2025-12-22,09:45:36,TFIT11240135,96.769,12.350,5000000000,5372835000
2025-12-22,09:52:22,TFIT11240135,96.769,12.350,10000000000,10745670000
2025-12-22,09:54:47,TFIT08031127,91.837,10.790,5000000000,4630445000
2025-12-22,09:54:47,TFIT08031127,91.824,10.799,1000000000,925959000
2025-12-22,09:54:47,TFIT08031127,91.822,10.800,5000000000,4629695000
2025-12-22,09:54:47,TFIT08031127,91.821,10.801,5000000000,4629645000
2025-12-22,09:54:47,TFIT08031127,91.804,10.812,5000000000,4628795000
2025-12-22,09:54:47,TFIT08031127,91.804,10.812,5000000000,4628795000
2025-12-22,09:54:47,TFIT08031127,91.803,10.813,5000000000,4628745000
2025-12-22,09:54:47,TFIT08031127,91.800,10.815,5000000000,4628595000
2025-12-22,09:54:47,TFIT08031127,91.798,10.816,20000000000,18513980000
2025-12-22,09:54:47,TFIT08031127,91.794,10.819,5000000000,4628295000
2025-12-22,09:54:47,TFIT08031127,91.792,10.820,5000000000,4628195000
2025-12-22,09:54:47,TFIT08031127,91.777,10.830,5000000000,4627445000
2025-12-22,09:54:47,TFIT08031127,91.772,10.833,4000000000,3701756000
2025-12-22,09:54:51,TFIT08031127,91.772,10.833,1000000000,925439000
2025-12-22,09:54:55,TFIT16090736,65.843,12.150,5000000000,3434275000
2025-12-22,09:54:55,TFIT08031127,91.747,10.850,5000000000,4625945000
2025-12-22,09:55:15,TFIT05220829,96.750,12.100,4500000000,4519201500
2025-12-22,09:55:48,TFIT08031127,91.747,10.850,5000000000,4625945000
2025-12-22,09:55:49,TFIT08031127,91.747,10.850,5000000000,4625945000
2025-12-22,09:55:50,TFIT08031127,91.747,10.850,5000000000,4625945000
2025-12-22,10:20:44,TFIT34130358,96.421,12.440,5000000000,5287900000
2025-12-22,10:20:44,TFIT34130358,96.352,12.449,5000000000,5284450000
2025-12-22,10:20:44,TFIT34130358,96.352,12.449,5000000000,5284450000
2025-12-22,10:20:44,TFIT34130358,96.345,12.450,5000000000,5284100000
2025-12-22,10:20:50,TFIT16090736,65.843,12.150,5000000000,3434275000
2025-12-22,10:20:51,TFIT31261050,62.054,12.130,10000000000,6318620000
2025-12-22,10:32:43,TFIT16281140,102.304,12.397,5000000000,5157120000
2025-12-22,10:43:36,TFIT11240135,96.656,12.372,10000000000,10734370000
2025-12-22,10:43:36,TFIT11240135,96.661,12.371,5000000000,5367435000
2025-12-22,10:43:36,TFIT11240135,96.768,12.350,10000000000,10745570000
2025-12-22,10:43:36,TFIT11240135,96.769,12.350,5000000000,5372835000
2025-12-22,10:43:36,TFIT11240135,96.769,12.350,5000000000,5372835000
2025-12-22,10:43:36,TFIT11240135,96.790,12.346,2500000000,2686942500
2025-12-22,10:43:36,TFIT11240135,96.847,12.335,5000000000,5376735000
2025-12-22,10:43:36,TFIT11240135,96.862,12.332,5000000000,5377485000
2025-12-22,10:43:36,TFIT11240135,96.873,12.330,5000000000,5378035000
2025-12-22,10:43:36,TFIT11240135,96.977,12.310,5000000000,5383235000
2025-12-22,10:43:36,TFIT11240135,96.977,12.310,5000000000,5383235000
2025-12-22,10:43:36,TFIT11240135,97.023,12.301,5000000000,5385535000
2025-12-22,10:43:36,TFIT11240135,97.024,12.301,5000000000,5385585000
2025-12-22,10:43:36,TFIT11240135,97.025,12.300,2000000000,2154254000
2025-12-22,10:43:36,TFIT11240135,97.028,12.300,75000000000,80786775000
2025-12-22,10:43:42,TFIT23250746,93.574,12.351,5000000000,4915000000
2025-12-22,10:44:02,TFIT11240135,97.028,12.300,5500000000,5924363500
2025-12-22,10:46:03,TFIT16090736,66.498,12.000,5000000000,3467025000
2025-12-22,10:46:03,TFIT16090736,66.500,11.999,5000000000,3467125000
2025-12-22,10:46:03,TFIT16090736,66.519,11.995,5000000000,3468075000
2025-12-22,10:46:03,TFIT16090736,66.560,11.986,2000000000,1388050000
2025-12-22,10:46:03,TFIT16090736,66.564,11.985,2000000000,1388130000
2025-12-22,10:46:03,TFIT16090736,66.572,11.983,5000000000,3470725000
2025-12-22,10:46:03,TFIT16090736,66.573,11.983,5000000000,3470775000
2025-12-22,10:46:03,TFIT16090736,66.582,11.981,15000000000,10413675000
2025-12-22,10:46:03,TFIT16090736,66.586,11.980,5000000000,3471425000
2025-12-22,10:46:03,TFIT16090736,66.586,11.980,5000000000,3471425000
2025-12-22,10:46:03,TFIT16090736,66.608,11.975,5000000000,3472525000
2025-12-22,10:46:03,TFIT16090736,66.657,11.964,3000000000,2084985000
2025-12-22,10:46:03,TFIT16090736,66.670,11.961,5000000000,3475625000
2025-12-22,10:46:03,TFIT16090736,66.710,11.952,5000000000,3477625000
2025-12-22,10:46:03,TFIT16090736,66.719,11.950,5000000000,3478075000
2025-12-22,10:46:10,TFIT16281140,102.617,12.351,1000000000,1034554000
2025-12-22,10:46:10,TFIT05220829,96.803,12.081,1000000000,1004797000
2025-12-22,10:46:11,TFIT11240135,96.961,12.313,5000000000,5382435000
2025-12-22,10:46:12,TFIT16281140,102.617,12.351,4000000000,4138216000
2025-12-22,10:46:12,TFIT16281140,102.622,12.350,1000000000,1034604000
2025-12-22,10:46:13,TFIT16281140,102.622,12.350,4000000000,4138416000
2025-12-22,10:46:42,TFIT10260331,80.407,12.250,5000000000,4280215000
2025-12-22,10:46:58,TFIT23250746,93.714,12.331,1000000000,984400000
2025-12-22,10:46:58,TFIT23250746,93.714,12.331,5000000000,4922000000
2025-12-22,10:46:58,TFIT23250746,93.721,12.330,1500000000,1476705000
2025-12-22,10:46:58,TFIT23250746,93.756,12.325,5000000000,4924100000
2025-12-22,10:46:58,TFIT23250746,93.791,12.320,5000000000,4925850000
2025-12-22,10:46:58,TFIT23250746,93.819,12.316,5000000000,4927250000
2025-12-22,10:46:58,TFIT23250746,93.819,12.316,5000000000,4927250000
2025-12-22,10:46:58,TFIT23250746,93.861,12.310,5000000000,4929350000
2025-12-22,10:46:58,TFIT23250746,93.910,12.303,1000000000,986360000
2025-12-22,10:46:58,TFIT23250746,93.932,12.300,1000000000,986580000
2025-12-22,10:46:58,TFIT23250746,94.277,12.251,5000000000,4950150000
2025-12-22,10:46:58,TFIT23250746,94.284,12.250,1000000000,990100000
2025-12-22,10:46:58,TFIT23250746,94.284,12.250,5000000000,4950500000
2025-12-22,10:46:59,TFIT16180930,84.421,12.250,1000000000,864381000
2025-12-22,10:46:59,TFIT16180930,84.464,12.236,14000000000,12107354000
2025-12-22,10:47:03,TFIT16280428,89.190,11.471,3000000000,2793069000
2025-12-22,10:47:03,TFIT11240135,96.919,12.321,9500000000,10222636500
2025-12-22,10:47:03,TFIT16090736,66.957,11.896,5000000000,3489975000
2025-12-22,10:47:05,TFIT16300632,77.397,12.200,5000000000,4037660000
2025-12-22,10:47:05,TFIT21280542,79.921,12.100,15000000000,12778830000
2025-12-22,10:47:05,TFIT21280542,80.010,12.085,5000000000,4264060000
2025-12-22,10:47:05,TFIT21280542,80.039,12.080,5000000000,4265510000
2025-12-22,10:47:05,TFIT21280542,80.039,12.080,5000000000,4265510000
2025-12-22,10:47:05,TFIT21280542,80.092,12.071,5000000000,4268160000
2025-12-22,10:47:06,TFIT10260331,80.556,12.204,5000000000,4287665000
2025-12-22,10:47:06,TFIT08031127,91.775,10.831,5000000000,4627345000
2025-12-22,10:47:07,TFIT11090233,104.525,12.243,6000000000,6959772000
2025-12-22,10:47:08,TFIT21280542,80.092,12.071,15000000000,12804480000
2025-12-22,10:47:08,TFIT08031127,91.775,10.831,5000000000,4627345000
2025-12-22,10:47:11,TFIT11090233,104.578,12.232,2000000000,2320984000
2025-12-22,10:47:12,TFIT11240135,96.971,12.311,10000000000,10765870000
2025-12-22,10:47:13,TFIT11090233,104.587,12.230,2000000000,2321164000
2025-12-22,10:47:14,TFIT11240135,96.977,12.310,10000000000,10766470000
2025-12-22,10:47:16,TFIT11240135,97.184,12.270,10000000000,10787170000
2025-12-22,10:47:42,TFIT31261050,62.517,12.041,3000000000,1909476000
2025-12-22,10:47:42,TFIT31261050,62.522,12.040,5000000000,3182710000
2025-12-22,10:47:42,TFIT31261050,62.727,12.001,3000000000,1915776000
2025-12-22,10:47:42,TFIT31261050,62.732,12.000,5000000000,3193210000
2025-12-22,10:47:42,TFIT31261050,62.990,11.951,5000000000,3206110000
2025-12-22,10:47:42,TFIT31261050,62.996,11.950,5000000000,3206410000
2025-12-22,10:47:51,TFIT16181034,74.584,12.078,5000000000,3793755000
2025-12-22,10:47:51,TFIT16181034,74.584,12.078,5000000000,3793755000
2025-12-22,10:47:51,TFIT16181034,74.588,12.077,5000000000,3793955000
2025-12-22,10:47:51,TFIT16181034,74.593,12.076,1000000000,758841000
2025-12-22,10:47:51,TFIT16181034,74.593,12.076,1000000000,758841000
2025-12-22,10:47:51,TFIT16181034,74.593,12.076,1000000000,758841000
2025-12-22,10:47:57,TFIT05220829,96.900,12.046,15000000000,15086505000
2025-12-22,10:47:59,TFIT05220829,96.903,12.045,10000000000,10057970000
2025-12-22,10:48:01,TFIT05220829,96.903,12.045,1000000000,1005797000
2025-12-22,10:48:01,TFIT05220829,96.917,12.040,4500000000,4526716500
2025-12-22,10:48:03,TFIT05220829,96.917,12.040,1000000000,1005937000
2025-12-22,10:48:05,TFIT10260331,80.633,12.180,1000000000,858303000
2025-12-22,10:48:20,TFIT11090233,104.787,12.188,2000000000,2325164000
2025-12-22,10:48:38,TFIT34130358,97.033,12.360,4000000000,4254800000
2025-12-22,10:48:38,TFIT34130358,97.443,12.307,1500000000,1601700000
2025-12-22,10:48:38,TFIT34130358,98.083,12.225,15000000000,16113000000
2025-12-22,10:48:56,TFIT16281140,102.966,12.300,5000000000,5190220000
2025-12-22,10:52:56,TFIT16180930,84.575,12.200,1000000000,865921000
2025-12-22,10:52:56,TFIT16180930,84.575,12.200,4000000000,3463684000
2025-12-22,10:52:58,TFIT16180930,84.575,12.200,1000000000,865921000
2025-12-22,10:53:27,TFIT16180930,84.575,12.200,6000000000,5195526000
2025-12-22,10:54:44,TFIT21280542,80.395,12.020,15000000000,12849930000
2025-12-22,10:55:09,TFIT34130358,98.628,12.156,5000000000,5398250000
2025-12-22,10:55:09,TFIT34130358,98.635,12.155,20000000000,21594400000
2025-12-22,10:55:09,TFIT34130358,98.652,12.153,5000000000,5399450000
2025-12-22,10:55:50,TFIT16281140,103.158,12.272,5000000000,5199820000
2025-12-22,10:55:50,TFIT16281140,103.165,12.271,6000000000,6240204000
2025-12-22,10:55:50,TFIT16281140,103.309,12.250,1000000000,1041474000
2025-12-22,10:55:50,TFIT16281140,103.655,12.200,10000000000,10449340000
2025-12-22,10:55:50,TFIT16281140,103.655,12.200,5000000000,5224670000
2025-12-22,10:55:56,TFIT11240135,97.440,12.221,10000000000,10812770000
2025-12-22,10:55:57,TFIT11240135,97.445,12.220,10000000000,10813270000
2025-12-22,10:56:00,TFIT16280428,89.263,11.431,4000000000,3727012000
2025-12-22,10:56:00,TFIT16280428,89.265,11.430,3000000000,2795319000
2025-12-22,10:56:09,TFIT10260331,80.682,12.165,8500000000,7299740500
2025-12-22,10:56:34,TFIT23250746,94.639,12.200,5000000000,4968250000
2025-12-22,10:56:34,TFIT23250746,94.767,12.182,9500000000,9451835000
2025-12-22,10:56:34,TFIT23250746,95.067,12.140,5000000000,4989650000
2025-12-22,10:56:37,TFIT16300632,77.679,12.123,5000000000,4051760000
2025-12-22,10:56:37,TFIT16300632,77.679,12.123,5000000000,4051760000
2025-12-22,10:57:23,TFIT16181034,75.129,11.952,5000000000,3821005000
2025-12-22,10:57:23,TFIT16181034,75.134,11.951,10000000000,7642510000
2025-12-22,10:57:23,TFIT16181034,75.138,11.950,5000000000,3821455000
2025-12-22,10:57:23,TFIT16181034,75.138,11.950,5000000000,3821455000
2025-12-22,10:57:23,TFIT16181034,75.138,11.950,5000000000,3821455000
2025-12-22,10:57:29,TFIT10260331,80.730,12.150,10000000000,8592730000
2025-12-22,10:57:32,TFIT11090233,105.058,12.131,5000000000,5826460000
2025-12-22,10:57:32,TFIT11090233,105.063,12.130,5000000000,5826710000
2025-12-22,10:57:34,TFIT16180930,84.730,12.150,1000000000,867471000
2025-12-22,10:57:35,TFIT16180930,84.730,12.150,1000000000,867471000
2025-12-22,10:57:36,TFIT21280542,80.424,12.015,5000000000,4284760000
2025-12-22,10:57:36,TFIT21280542,80.430,12.014,20000000000,17140240000
2025-12-22,10:57:36,TFIT21280542,80.486,12.004,20000000000,17151440000
2025-12-22,10:57:37,TFIT11090233,105.111,12.120,10000000000,11658220000
2025-12-22,10:57:37,TFIT16280428,89.265,11.430,2000000000,1863546000
2025-12-22,10:57:37,TFIT16280428,89.265,11.430,3000000000,2795319000
2025-12-22,10:57:38,TFIT16280428,89.265,11.430,2000000000,1863546000
2025-12-22,10:57:40,TFIT05220829,97.001,12.010,3000000000,3020331000
2025-12-22,10:57:50,TFIT05220829,97.015,12.005,1500000000,1510375500
2025-12-22,10:58:07,TFIT05220829,97.028,12.000,1000000000,1007047000
2025-12-22,10:58:07,TFIT05220829,97.029,12.000,5000000000,5035285000
2025-12-22,10:58:07,TFIT05220829,97.031,11.999,5000000000,5035385000
2025-12-22,10:58:07,TFIT05220829,97.054,11.991,5000000000,5036535000
2025-12-22,10:58:07,TFIT05220829,97.056,11.990,10000000000,10073270000
2025-12-22,10:58:07,TFIT05220829,97.079,11.982,1000000000,1007557000
2025-12-22,10:58:07,TFIT05220829,97.082,11.981,10000000000,10075870000
2025-12-22,10:58:07,TFIT05220829,97.084,11.980,10000000000,10076070000
2025-12-22,10:58:07,TFIT05220829,97.112,11.970,9000000000,9070983000
2025-12-22,10:58:25,TFIT11240135,97.806,12.151,10000000000,10849370000
2025-12-22,10:58:26,TFIT11240135,97.812,12.150,10000000000,10849970000
2025-12-22,10:58:26,TFIT11240135,98.043,12.106,10000000000,10873070000
2025-12-22,10:58:26,TFIT11240135,98.064,12.102,5000000000,5437585000
2025-12-22,10:58:26,TFIT11240135,98.069,12.101,5000000000,5437835000
2025-12-22,10:58:26,TFIT11240135,98.075,12.100,5000000000,5438135000
2025-12-22,10:58:26,TFIT11240135,98.075,12.100,5000000000,5438135000
2025-12-22,10:58:33,TFIT10260331,80.892,12.100,5000000000,4304465000
2025-12-22,10:58:35,TFIT16180930,84.885,12.100,1000000000,869021000
2025-12-22,10:58:36,TFIT16180930,84.885,12.100,1000000000,869021000
2025-12-22,10:58:49,TFIT11090233,105.604,12.017,1000000000,1170752000
2025-12-22,10:58:52,TFIT05220829,97.115,11.969,6000000000,6047502000
2025-12-22,10:58:52,TFIT05220829,97.137,11.961,1000000000,1008137000
2025-12-22,10:58:52,TFIT05220829,97.154,11.955,5000000000,5041535000
2025-12-22,10:58:52,TFIT05220829,97.167,11.950,10000000000,10084370000
2025-12-22,10:58:58,TFIT16280428,89.310,11.405,5000000000,4661115000
2025-12-22,10:58:59,TFIT16280428,89.317,11.401,1000000000,932293000
2025-12-22,11:00:37,TFIT11240135,97.969,12.120,41000000000,44549247000
2025-12-22,11:00:37,TFIT11240135,98.022,12.110,10000000000,10870970000
2025-12-22,11:00:37,TFIT11240135,98.075,12.100,1000000000,1087627000
2025-12-22,11:00:37,TFIT11240135,98.127,12.090,15000000000,16322205000
2025-12-22,11:00:37,TFIT11240135,98.180,12.080,5000000000,5443385000
2025-12-22,11:01:32,TFIT16281140,104.211,12.120,15000000000,15757410000
2025-12-22,11:01:32,TFIT16281140,104.351,12.100,15000000000,15778410000
2025-12-22,11:01:32,TFIT16281140,104.702,12.050,5000000000,5277020000
2025-12-22,11:01:32,TFIT16281140,104.702,12.050,5000000000,5277020000
2025-12-22,11:01:32,TFIT16281140,104.702,12.050,5000000000,5277020000
2025-12-22,11:02:03,TFIT34130358,99.460,12.052,5000000000,5439850000
2025-12-22,11:02:03,TFIT34130358,99.468,12.051,15000000000,16320750000
2025-12-22,11:02:11,TFIT08031127,91.819,10.802,8500000000,7870226500
2025-12-22,11:02:11,TFIT08031127,91.830,10.795,5000000000,4630095000
2025-12-22,11:02:11,TFIT08031127,91.839,10.789,5000000000,4630545000
2025-12-22,11:02:11,TFIT08031127,91.854,10.779,5000000000,4631295000
2025-12-22,11:02:11,TFIT08031127,91.868,10.770,5000000000,4631995000
2025-12-22,11:02:11,TFIT08031127,91.871,10.768,10000000000,9264290000
2025-12-22,11:02:11,TFIT08031127,91.940,10.722,5000000000,4635595000
2025-12-22,11:02:11,TFIT08031127,91.942,10.721,5000000000,4635695000
2025-12-22,11:02:11,TFIT08031127,91.942,10.721,1500000000,1390708500
2025-12-22,11:02:17,TFIT08031127,91.942,10.721,3500000000,3244986500
2025-12-22,11:02:17,TFIT08031127,91.943,10.720,1500000000,1390723500
2025-12-22,11:02:21,TFIT16280428,89.317,11.401,5000000000,4661465000
2025-12-22,11:02:26,TFIT16281140,104.421,12.090,15000000000,15788910000
2025-12-22,11:02:51,TFIT31261050,64.072,11.750,1000000000,652042000
2025-12-22,11:04:36,TFIT05220829,97.243,11.923,5000000000,5045985000
2025-12-22,11:04:36,TFIT05220829,97.243,11.923,6000000000,6055182000
2025-12-22,11:04:36,TFIT05220829,97.277,11.911,5000000000,5047685000
2025-12-22,11:04:36,TFIT05220829,97.280,11.910,20000000000,20191340000
2025-12-22,11:04:36,TFIT05220829,97.302,11.902,5000000000,5048935000
2025-12-22,11:04:36,TFIT05220829,97.304,11.901,20000000000,20196140000
2025-12-22,11:04:36,TFIT05220829,97.307,11.900,1000000000,1009837000
2025-12-22,11:04:36,TFIT05220829,97.308,11.900,50000000000,50492350000
2025-12-22,11:04:40,TFIT05220829,97.308,11.900,5000000000,5049235000
2025-12-22,11:04:40,TFIT16280428,89.319,11.400,5000000000,4661565000
2025-12-22,11:04:42,TFIT05220829,97.358,11.882,5000000000,5051735000
2025-12-22,11:04:49,TFIT10260331,81.218,12.000,5000000000,4320765000
2025-12-22,11:04:49,TFIT16280428,89.355,11.380,5000000000,4663365000
2025-12-22,11:05:19,TFIT16280428,89.446,11.330,2000000000,1867166000
2025-12-22,11:05:24,TFIT05220829,97.308,11.900,3000000000,3029541000
2025-12-22,11:06:59,TFIT15260826,99.269,8.551,5000000000,5084685000
2025-12-22,11:06:59,TFIT15260826,99.286,8.524,5000000000,5085535000
2025-12-22,11:06:59,TFIT15260826,99.286,8.524,5000000000,5085535000
2025-12-22,11:07:58,TFIT34130358,99.638,12.030,2000000000,2179500000
2025-12-22,11:07:58,TFIT34130358,99.881,12.000,5000000000,5460900000
2025-12-22,11:08:20,TFIT23250746,96.080,12.000,1000000000,1008060000
2025-12-22,11:08:32,TFIT16181034,75.269,11.920,2000000000,1531202000
2025-12-22,11:08:34,TFIT16181034,75.269,11.920,1500000000,1148401500
2025-12-22,11:08:35,TFIT05220829,97.308,11.900,5000000000,5049235000
2025-12-22,11:08:36,TFIT16281140,104.554,12.071,25000000000,26348100000
2025-12-22,11:08:36,TFIT16281140,104.561,12.070,2000000000,2107988000
2025-12-22,11:08:36,TFIT16281140,104.772,12.040,1000000000,1056104000
2025-12-22,11:08:36,TFIT16281140,105.055,12.000,5000000000,5294670000
2025-12-22,11:08:37,TFIT16181034,75.444,11.880,5000000000,3836755000
2025-12-22,11:09:03,TFIT16300632,78.319,11.950,1000000000,816752000
2025-12-22,11:12:25,TFIT11240135,98.233,12.070,25000000000,27230175000
2025-12-22,11:16:46,TFIT16300632,77.878,12.069,5000000000,4061710000
2025-12-22,11:16:51,TFIT16300632,77.875,12.070,5000000000,4061560000
2025-12-22,11:18:04,TFIT16281140,104.351,12.100,5500000000,5785417000
2025-12-22,11:18:04,TFIT16281140,104.421,12.090,19500000000,20525583000
2025-12-22,11:18:08,TFIT16281140,104.421,12.090,5500000000,5789267000
2025-12-22,11:23:48,TFIT31261050,63.353,11.883,1000000000,644852000
2025-12-22,11:23:48,TFIT31261050,63.353,11.883,1000000000,644852000
2025-12-22,11:23:48,TFIT31261050,63.353,11.883,1000000000,644852000
2025-12-22,11:23:48,TFIT31261050,63.342,11.885,2000000000,1289484000
2025-12-22,11:26:27,TFIT16180930,84.733,12.149,5000000000,4337505000
2025-12-22,11:26:27,TFIT16180930,84.733,12.149,5000000000,4337505000
2025-12-22,11:26:33,TFIT11240135,97.812,12.150,10000000000,10849970000
2025-12-22,11:26:34,TFIT16180930,84.730,12.150,5000000000,4337355000
2025-12-22,11:26:43,TFIT31261050,63.342,11.885,3000000000,1934226000
2025-12-22,11:26:45,TFIT05220829,97.057,11.990,5000000000,5036685000
2025-12-22,11:26:46,TFIT05220829,97.037,11.997,5000000000,5035685000
2025-12-22,11:26:47,TFIT05220829,97.034,11.998,5000000000,5035535000
2025-12-22,11:26:48,TFIT05220829,97.030,11.999,5000000000,5035335000
2025-12-22,11:35:36,TFIT11240135,97.812,12.150,40000000000,43399880000
2025-12-22,11:37:42,TFIT16281140,104.009,12.149,5000000000,5242370000
2025-12-22,11:37:42,TFIT16281140,104.002,12.150,20000000000,20968080000
2025-12-22,11:39:19,TFIT16281140,104.009,12.149,5000000000,5242370000
2025-12-22,11:39:19,TFIT16281140,104.002,12.150,10000000000,10484040000
2025-12-22,11:39:23,TFIT11240135,97.812,12.150,20000000000,21699940000
2025-12-22,11:39:43,TFIT16281140,104.002,12.150,1000000000,1048404000
2025-12-22,11:43:38,TFIT16281140,104.002,12.150,19000000000,19919676000
2025-12-22,11:44:19,TFIT16180930,84.730,12.150,3000000000,2602413000
2025-12-22,11:46:48,TFIT16180930,84.730,12.150,2000000000,1734942000
2025-12-22,11:59:04,TFIT05220829,97.001,12.010,30000000000,30203310000
2025-12-22,11:59:09,TFIT05220829,97.001,12.010,20000000000,20135540000
2025-12-22,11:59:23,TFIT16280428,89.265,11.430,5000000000,4658865000
2025-12-22,12:03:27,TFIT11240135,97.550,12.200,5000000000,5411885000
2025-12-22,12:03:36,TFIT16090736,66.614,11.973,5000000000,3472825000
2025-12-22,12:22:20,TFIT05220829,96.942,12.031,3000000000,3018561000
2025-12-22,12:22:20,TFIT05220829,96.942,12.031,5000000000,5030935000
2025-12-22,12:22:30,TFIT16180930,84.514,12.220,25000000000,21632775000
2025-12-22,12:23:31,TFIT10260331,80.572,12.199,5000000000,4288465000
2025-12-22,12:23:31,TFIT10260331,80.572,12.199,5000000000,4288465000
2025-12-22,12:23:31,TFIT10260331,80.568,12.200,5000000000,4288265000
2025-12-22,12:29:48,TFIT05220829,97.001,12.010,7000000000,7047439000
2025-12-22,12:32:52,TFIT08031127,91.898,10.750,2500000000,2316747500
2025-12-22,12:33:55,TFIT16280428,89.299,11.411,2000000000,1864226000
2025-12-22,12:34:53,TFIT05220829,97.076,11.983,5000000000,5037635000
2025-12-22,12:34:53,TFIT05220829,97.079,11.982,5000000000,5037785000
2025-12-22,12:34:53,TFIT05220829,97.081,11.981,3000000000,3022731000
2025-12-22,12:34:53,TFIT05220829,97.082,11.981,5000000000,5037935000
2025-12-22,12:34:53,TFIT05220829,97.084,11.980,1000000000,1007607000
2025-12-22,12:35:10,TFIT16280428,89.299,11.411,1000000000,932113000
2025-12-22,12:37:43,TFIT11240135,97.550,12.200,1000000000,1082377000
2025-12-22,12:38:09,TFIT11240135,97.810,12.150,5000000000,5424885000
2025-12-22,12:38:09,TFIT11240135,97.822,12.148,5000000000,5425485000
2025-12-22,12:39:20,TFIT11240135,98.022,12.110,5000000000,5435485000
2025-12-22,12:39:20,TFIT11240135,98.064,12.102,5000000000,5437585000
2025-12-22,12:39:20,TFIT11240135,98.067,12.101,5000000000,5437735000
2025-12-22,12:39:20,TFIT11240135,98.068,12.101,5000000000,5437785000
2025-12-22,12:39:20,TFIT11240135,98.069,12.101,3000000000,3262701000
2025-12-22,12:39:20,TFIT11240135,98.075,12.100,1000000000,1087627000
2025-12-22,12:39:20,TFIT11240135,98.075,12.100,25000000000,27190675000
2025-12-22,12:39:20,TFIT11240135,98.075,12.100,5000000000,5438135000
2025-12-22,12:39:20,TFIT11240135,98.085,12.098,5000000000,5438635000
2025-12-22,12:39:20,TFIT11240135,98.175,12.081,5000000000,5443135000
2025-12-22,12:39:20,TFIT11240135,98.180,12.080,19000000000,20684863000
2025-12-22,12:39:20,TFIT11240135,98.180,12.080,5000000000,5443385000
2025-12-22,12:39:20,TFIT11240135,98.302,12.057,5000000000,5449485000
2025-12-22,12:39:20,TFIT11240135,98.328,12.052,5000000000,5450785000
2025-12-22,12:39:20,TFIT11240135,98.333,12.051,5000000000,5451035000
2025-12-22,12:39:20,TFIT11240135,98.339,12.050,75000000000,81770025000
2025-12-22,12:39:20,TFIT11240135,98.339,12.050,5000000000,5451335000
2025-12-22,12:39:33,TFIT08031127,91.943,10.720,1000000000,927149000
2025-12-22,12:39:34,TFIT11090233,104.963,12.151,5000000000,5821710000
2025-12-22,12:39:35,TFIT34130358,99.363,12.064,1000000000,1087000000
2025-12-22,12:39:40,TFIT16180930,84.963,12.075,1000000000,869801000
2025-12-22,12:39:44,TFIT05220829,97.243,11.923,1000000000,1009197000
2025-12-22,12:39:44,TFIT11240135,98.498,12.020,5000000000,5459285000
2025-12-22,12:40:00,TFIT31261050,63.476,11.860,5000000000,3230410000
2025-12-22,12:41:38,TFIT11090233,105.111,12.120,1000000000,1165822000
2025-12-22,12:42:11,TFIT16280428,89.308,11.406,20000000000,18644060000
2025-12-22,12:42:11,TFIT16280428,89.310,11.405,25000000000,23305575000
2025-12-22,12:44:35,TFIT11240135,98.254,12.066,5000000000,5447085000
2025-12-22,12:44:37,TFIT11240135,98.259,12.065,5000000000,5447335000
2025-12-22,12:44:44,TFIT11240135,98.259,12.065,11000000000,11984137000
2025-12-22,12:44:44,TFIT11240135,98.286,12.060,50000000000,54486850000
2025-12-22,12:44:44,TFIT11240135,98.286,12.060,50000000000,54486850000
2025-12-22,12:44:44,TFIT11240135,98.286,12.060,50000000000,54486850000
2025-12-22,12:44:44,TFIT11240135,98.286,12.060,19000000000,20705003000
2025-12-22,12:44:47,TFIT11240135,98.286,12.060,5000000000,5448685000
2025-12-22,12:44:51,TFIT11240135,98.286,12.060,5000000000,5448685000
2025-12-22,12:44:59,TFIT11240135,98.286,12.060,21000000000,22884477000
2025-12-22,12:44:59,TFIT11240135,98.551,12.010,10000000000,10923870000
2025-12-22,12:44:59,TFIT11240135,98.599,12.001,5000000000,5464335000
2025-12-22,12:44:59,TFIT11240135,98.604,12.000,1000000000,1092917000
2025-12-22,12:45:08,TFIT16280428,89.323,11.398,4000000000,3729412000
2025-12-22,12:45:26,TFIT16281140,104.526,12.075,50000000000,52682200000
2025-12-22,12:45:26,TFIT16281140,104.526,12.075,50000000000,52682200000
2025-12-22,12:45:26,TFIT16281140,104.526,12.075,20000000000,21072880000
2025-12-22,12:45:26,TFIT16281140,104.892,12.023,5000000000,5286520000
2025-12-22,12:45:26,TFIT16281140,104.970,12.012,5000000000,5290420000
2025-12-22,12:45:26,TFIT16281140,105.027,12.004,1000000000,1058654000
2025-12-22,12:45:26,TFIT16281140,105.041,12.002,12000000000,12705528000
2025-12-22,12:45:26,TFIT16281140,105.055,12.000,5000000000,5294670000
2025-12-22,12:45:26,TFIT16281140,105.055,12.000,5000000000,5294670000
2025-12-22,12:45:31,TFIT31261050,63.800,11.800,5000000000,3246610000
2025-12-22,12:45:55,TFIT11240135,98.445,12.030,2000000000,2182654000
2025-12-22,12:45:55,TFIT11240135,98.498,12.020,15000000000,16377855000
2025-12-22,12:46:13,TFIT11240135,98.551,12.010,50000000000,54619350000
2025-12-22,12:46:13,TFIT11240135,98.652,11.991,5000000000,5466985000
2025-12-22,12:46:13,TFIT11240135,98.657,11.990,5000000000,5467235000
2025-12-22,12:46:13,TFIT11240135,98.668,11.988,5000000000,5467785000
2025-12-22,12:46:29,TFIT16090736,67.610,11.750,5000000000,3522625000
2025-12-22,12:46:29,TFIT16090736,67.836,11.700,5000000000,3533925000
2025-12-22,12:46:29,TFIT16090736,67.836,11.700,5000000000,3533925000
2025-12-22,12:47:17,TFIT10260331,80.886,12.102,5000000000,4304165000
2025-12-22,12:47:35,TFIT16181034,75.269,11.920,5000000000,3828005000
2025-12-22,12:47:42,TFIT23250746,95.421,12.090,60000000000,60088200000
2025-12-22,12:47:42,TFIT23250746,95.427,12.090,10000000000,10015300000
2025-12-22,12:47:42,TFIT23250746,95.571,12.070,50000000000,50148500000
2025-12-22,12:47:42,TFIT23250746,95.571,12.070,50000000000,50148500000
2025-12-22,12:47:42,TFIT23250746,95.600,12.066,5000000000,5016300000
2025-12-22,12:47:42,TFIT23250746,95.600,12.066,10000000000,10032600000
2025-12-22,12:47:42,TFIT23250746,95.651,12.059,5000000000,5018850000
2025-12-22,12:47:48,TFIT11240135,98.551,12.010,50000000000,54619350000
2025-12-22,12:47:53,TFIT16281140,105.055,12.000,9000000000,9530406000
2025-12-22,12:47:55,TFIT11090233,105.398,12.060,5000000000,5843460000
2025-12-22,12:47:56,TFIT11090233,105.436,12.052,1000000000,1169072000
2025-12-22,12:47:57,TFIT16281140,105.055,12.000,5000000000,5294670000
2025-12-22,12:47:59,TFIT05220829,97.241,11.924,5000000000,5045885000
2025-12-22,12:48:00,TFIT05220829,97.243,11.923,4000000000,4036788000
2025-12-22,12:48:01,TFIT16281140,105.055,12.000,5000000000,5294670000
2025-12-22,12:48:01,TFIT05220829,97.252,11.920,1500000000,1513930500
2025-12-22,12:48:02,TFIT05220829,97.280,11.910,1000000000,1009567000
2025-12-22,12:48:12,TFIT16300632,77.996,12.037,1000000000,813522000
2025-12-22,12:48:16,TFIT16300632,78.041,12.025,29500000000,24012174000
2025-12-22,12:48:16,TFIT16300632,78.052,12.022,5000000000,4070410000
2025-12-22,12:48:19,TFIT16300632,78.059,12.020,5000000000,4070760000
2025-12-22,12:48:38,TFIT10260331,81.176,12.013,5000000000,4318665000
2025-12-22,12:51:20,TFIT16181034,75.619,11.840,1500000000,1153651500
2025-12-22,12:55:56,TFIT31261050,63.487,11.858,5000000000,3230960000
2025-12-22,12:55:56,TFIT31261050,63.482,11.859,5000000000,3230710000
2025-12-22,12:55:56,TFIT31261050,63.476,11.860,5000000000,3230410000
2025-12-22,12:59:16,TFIT08031127,91.971,10.702,5000000000,4637145000
2025-12-22,12:59:16,TFIT08031127,91.971,10.702,1000000000,927429000
2025-12-22,12:59:16,TFIT08031127,91.972,10.701,5000000000,4637195000
2025-12-22,12:59:16,TFIT08031127,91.974,10.700,2000000000,1854918000
2025-12-22,12:59:16,TFIT08031127,91.975,10.699,10000000000,9274690000
2025-12-22,12:59:16,TFIT16280428,89.374,11.370,2500000000,2332157500
2025-12-22,12:59:26,TFIT31261050,63.530,11.850,15000000000,9699330000
2025-12-22,12:59:41,TFIT08031127,91.975,10.699,2000000000,1854938000
2025-12-22,12:59:54,TFIT08031127,91.974,10.700,7000000000,6492213000
2025-12-23,08:52:42,TFIT11090233,105.686,12.000,5000000000,5859675000
2025-12-23,09:07:42,TFIT23250746,94.582,12.207,3000000000,2980185000
2025-12-23,09:08:09,TFIT05220829,97.030,12.000,5000000000,5036840000
2025-12-23,09:25:15,TFIT23250746,94.852,12.170,1000000000,996095000
2025-12-23,09:26:05,TFIT23250746,94.853,12.169,1000000000,996105000
2025-12-23,09:55:34,TFIT16281140,104.000,12.150,1000000000,1048733000
2025-12-23,10:33:55,TFIT23250746,95.210,12.120,1000000000,999675000
2025-12-23,10:35:15,TFIT23250746,95.210,12.120,1000000000,999675000
2025-12-23,10:35:40,TFIT08031127,91.863,10.780,3000000000,2779521000
2025-12-23,10:40:15,TFIT05220829,97.030,12.000,5000000000,5036840000
2025-12-23,10:47:55,TFIT08031127,91.983,10.700,5000000000,4638535000
2025-12-23,10:47:55,TFIT08031127,91.984,10.700,5000000000,4638585000
2025-12-23,10:47:55,TFIT08031127,91.984,10.700,1000000000,927717000
2025-12-23,11:04:53,TFIT05220829,97.030,12.000,5000000000,5036840000
2025-12-23,11:04:53,TFIT05220829,97.030,12.000,5000000000,5036840000
2025-12-23,11:04:57,TFIT16180930,84.798,12.130,5000000000,4341820000
2025-12-23,11:05:01,TFIT16180930,84.755,12.144,2000000000,1735868000
2025-12-23,11:05:01,TFIT16180930,84.752,12.145,10000000000,8679040000
2025-12-23,11:05:01,TFIT16180930,84.736,12.150,20000000000,17354880000
2025-12-23,11:05:01,TFIT16180930,84.724,12.154,15000000000,13014360000
2025-12-23,11:05:01,TFIT16180930,84.702,12.161,2000000000,1734808000
2025-12-23,11:05:15,TFIT16180930,84.643,12.180,5000000000,4334070000
2025-12-23,11:05:16,TFIT16180930,84.653,12.177,5000000000,4334570000
2025-12-23,11:05:27,TFIT11090233,104.993,12.144,5000000000,5825025000
2025-12-23,11:05:28,TFIT10260331,80.612,12.189,5000000000,4291420000
2025-12-23,11:05:30,TFIT05220829,96.924,12.038,5000000000,5031540000
2025-12-23,11:05:32,TFIT11240135,97.863,12.140,5000000000,5429145000
2025-12-23,11:05:44,TFIT16281140,103.660,12.199,4000000000,4181332000
2025-12-23,11:06:08,TFIT31261050,63.161,11.919,1000000000,643131000
2025-12-23,11:06:08,TFIT31261050,63.161,11.919,1000000000,643131000
2025-12-23,11:06:08,TFIT31261050,63.155,11.920,5000000000,3215355000
2025-12-23,11:06:08,TFIT31261050,63.049,11.940,3000000000,1926033000
2025-12-23,11:06:13,TFIT11240135,97.866,12.140,5000000000,5429295000
2025-12-23,11:06:13,TFIT11240135,97.829,12.147,4000000000,4341956000
2025-12-23,11:06:15,TFIT11240135,97.829,12.147,5000000000,5427445000
2025-12-23,11:06:45,TFIT16180930,84.643,12.180,1000000000,866814000
2025-12-23,11:10:41,TFIT05220829,96.932,12.035,3000000000,3019164000
2025-12-23,11:15:51,TFIT05220829,96.946,12.030,5000000000,5032640000
2025-12-23,11:15:51,TFIT05220829,96.946,12.030,5000000000,5032640000
2025-12-23,11:16:27,TFIT11240135,97.866,12.140,5000000000,5429295000
2025-12-23,12:23:06,TFIT16300632,77.623,12.140,1500000000,1214974500
2025-12-23,12:24:05,TFIT23250746,94.852,12.170,1000000000,996095000
2025-12-23,12:24:05,TFIT23250746,94.638,12.200,16500000000,16400257500
2025-12-23,12:24:05,TFIT23250746,94.638,12.200,5000000000,4969775000
2025-12-23,12:24:05,TFIT23250746,94.638,12.200,5000000000,4969775000
2025-12-23,12:24:05,TFIT23250746,94.638,12.200,1000000000,993955000
2025-12-23,12:24:05,TFIT23250746,94.631,12.201,5000000000,4969425000
2025-12-23,12:24:05,TFIT23250746,94.624,12.202,6500000000,6459797500
2025-12-23,12:24:12,TFIT16090736,66.949,11.899,5000000000,3490430000
2025-12-23,12:24:13,TFIT05220829,96.918,12.040,5000000000,5031240000
2025-12-23,12:24:14,TFIT16090736,66.945,11.900,2000000000,1396092000
2025-12-23,12:24:19,TFIT16181034,74.584,12.079,1000000000,758950000
2025-12-23,12:24:22,TFIT16280428,89.240,11.450,5000000000,4658440000
2025-12-23,12:24:25,TFIT05220829,96.918,12.040,1000000000,1006248000
2025-12-23,12:25:11,TFIT11090233,104.920,12.160,5000000000,5821375000
2025-12-23,12:26:16,TFIT16280428,89.258,11.440,10000000000,9318680000
2025-12-23,12:26:24,TFIT16280428,89.242,11.449,3000000000,2795124000
2025-12-23,12:26:24,TFIT16280428,89.240,11.450,2000000000,1863376000
2025-12-23,12:26:27,TFIT16280428,89.240,11.450,3000000000,2795064000
2025-12-23,12:26:42,TFIT16090736,66.945,11.900,1000000000,698046000
2025-12-23,12:26:53,TFIT16181034,74.969,11.990,2000000000,1525600000
2025-12-23,12:30:04,TFIT11240135,97.233,12.261,1000000000,1079529000
2025-12-23,12:38:13,TFIT16180930,84.585,12.199,5000000000,4331170000
2025-12-23,12:38:14,TFIT16180930,84.582,12.200,5000000000,4331020000
2025-12-23,12:38:38,TFIT11090233,104.920,12.160,4000000000,4657100000
2025-12-23,12:41:11,TFIT05220829,96.918,12.040,5000000000,5031240000
2025-12-23,12:41:15,TFIT05220829,96.918,12.040,4000000000,4024992000
2025-12-23,12:41:15,TFIT05220829,96.913,12.042,1000000000,1006198000
2025-12-23,12:41:59,TFIT05220829,96.913,12.042,2000000000,2012396000
2025-12-23,12:43:54,TFIT08031127,91.786,10.831,5000000000,4628685000
2025-12-23,12:43:55,TFIT08031127,91.775,10.838,5000000000,4628135000
2025-12-23,12:50:09,TFIT16180930,84.705,12.160,1000000000,867434000
2025-12-23,12:54:49,TFIT16181034,75.147,11.949,5000000000,3822900000
2025-12-23,12:54:49,TFIT16181034,75.147,11.949,5000000000,3822900000
2025-12-23,12:54:49,TFIT16181034,75.147,11.949,5000000000,3822900000
2025-12-23,12:55:01,TFIT23250746,94.780,12.180,6500000000,6469937500
2025-12-23,12:55:10,TFIT21280542,80.396,12.020,7500000000,6426945000
2025-12-23,12:55:13,TFIT21280542,80.396,12.020,2500000000,2142315000
2025-12-23,12:55:38,TFIT16280428,89.229,11.456,5000000000,4657890000
2025-12-23,12:57:31,TFIT16180930,84.752,12.145,5000000000,4339520000
2025-12-23,12:57:36,TFIT08031127,91.984,10.700,5000000000,4638585000
2025-12-23,12:57:36,TFIT08031127,91.984,10.700,5000000000,4638585000
2025-12-23,12:57:36,TFIT08031127,92.085,10.633,5000000000,4643635000
2025-12-23,12:57:36,TFIT08031127,92.131,10.603,30000000000,27875610000
2025-12-23,12:57:39,TFIT08031127,92.134,10.601,5000000000,4646085000
2025-12-24,10:20:16,TFIT10260331,80.944,12.089,15000000000,12926940000
2025-12-24,10:20:16,TFIT10260331,80.944,12.089,5000000000,4308980000
2025-12-24,10:20:43,TFIT10260331,80.941,12.090,5000000000,4308830000
2025-12-24,10:20:49,TFIT10260331,80.941,12.090,5000000000,4308830000
2025-12-24,10:21:04,TFIT10260331,80.908,12.100,10000000000,8614360000
2025-12-24,10:21:06,TFIT10260331,80.905,12.101,10000000000,8614060000
2025-12-24,10:21:06,TFIT10260331,80.908,12.100,5000000000,4307180000
2025-12-24,10:21:13,TFIT05220829,97.108,11.972,3000000000,3025350000
2025-12-24,10:21:29,TFIT10260331,80.876,12.110,10000000000,8611160000
2025-12-24,10:22:19,TFIT34130358,98.361,12.190,1000000000,1077637000
2025-12-24,10:26:57,TFIT34130358,98.361,12.190,1000000000,1077637000
2025-12-24,10:28:16,TFIT10260331,80.782,12.139,10000000000,8601760000
2025-12-24,10:34:39,TFIT05220829,96.920,12.040,5000000000,5032850000
2025-12-24,11:15:42,TFIT16281140,103.789,12.180,10000000000,10469720000
2025-12-24,11:15:53,TFIT21280542,80.102,12.070,10000000000,8542390000
2025-12-24,11:16:06,TFIT08031127,91.842,10.800,5000000000,4632270000
2025-12-24,11:17:41,TFIT23250746,94.425,12.230,1000000000,992140000
2025-12-24,11:18:43,TFIT08031127,91.842,10.800,5000000000,4632270000
2025-12-24,12:11:49,TFIT08031127,91.918,10.750,1000000000,927214000
2025-12-24,12:18:38,TFIT11090233,104.731,12.200,10000000000,11627480000
2025-12-24,12:20:32,TFIT11240135,97.553,12.200,1000000000,1083051000
2025-12-24,12:21:38,TFIT11090233,104.731,12.200,1000000000,1162748000
2025-12-24,12:25:26,TFIT08031127,91.844,10.799,1000000000,926474000
2025-12-24,12:48:15,TFIT16090736,66.741,11.947,10000000000,6961770000
2025-12-24,12:48:15,TFIT16090736,66.732,11.949,10000000000,6960870000
2025-12-24,12:48:15,TFIT16090736,66.732,11.949,5000000000,3480435000
2025-12-24,12:48:15,TFIT16090736,66.728,11.950,15000000000,10440705000
2025-12-24,12:48:15,TFIT16090736,66.728,11.950,15000000000,10440705000
2025-12-24,12:48:15,TFIT16090736,66.728,11.950,15000000000,10440705000
2025-12-24,12:48:15,TFIT16090736,66.728,11.950,15000000000,10440705000
2025-12-24,12:48:15,TFIT16090736,66.728,11.950,15000000000,10440705000
2025-12-24,12:48:15,TFIT10260331,80.586,12.199,5000000000,4291080000
2025-12-24,12:48:15,TFIT10260331,80.585,12.200,5000000000,4291030000
2025-12-24,12:48:15,TFIT10260331,80.578,12.202,5000000000,4290680000
2025-12-24,12:48:16,TFIT10260331,80.578,12.202,5000000000,4290680000
2025-12-24,12:48:16,TFIT10260331,80.578,12.202,5000000000,4290680000
2025-12-24,12:48:16,TFIT10260331,80.577,12.202,5000000000,4290630000
2025-12-24,12:48:16,TFIT10260331,80.552,12.210,5000000000,4289380000
2025-12-24,12:48:32,TFIT31261050,62.580,12.029,2000000000,1275038000
2025-12-24,12:54:37,TFIT16181034,74.739,12.044,5000000000,3803490000
2025-12-24,12:56:01,TFIT08031127,91.767,10.850,1000000000,925704000
2025-12-24,12:56:06,TFIT08031127,91.767,10.850,14000000000,12959856000
2025-12-26,10:06:48,TFIT05220829,96.625,12.147,5000000000,5021115000
2025-12-26,10:06:48,TFIT05220829,96.622,12.148,5000000000,5020965000
2025-12-26,10:07:24,TFIT05220829,96.625,12.147,1000000000,1004223000
2025-12-26,10:07:24,TFIT05220829,96.622,12.148,3000000000,3012579000
2025-12-26,10:07:24,TFIT05220829,96.617,12.150,10000000000,10041430000
2025-12-26,10:07:58,TFIT23250746,94.106,12.275,5000000000,4947905000
2025-12-26,10:07:58,TFIT23250746,94.099,12.276,5000000000,4947555000
2025-12-26,10:07:58,TFIT23250746,94.043,12.284,2500000000,2472377500
2025-12-26,10:08:01,TFIT23250746,94.035,12.285,3000000000,2966613000
2025-12-26,10:08:01,TFIT23250746,94.020,12.287,5000000000,4943605000
2025-12-26,10:08:01,TFIT23250746,93.993,12.291,6000000000,5930706000
2025-12-26,10:08:01,TFIT23250746,93.986,12.292,11000000000,10872191000
2025-12-26,10:08:26,TFIT08031127,91.716,10.898,15000000000,13882635000
2025-12-26,10:08:47,TFIT34130358,97.501,12.300,1000000000,1069695000
2025-12-26,10:36:17,TFIT31261050,62.194,12.103,5000000000,3170280000
2025-12-26,10:43:46,TFIT16300632,77.240,12.250,1500000000,1210093500
2025-12-26,10:54:59,TFIT16281140,102.473,12.371,5000000000,5172555000
2025-12-26,10:54:59,TFIT16281140,102.459,12.373,5000000000,5171855000
2025-12-26,10:55:00,TFIT11240135,96.876,12.331,1000000000,1076924000
2025-12-26,10:55:00,TFIT11240135,96.876,12.331,5000000000,5384620000
2025-12-26,10:55:00,TFIT11240135,96.860,12.334,5000000000,5383820000
2025-12-26,10:55:00,TFIT05220829,96.561,12.170,5000000000,5017915000
2025-12-26,10:55:01,TFIT34130358,97.037,12.360,1000000000,1065055000
2025-12-26,10:55:01,TFIT34130358,96.998,12.365,5000000000,5323325000
2025-12-26,10:55:09,TFIT05220829,96.534,12.180,1000000000,1003313000
2025-12-26,10:55:16,TFIT11240135,96.809,12.344,1000000000,1076254000
2025-12-26,10:55:16,TFIT11240135,96.799,12.346,4000000000,4304616000
2025-12-26,10:55:20,TFIT16281140,102.459,12.373,5000000000,5171855000
2025-12-26,10:59:41,TFIT16300632,77.022,12.310,1000000000,804549000
2025-12-26,10:59:56,TFIT16280428,89.003,11.600,1000000000,929811000
2025-12-26,11:00:05,TFIT16280428,89.003,11.600,4000000000,3719244000
2025-12-26,11:00:05,TFIT16280428,88.994,11.605,1000000000,929721000
2025-12-26,11:00:48,TFIT16090736,66.249,12.061,5000000000,3458000000
2025-12-26,11:01:20,TFIT16181034,74.205,12.170,5000000000,3778775000
2025-12-26,11:01:30,TFIT21280542,79.196,12.225,1000000000,845686000
2025-12-26,11:01:39,TFIT23250746,93.510,12.360,1000000000,983621000
2025-12-26,11:01:47,TFIT16090736,66.122,12.090,5000000000,3451650000
2025-12-26,11:01:47,TFIT16090736,66.087,12.098,5000000000,3449900000
2025-12-26,11:01:47,TFIT16090736,66.087,12.098,5000000000,3449900000
2025-12-26,11:01:47,TFIT16090736,66.083,12.099,5000000000,3449700000
2025-12-26,11:01:58,TFIT11240135,96.690,12.367,1000000000,1075064000
2025-12-26,11:02:01,TFIT05220829,96.526,12.183,5000000000,5016165000
2025-12-26,11:02:02,TFIT05220829,96.520,12.185,5000000000,5015865000
2025-12-26,11:03:50,TFIT10260331,80.055,12.370,1000000000,853290000
2025-12-26,11:04:23,TFIT11090233,103.952,12.365,1000000000,1155684000
2025-12-26,11:08:19,TFIT05220829,96.481,12.199,1500000000,1504174500
2025-12-26,11:08:19,TFIT05220829,96.479,12.200,3500000000,3509670500
2025-12-26,11:58:11,TFIT34130358,97.037,12.360,5000000000,5325275000
2025-12-26,12:05:15,TFIT16281140,102.412,12.380,1000000000,1033901000
2025-12-26,12:05:16,TFIT16281140,102.310,12.395,1000000000,1032881000
2025-12-26,12:20:16,TFIT16280428,89.075,11.560,5000000000,4652655000
2025-12-26,12:20:16,TFIT16280428,89.078,11.559,10000000000,9305610000
2025-12-26,12:20:16,TFIT16280428,89.080,11.557,5000000000,4652905000
2025-12-26,12:20:16,TFIT16280428,89.082,11.556,5000000000,4653005000
2025-12-26,12:20:16,TFIT16280428,89.105,11.544,5000000000,4654155000
2025-12-26,12:20:16,TFIT16280428,89.107,11.542,5000000000,4654255000
2025-12-26,12:20:16,TFIT16280428,89.107,11.542,5000000000,4654255000
2025-12-26,12:21:21,TFIT21280542,79.715,12.136,1000000000,850876000
2025-12-26,12:38:30,TFIT05220829,96.561,12.170,5000000000,5017915000
2025-12-26,12:41:48,TFIT05220829,96.534,12.180,1000000000,1003313000
2025-12-26,12:44:47,TFIT16281140,102.141,12.420,1500000000,1546786500
2025-12-26,12:44:47,TFIT16281140,102.059,12.432,5000000000,5151855000
2025-12-26,12:44:47,TFIT16281140,102.059,12.432,5000000000,5151855000
2025-12-26,12:44:47,TFIT16281140,102.005,12.440,3500000000,3604408500
2025-12-26,12:44:54,TFIT34130358,97.007,12.364,5000000000,5323775000
2025-12-26,12:45:00,TFIT05220829,96.534,12.180,2000000000,2006626000
2025-12-26,12:57:58,TFIT16280428,89.127,11.531,5000000000,4655255000
2025-12-26,12:57:58,TFIT16280428,89.127,11.531,5000000000,4655255000
2025-12-26,12:57:58,TFIT16280428,89.129,11.530,5000000000,4655355000
2025-12-26,12:57:58,TFIT16280428,89.163,11.511,5000000000,4657055000
2025-12-26,12:57:58,TFIT16280428,89.165,11.510,5000000000,4657155000
2025-12-26,12:57:58,TFIT16280428,89.165,11.510,5000000000,4657155000
2025-12-26,12:58:51,TFIT05220829,96.614,12.151,1000000000,1004113000
2025-12-26,12:58:51,TFIT05220829,96.642,12.141,1000000000,1004393000
2025-12-26,12:58:51,TFIT05220829,96.644,12.140,3000000000,3013239000
2025-12-26,12:59:16,TFIT16180930,84.356,12.279,5000000000,4322905000
2025-12-26,12:59:16,TFIT16180930,84.356,12.279,5000000000,4322905000
2025-12-26,12:59:59,TFIT16280428,89.164,11.511,5000000000,4657105000
2025-12-29,08:28:05,TFIT08031127,91.669,10.951,5000000000,4627560000
2025-12-29,08:30:13,TFIT08031127,91.596,10.999,5000000000,4623910000
2025-12-29,08:30:15,TFIT16281140,101.402,12.529,5000000000,5124245000
2025-12-29,08:30:15,TFIT16281140,101.396,12.530,5000000000,5123945000
2025-12-29,08:30:21,TFIT16281140,101.342,12.538,5000000000,5121245000
2025-12-29,08:51:34,TFIT05220829,96.231,12.292,1000000000,1001187000
2025-12-29,08:51:34,TFIT05220829,96.203,12.302,5000000000,5004535000
2025-12-29,08:51:34,TFIT05220829,96.203,12.302,4000000000,4003628000
2025-12-29,08:51:48,TFIT05220829,96.203,12.302,1000000000,1000907000
2025-12-29,09:39:07,TFIT05220829,96.192,12.306,3000000000,3002391000
2025-12-29,09:41:05,TFIT11240135,95.759,12.550,1000000000,1066720000
2025-12-29,09:49:10,TFIT05220829,96.165,12.316,5000000000,5002635000
2025-12-29,09:49:10,TFIT05220829,96.165,12.316,5000000000,5002635000
2025-12-29,09:49:10,TFIT05220829,96.167,12.315,5000000000,5002735000
2025-12-29,09:51:43,TFIT05220829,96.099,12.340,5000000000,4999335000
2025-12-29,10:03:10,TFIT16280428,88.647,11.819,10000000000,9267440000
2025-12-29,10:03:10,TFIT16280428,88.645,11.820,5000000000,4633620000
2025-12-29,10:03:10,TFIT11240135,95.414,12.618,5000000000,5316350000
2025-12-29,10:03:10,TFIT11240135,95.409,12.619,5000000000,5316100000
2025-12-29,10:03:10,TFIT11240135,95.394,12.622,5000000000,5315350000
2025-12-29,10:03:10,TFIT11240135,95.389,12.623,5000000000,5315100000
2025-12-29,10:03:10,TFIT11240135,95.379,12.625,5000000000,5314600000
2025-12-29,10:03:11,TFIT21280542,78.252,12.390,5000000000,4185030000
2025-12-29,10:03:11,TFIT21280542,78.212,12.397,5000000000,4183030000
2025-12-29,10:03:11,TFIT05220829,96.072,12.350,1000000000,999597000
2025-12-29,10:03:11,TFIT05220829,96.025,12.367,1000000000,999127000
2025-12-29,10:03:11,TFIT05220829,96.020,12.369,1000000000,999077000
2025-12-29,10:03:11,TFIT05220829,95.992,12.379,5000000000,4993985000
2025-12-29,10:03:11,TFIT05220829,95.989,12.380,5000000000,4993835000
2025-12-29,10:03:11,TFIT05220829,95.989,12.380,20000000000,19975340000
2025-12-29,10:03:11,TFIT05220829,95.989,12.380,5000000000,4993835000
2025-12-29,10:03:11,TFIT05220829,95.976,12.385,5000000000,4993185000
2025-12-29,10:03:11,TFIT05220829,95.940,12.398,5000000000,4991385000
2025-12-29,10:03:11,TFIT05220829,95.940,12.398,1000000000,998277000
2025-12-29,10:03:11,TFIT05220829,95.938,12.399,2000000000,1996514000
2025-12-29,10:03:11,TFIT05220829,95.938,12.399,2000000000,1996514000
2025-12-29,10:03:11,TFIT05220829,95.935,12.400,5000000000,4991135000
2025-12-29,10:03:11,TFIT05220829,95.935,12.400,5000000000,4991135000
2025-12-29,10:03:11,TFIT05220829,95.935,12.400,5000000000,4991135000
2025-12-29,10:03:11,TFIT05220829,95.935,12.400,5000000000,4991135000
2025-12-29,10:03:11,TFIT05220829,95.907,12.410,10000000000,9979470000
2025-12-29,10:03:11,TFIT05220829,95.812,12.445,5000000000,4984985000
2025-12-29,10:03:11,TFIT05220829,95.801,12.449,5000000000,4984435000
2025-12-29,10:03:11,TFIT05220829,95.801,12.449,5000000000,4984435000
2025-12-29,10:03:11,TFIT05220829,95.798,12.450,20000000000,19937140000
2025-12-29,10:03:11,TFIT05220829,95.798,12.450,5000000000,4984285000
2025-12-29,10:03:12,TFIT16181034,73.033,12.450,5000000000,3723155000
2025-12-29,10:03:13,TFIT34130358,95.225,12.600,20000000000,20958420000
2025-12-29,10:03:14,TFIT34130358,95.225,12.600,5000000000,5239605000
2025-12-29,10:03:16,TFIT23250746,91.471,12.658,5000000000,4820880000
2025-12-29,10:03:16,TFIT23250746,91.398,12.669,5000000000,4817230000
2025-12-29,10:03:17,TFIT05220829,95.662,12.500,5000000000,4977485000
2025-12-29,10:03:19,TFIT05220829,95.662,12.500,10000000000,9954970000
2025-12-29,10:03:21,TFIT16280428,88.609,11.840,5000000000,4631820000
2025-12-29,10:03:27,TFIT16300632,76.176,12.550,5000000000,3983320000
2025-12-29,10:03:36,TFIT05220829,95.662,12.500,2000000000,1990994000
2025-12-29,10:03:36,TFIT11240135,95.379,12.625,5000000000,5314600000
2025-12-29,10:03:44,TFIT23250746,91.264,12.689,5000000000,4810530000
2025-12-29,10:03:48,TFIT05220829,95.662,12.500,3000000000,2986491000
2025-12-29,10:03:49,TFIT05220829,95.662,12.500,2000000000,1990994000
2025-12-29,10:03:54,TFIT31261050,60.450,12.448,5000000000,3086060000
2025-12-29,10:03:57,TFIT16180930,83.462,12.579,3000000000,2568834000
2025-12-29,10:03:59,TFIT05220829,95.659,12.501,5000000000,4977335000
2025-12-29,10:04:01,TFIT05220829,95.662,12.500,8000000000,7963976000
2025-12-29,10:04:03,TFIT16181034,72.824,12.500,5000000000,3712705000
2025-12-29,10:04:13,TFIT16181034,72.741,12.520,5000000000,3708555000
2025-12-29,10:04:14,TFIT16181034,72.741,12.520,5000000000,3708555000
2025-12-29,10:09:43,TFIT16090736,65.104,12.329,5500000000,3743646500
2025-12-29,10:12:34,TFIT16090736,65.057,12.340,5000000000,3400965000
2025-12-29,10:38:47,TFIT05220829,95.613,12.518,5000000000,4975035000
2025-12-29,10:38:47,TFIT05220829,95.594,12.525,5000000000,4974085000
2025-12-29,10:38:47,TFIT05220829,95.570,12.534,5000000000,4972885000
2025-12-29,10:38:47,TFIT05220829,95.565,12.535,5000000000,4972635000
2025-12-29,10:38:47,TFIT05220829,95.559,12.538,15000000000,14917005000
2025-12-29,10:38:47,TFIT05220829,95.529,12.549,5000000000,4970835000
2025-12-29,10:38:53,TFIT34130358,94.869,12.648,1000000000,1044361000
2025-12-29,10:38:58,TFIT34130358,94.869,12.648,4000000000,4177444000
2025-12-29,10:54:26,TFIT11090233,102.402,12.699,5000000000,5706365000
2025-12-29,10:54:30,TFIT11090233,102.402,12.699,5000000000,5706365000
2025-12-29,11:18:45,TFIT05220829,95.670,12.497,1000000000,995577000
2025-12-29,11:19:34,TFIT05220829,95.670,12.497,1000000000,995577000
2025-12-29,11:20:15,TFIT05220829,95.670,12.497,3000000000,2986731000
2025-12-29,11:20:15,TFIT05220829,95.670,12.497,5000000000,4977885000
2025-12-29,11:20:15,TFIT05220829,95.676,12.495,5000000000,4978185000
2025-12-29,11:20:43,TFIT05220829,95.716,12.480,1500000000,1494055500
2025-12-29,12:00:17,TFIT34130358,95.113,12.615,20000000000,20936020000
2025-12-29,12:00:17,TFIT34130358,94.995,12.631,5000000000,5228105000
2025-12-29,12:00:17,TFIT05220829,95.662,12.500,5000000000,4977485000
2025-12-29,12:04:48,TFIT16280428,88.488,11.908,10000000000,9251540000
2025-12-29,12:08:51,TFIT16280428,88.501,11.901,5000000000,4626420000
2025-12-29,12:08:51,TFIT16280428,88.503,11.900,5000000000,4626520000
2025-12-29,12:11:25,TFIT10260331,79.411,12.580,1000000000,847425000
2025-12-29,12:12:50,TFIT16090736,64.950,12.365,10000000000,6791230000
2025-12-29,12:13:28,TFIT16180930,83.607,12.531,1000000000,857728000
2025-12-29,12:14:52,TFIT16090736,64.887,12.380,10000000000,6784930000
2025-12-29,12:14:56,TFIT16090736,64.887,12.380,10000000000,6784930000
2025-12-29,12:16:54,TFIT16090736,64.887,12.380,5000000000,3392465000
2025-12-29,12:18:57,TFIT05220829,95.798,12.450,1000000000,996857000
2025-12-29,12:21:01,TFIT16090736,64.730,12.417,5000000000,3384615000
2025-12-29,12:21:01,TFIT16090736,64.721,12.419,5000000000,3384165000
2025-12-29,12:21:01,TFIT16090736,64.700,12.424,5000000000,3383115000
2025-12-29,12:21:01,TFIT16090736,64.658,12.434,10000000000,6762030000
2025-12-29,12:26:47,TFIT34130358,94.936,12.639,5000000000,5225155000
2025-12-29,12:46:12,TFIT05220829,95.635,12.510,5000000000,4976135000
2025-12-29,12:46:21,TFIT05220829,95.635,12.510,5000000000,4976135000
2025-12-29,12:52:58,TFIT05220829,95.635,12.510,5000000000,4976135000
2025-12-29,12:53:22,TFIT05220829,95.635,12.510,5000000000,4976135000
2025-12-29,12:55:41,TFIT16280428,88.451,11.929,15000000000,13871760000
2025-12-29,12:55:41,TFIT16280428,88.451,11.929,15000000000,13871760000
2025-12-29,12:55:41,TFIT16280428,88.449,11.930,5000000000,4623820000
2025-12-29,12:55:41,TFIT16280428,88.378,11.970,5000000000,4620270000
2025-12-29,12:55:41,TFIT16280428,88.325,12.000,5000000000,4617620000
2025-12-29,12:55:41,TFIT16280428,88.325,12.000,5000000000,4617620000
2025-12-29,12:55:41,TFIT16280428,88.242,12.047,20000000000,18453880000
2025-12-29,12:55:41,TFIT16280428,88.237,12.050,5000000000,4613220000
2025-12-29,12:55:42,TFIT05220829,95.608,12.520,5000000000,4974785000
2025-12-29,12:55:47,TFIT23250746,90.924,12.740,5000000000,4793530000
2025-12-29,12:55:51,TFIT23250746,90.924,12.740,5000000000,4793530000
2025-12-29,12:55:58,TFIT16280428,88.237,12.050,5000000000,4613220000
2025-12-29,12:56:33,TFIT23250746,90.924,12.740,3000000000,2876118000
2025-12-30,08:19:51,TFIT16281140,98.326,13.000,5000000000,4972190000
2025-12-30,08:19:51,TFIT16281140,98.326,13.000,5000000000,4972190000
2025-12-30,08:21:00,TFIT16180930,82.208,13.000,10000000000,8439500000
2025-12-30,08:22:05,TFIT05220829,94.317,13.000,5000000000,4911740000
2025-12-30,08:30:37,TFIT16280428,87.463,12.498,5000000000,4575340000
2025-12-30,08:36:23,TFIT05220829,94.322,12.998,1000000000,982398000
2025-12-30,08:36:23,TFIT05220829,94.318,12.999,2000000000,1964716000
2025-12-30,08:38:08,TFIT31261050,58.292,12.900,5000000000,2979155000
2025-12-30,08:46:05,TFIT05220829,94.318,12.999,5000000000,4911790000
2025-12-30,08:48:25,TFIT05220829,94.317,13.000,5000000000,4911740000
2025-12-30,08:48:26,TFIT05220829,94.304,13.005,1000000000,982218000
2025-12-30,08:48:27,TFIT05220829,94.298,13.007,5000000000,4910790000
2025-12-30,08:55:52,TFIT31261050,58.287,12.901,5000000000,2978905000
2025-12-30,08:56:37,TFIT31261050,58.292,12.900,5000000000,2979155000
2025-12-30,08:57:49,TFIT08031127,90.990,11.416,5000000000,4594395000
2025-12-30,09:04:46,TFIT16280428,87.260,12.615,6000000000,5478228000
2025-12-30,09:14:55,TFIT31261050,58.440,12.868,5000000000,2986555000
2025-12-30,09:14:55,TFIT31261050,58.445,12.867,5000000000,2986805000
2025-12-30,09:30:52,TFIT16280428,87.428,12.518,5000000000,4573590000
2025-12-30,09:30:52,TFIT16280428,87.430,12.517,5000000000,4573690000
2025-12-30,09:30:52,TFIT16280428,87.432,12.516,5000000000,4573790000
2025-12-30,09:30:52,TFIT16280428,87.434,12.515,15000000000,13721670000
2025-12-30,09:30:58,TFIT16280428,87.434,12.515,5000000000,4573890000
2025-12-30,09:32:26,TFIT16280428,87.434,12.515,20000000000,18295560000
2025-12-30,09:41:21,TFIT10260331,78.014,13.030,5000000000,4168235000
2025-12-30,09:55:04,TFIT16281140,98.326,13.000,2000000000,1988876000
2025-12-30,10:02:02,TFIT16280428,87.407,12.530,2000000000,1829016000
2025-12-30,10:02:06,TFIT16280428,87.407,12.530,10000000000,9145080000
2025-12-30,10:02:47,TFIT05220829,94.384,12.975,2000000000,1966036000
2025-12-30,10:02:52,TFIT05220829,94.384,12.975,3000000000,2949054000
2025-12-30,10:02:56,TFIT16280428,87.407,12.530,10000000000,9145080000
2025-12-30,10:03:25,TFIT05220829,94.410,12.965,5000000000,4916390000
2025-12-30,10:10:03,TFIT16090736,63.592,12.690,5000000000,3328575000
2025-12-30,10:16:00,TFIT16280428,87.338,12.570,16000000000,14621088000
2025-12-30,10:17:41,TFIT23250746,89.675,12.930,5000000000,4732655000
2025-12-30,10:19:13,TFIT05220829,94.317,13.000,5000000000,4911740000
2025-12-30,10:21:45,TFIT11240135,93.368,13.029,5000000000,5215660000
2025-12-30,10:21:51,TFIT11240135,93.364,13.030,5000000000,5215460000
2025-12-30,10:25:33,TFIT16280428,87.343,12.567,5000000000,4569340000
2025-12-30,10:27:12,TFIT16281140,98.326,13.000,10000000000,9944380000
2025-12-30,10:27:19,TFIT16180930,82.116,13.031,11000000000,9273330000
2025-12-30,10:27:20,TFIT16180930,82.107,13.034,5000000000,4214700000
2025-12-30,10:28:32,TFIT16280428,87.343,12.567,5000000000,4569340000
2025-12-30,10:33:01,TFIT05220829,94.418,12.962,6500000000,6391827000
2025-12-30,10:33:01,TFIT05220829,94.432,12.957,2000000000,1966996000
2025-12-30,10:33:01,TFIT05220829,94.434,12.956,3000000000,2950554000
2025-12-30,10:33:01,TFIT05220829,94.437,12.955,5000000000,4917740000
2025-12-30,10:33:01,TFIT05220829,94.440,12.954,6000000000,5901468000
2025-12-30,10:33:01,TFIT05220829,94.464,12.945,1500000000,1475727000
2025-12-30,10:33:01,TFIT05220829,94.479,12.939,5000000000,4919840000
2025-12-30,10:33:01,TFIT05220829,94.480,12.939,5000000000,4919890000
2025-12-30,10:33:01,TFIT05220829,94.480,12.939,5000000000,4919890000
2025-12-30,10:33:11,TFIT16280428,87.416,12.525,5000000000,4572990000
2025-12-30,10:33:14,TFIT16280428,87.424,12.520,10000000000,9146780000
2025-12-30,10:33:15,TFIT16090736,63.663,12.673,5000000000,3332125000
2025-12-30,10:33:15,TFIT16090736,63.717,12.660,5000000000,3334825000
2025-12-30,10:33:15,TFIT16090736,63.754,12.651,5000000000,3336675000
2025-12-30,10:33:21,TFIT05220829,94.499,12.932,6000000000,5905008000
2025-12-30,10:34:05,TFIT11240135,93.658,12.970,5000000000,5230160000
2025-12-30,10:34:30,TFIT11240135,93.658,12.970,5000000000,5230160000
2025-12-30,10:35:16,TFIT08031127,90.984,11.420,5000000000,4594095000
2025-12-30,10:38:54,TFIT11240135,93.757,12.950,5000000000,5235110000
2025-12-30,10:38:57,TFIT05220829,94.850,12.801,5000000000,4938390000
2025-12-30,10:50:58,TFIT11090233,101.891,12.811,5000000000,5682630000
2025-12-30,10:50:58,TFIT11090233,101.896,12.810,5000000000,5682880000
2025-12-30,10:50:58,TFIT11090233,101.941,12.800,5000000000,5685130000
2025-12-30,10:50:58,TFIT11090233,101.946,12.799,7000000000,7959532000
2025-12-30,10:51:03,TFIT16181034,72.163,12.661,5000000000,3680650000
2025-12-30,10:51:13,TFIT16181034,72.167,12.660,5000000000,3680850000
2025-12-30,10:51:42,TFIT16281140,99.282,12.851,5000000000,5019990000
2025-12-30,10:51:42,TFIT16281140,99.282,12.851,5000000000,5019990000
2025-12-30,10:51:42,TFIT16281140,99.289,12.850,5000000000,5020340000
2025-12-30,10:52:15,TFIT21280542,77.028,12.608,5000000000,4125100000
2025-12-30,10:52:15,TFIT21280542,77.034,12.607,10000000000,8250800000
2025-12-30,10:52:15,TFIT21280542,77.055,12.603,5000000000,4126450000
2025-12-30,10:53:05,TFIT11240135,93.975,12.906,5000000000,5246010000
2025-12-30,10:53:05,TFIT11240135,93.980,12.905,10000000000,10492520000
2025-12-30,10:56:02,TFIT05220829,94.686,12.862,5000000000,4930190000
2025-12-30,10:56:02,TFIT05220829,94.839,12.805,20000000000,19751360000
2025-12-30,10:56:02,TFIT05220829,94.850,12.801,5000000000,4938390000
2025-12-30,10:56:02,TFIT05220829,94.853,12.800,5000000000,4938540000
2025-12-30,10:57:50,TFIT05220829,94.831,12.808,5000000000,4937440000
2025-12-30,10:57:50,TFIT05220829,94.850,12.801,5000000000,4938390000
2025-12-30,10:57:50,TFIT05220829,94.853,12.800,5000000000,4938540000
2025-12-30,11:01:12,TFIT05220829,94.850,12.801,5000000000,4938390000
2025-12-30,11:05:47,TFIT05220829,94.885,12.788,5000000000,4940140000
2025-12-30,11:18:56,TFIT05220829,94.827,12.809,5000000000,4937240000
2025-12-30,11:38:40,TFIT21280542,76.685,12.670,1000000000,821590000
2025-12-30,11:40:30,TFIT05220829,94.639,12.879,5000000000,4927840000
2025-12-30,11:44:41,TFIT16280428,87.474,12.492,5000000000,4575890000
2025-12-30,11:44:49,TFIT05220829,94.611,12.890,10000000000,9852880000
2025-12-30,11:44:53,TFIT16280428,87.474,12.492,5000000000,4575890000
2025-12-30,11:45:04,TFIT16280428,87.455,12.503,2000000000,1829976000
2025-12-30,11:49:44,TFIT16300632,74.945,12.900,1000000000,784546000
2025-12-30,11:53:11,TFIT16300632,74.928,12.905,1000000000,784376000
2025-12-30,11:56:47,TFIT16300632,74.928,12.905,1000000000,784376000
2025-12-30,11:59:06,TFIT16281140,98.645,12.950,5000000000,4988140000
2025-12-30,12:04:56,TFIT21280542,76.685,12.670,1000000000,821590000
2025-12-30,12:06:08,TFIT21280542,76.685,12.670,1000000000,821590000
2025-12-30,12:08:55,TFIT11090233,101.486,12.900,1000000000,1132476000
2025-12-30,12:09:00,TFIT11090233,101.486,12.900,4000000000,4529904000
2025-12-30,12:09:19,TFIT11240135,93.802,12.941,1000000000,1047472000
2025-12-30,12:09:33,TFIT05220829,94.646,12.877,5000000000,4928190000
2025-12-30,12:09:33,TFIT05220829,94.692,12.860,2000000000,1972196000
2025-12-30,12:09:33,TFIT05220829,94.710,12.853,5000000000,4931390000
2025-12-30,12:09:33,TFIT05220829,94.713,12.852,5000000000,4931540000
2025-12-30,12:09:33,TFIT05220829,94.718,12.850,6000000000,5918148000
2025-12-30,12:09:33,TFIT05220829,94.718,12.850,10000000000,9863580000
2025-12-30,12:09:33,TFIT05220829,94.721,12.849,7000000000,6904716000
2025-12-30,12:09:37,TFIT11240135,93.802,12.941,5000000000,5237360000
2025-12-30,12:09:42,TFIT05220829,94.721,12.849,13000000000,12823044000
2025-12-30,12:09:48,TFIT21280542,76.795,12.650,1000000000,822690000
2025-12-30,12:19:02,TFIT16180930,82.586,12.873,5000000000,4238650000
2025-12-30,12:19:02,TFIT16180930,82.588,12.872,5000000000,4238750000
2025-12-30,12:24:26,TFIT34130358,92.974,12.910,1000000000,1025740000
2025-12-30,12:24:36,TFIT05220829,94.724,12.848,5000000000,4932090000
2025-12-30,12:24:36,TFIT05220829,94.732,12.845,10000000000,9864980000
2025-12-30,12:24:36,TFIT05220829,94.740,12.842,5000000000,4932890000
2025-12-30,12:24:36,TFIT05220829,94.743,12.841,10000000000,9866080000
2025-12-30,12:24:42,TFIT05220829,94.761,12.834,5000000000,4933940000
2025-12-30,12:24:43,TFIT05220829,94.794,12.822,10000000000,9871180000
2025-12-30,12:32:24,TFIT23250746,90.262,12.840,1000000000,952401000
2025-12-30,12:37:24,TFIT10260331,78.286,12.942,5000000000,4181835000
2025-12-30,12:37:24,TFIT10260331,78.079,13.009,5000000000,4171485000
2025-12-30,12:37:24,TFIT10260331,78.079,13.009,5000000000,4171485000
2025-12-30,12:37:24,TFIT10260331,78.076,13.010,10000000000,8342670000
2025-12-30,12:37:24,TFIT10260331,78.070,13.012,10000000000,8342070000
2025-12-30,12:37:24,TFIT10260331,78.067,13.013,5000000000,4170885000
2025-12-30,12:37:24,TFIT10260331,78.067,13.013,5000000000,4170885000
2025-12-30,12:37:25,TFIT11240135,93.737,12.954,5000000000,5234110000
2025-12-30,12:37:25,TFIT11240135,93.732,12.955,5000000000,5233860000
2025-12-30,12:37:25,TFIT11240135,93.732,12.955,5000000000,5233860000
2025-12-30,12:37:25,TFIT11240135,93.708,12.960,5000000000,5232660000
2025-12-30,12:37:25,TFIT11240135,93.683,12.965,5000000000,5231410000
2025-12-30,12:37:25,TFIT11240135,93.683,12.965,5000000000,5231410000
2025-12-30,12:37:25,TFIT11240135,93.659,12.970,5000000000,5230210000
2025-12-30,12:37:25,TFIT11240135,93.658,12.970,5000000000,5230160000
2025-12-30,12:37:25,TFIT11240135,93.658,12.970,5000000000,5230160000
2025-12-30,12:37:25,TFIT11240135,93.658,12.970,5000000000,5230160000
2025-12-30,12:37:25,TFIT11240135,93.619,12.978,5000000000,5228210000
2025-12-30,12:37:25,TFIT11240135,93.590,12.984,5000000000,5226760000
2025-12-30,12:37:25,TFIT11240135,93.590,12.984,5000000000,5226760000
2025-12-30,12:37:25,TFIT16180930,82.359,12.949,5000000000,4227300000
2025-12-30,12:37:25,TFIT16180930,82.356,12.950,5000000000,4227150000
2025-12-30,12:37:25,TFIT16180930,82.267,12.980,5000000000,4222700000
2025-12-30,12:37:25,TFIT16180930,82.223,12.995,5000000000,4220500000
2025-12-30,12:37:25,TFIT16180930,82.211,12.999,3000000000,2531940000
2025-12-30,12:37:25,TFIT16180930,82.211,12.999,5000000000,4219900000
2025-12-30,12:37:25,TFIT16180930,82.096,13.038,5000000000,4214150000
2025-12-30,12:37:25,TFIT16180930,82.078,13.044,5000000000,4213250000
2025-12-30,12:37:25,TFIT16180930,82.063,13.049,2000000000,1685000000
2025-12-30,12:37:36,TFIT10260331,78.064,13.014,5000000000,4170735000
2025-12-30,12:37:44,TFIT16280428,87.462,12.499,1000000000,915058000
2025-12-30,12:37:45,TFIT05220829,94.646,12.877,5000000000,4928190000
2025-12-30,12:37:54,TFIT16300632,74.875,12.920,1000000000,783846000
2025-12-30,12:38:26,TFIT05220829,94.641,12.879,5000000000,4927940000
2025-12-30,12:39:03,TFIT16280428,87.462,12.499,5000000000,4575290000
2025-12-30,12:39:29,TFIT16280428,87.460,12.500,10000000000,9150380000
2025-12-30,12:41:44,TFIT05220829,94.587,12.899,5000000000,4925240000
2025-12-30,12:41:49,TFIT05220829,94.587,12.899,5000000000,4925240000
2025-12-30,12:43:41,TFIT34130358,91.996,13.049,1000000000,1015960000
2025-12-30,12:43:44,TFIT31261050,58.575,12.839,5000000000,2993305000
2025-12-30,12:43:44,TFIT31261050,58.570,12.840,5000000000,2993055000
2025-12-30,12:43:44,TFIT31261050,58.566,12.841,1500000000,897856500
2025-12-30,12:44:50,TFIT16281140,98.460,12.979,5000000000,4978890000
2025-12-30,12:45:45,TFIT16281140,98.460,12.979,5000000000,4978890000
2025-12-30,12:47:21,TFIT16281140,98.326,13.000,1000000000,994438000
2025-12-30,12:47:25,TFIT31261050,58.570,12.840,5000000000,2993055000
2025-12-30,12:47:25,TFIT31261050,58.566,12.841,2500000000,1496427500
2025-12-30,12:48:15,TFIT21280542,75.973,12.800,1500000000,1221705000
2025-12-30,12:56:24,TFIT11240135,93.021,13.100,5000000000,5198310000
2025-12-30,12:56:36,TFIT11240135,93.021,13.100,5000000000,5198310000
2025-12-30,12:56:37,TFIT31261050,58.566,12.841,1000000000,598571000
2025-12-30,12:56:42,TFIT11240135,93.021,13.100,5000000000,5198310000
2025-12-30,12:56:55,TFIT11240135,93.021,13.100,5000000000,5198310000
2025-12-30,12:57:38,TFIT11240135,93.021,13.100,5000000000,5198310000
2025-12-30,12:57:38,TFIT16280428,87.404,12.532,20000000000,18289560000
2025-12-30,12:57:47,TFIT16280428,87.402,12.533,5000000000,4572290000
2025-12-30,12:57:47,TFIT16181034,71.189,12.900,1000000000,726390000
2025-12-30,12:58:10,TFIT05220829,94.512,12.927,5000000000,4921490000
2025-12-30,12:58:14,TFIT05220829,94.512,12.927,5000000000,4921490000
2025-12-30,12:58:17,TFIT05220829,94.509,12.928,5000000000,4921340000
2025-12-30,12:59:04,TFIT23250746,88.774,13.070,10000000000,9375210000
2025-12-30,12:59:38,TFIT16280428,87.455,12.503,7000000000,6404916000
2025-12-30,12:59:40,TFIT15260826,98.564,9.739,5000000000,5057650000
